sha256,representative_path,active_script_group,active_closure_group,active_copy_count,all_copy_count,disposition,candidate_ids,basis,measurement_method,authority,source_metadata_role,static_flags,review_depth,optimization_disposition,source_authorities,source_routing,known_callers_lexical,current_source_hashes,changed_sources,candidate_ids_final,distribution_copies,observed_module_loads,observed_function_entries,verification_entry,evidence_basis,measurement_limit
00ae52a70004e9ff9c660265f8c37da559f18e68fc11c048c3937e85ea6fe2b0,submodules/yss-harness-design-agent/scripts/lib/digital-human-roles.mjs,True,False,2,2,static-no-confirmed-hotspot,,词法/路径分类，未证明性能正常,按真实调用频率与输入规模采样；有证据再扩大分析,unknown-unless-candidate-explicitly-establishes-source,library,"{""process_spawn"": false, ""tree_io"": false, ""network"": false, ""mutation"": false, ""sleep"": false, ""loop"": true}",manual-candidate-or-automatic-classification-not-function-level-proof,测量后保留,"[""submodules/yss-harness-design-agent/scripts/lib/digital-human-roles.mjs""]","{""submodules/yss-harness-design-agent/scripts/lib/digital-human-roles.mjs"": ""所属 Harness 持有 profile 变体；仅移植已核对的性能变更 → 所属 CLI sync-template""}","[""submodules/create-yss-strategic-design/template/scripts/fixtures/strategic-handoff/fixture.mjs"", ""submodules/create-yss-strategic-design/template/scripts/lib/approval-record.mjs"", ""submodules/create-yss-strategic-design/template/scripts/lib/harness-profile.mjs"", ""submodules/create-yss-strategic-design/template/scripts/lib/strategic-handoff.mjs"", ""submodules/create-yss-strategic-design/template/scripts/lib/task-package.mjs"", ""submodules/create-yss-strategic-design/template/scripts/lib/user-decision.mjs"", ""submodules/create-yss-strategic-design/template/scripts/verify-digital-human-roles"", ""submodules/create-yss-strategic-design/template/scripts/verify-digital-human-roles-scenarios"", ""submodules/create-yss-strategic-design/template/scripts/verify-plan-spec-entry-scenarios"", ""submodules/yss-harness-design-agent/scripts/fixtures/strategic-handoff/fixture.mjs"", ""submodules/yss-harness-design-agent/scripts/lib/approval-record.mjs"", ""submodules/yss-harness-design-agent/scripts/lib/harness-profile.mjs"", ""submodules/yss-harness-design-agent/scripts/lib/strategic-handoff.mjs"", ""submodules/yss-harness-design-agent/scripts/lib/task-package.mjs"", ""submodules/yss-harness-design-agent/scripts/lib/user-decision.mjs"", ""submodules/yss-harness-design-agent/scripts/verify-digital-human-roles"", ""submodules/yss-harness-design-agent/scripts/verify-digital-human-roles-scenarios"", ""submodules/yss-harness-design-agent/scripts/verify-plan-spec-entry-scenarios""]","{""submodules/yss-harness-design-agent/scripts/lib/digital-human-roles.mjs"": ""00ae52a70004e9ff9c660265f8c37da559f18e68fc11c048c3937e85ea6fe2b0""}",[],,"[""submodules/create-yss-strategic-design/template/scripts/lib/digital-human-roles.mjs""]",0,0,logs/validation-after-recovery-0.stdout; runs.jsonl; final-refresh-results.json; distribution-results-corrected.json,采样维护入口调用频次、目录/输入规模后未取得应增加复杂度的独立热点证据；保留现实现。 未取得可绑定此 SHA 的 V8 加载样本；临时模块可能已随夹具清理，不能把缺少可绑定样本解释成线上零调用或性能正常。,V8 观察是维护夹具入口频次，非线上调用频率；未观察到的实现未作逐函数性能通过声明。输入尺度详见 report.md。
02e94032f2db7aa456d42fcf500c6ffa3964ef3d5aefbc45d95274f295c621c9,submodules/yss-harness-frontend-agent/scripts/lib/lifecycle-transition.mjs,True,False,1,1,static-no-confirmed-hotspot,,词法/路径分类，未证明性能正常,按真实调用频率与输入规模采样；有证据再扩大分析,unknown-unless-candidate-explicitly-establishes-source,library,"{""process_spawn"": false, ""tree_io"": false, ""network"": false, ""mutation"": false, ""sleep"": false, ""loop"": false}",manual-candidate-or-automatic-classification-not-function-level-proof,测量后保留,"[""submodules/yss-harness-frontend-agent/scripts/lib/lifecycle-transition.mjs""]","{""submodules/yss-harness-frontend-agent/scripts/lib/lifecycle-transition.mjs"": ""所属 Harness 持有 profile 变体；仅移植已核对的性能变更 → 所属 CLI sync-template""}","[""submodules/yss-harness-frontend-agent/scripts/lib/scenario-checks.mjs"", ""submodules/yss-harness-frontend-agent/scripts/lib/task-package.mjs"", ""submodules/yss-harness-frontend-agent/scripts/verify-frontend-delivery-scenarios"", ""submodules/yss-harness-frontend-agent/scripts/verify-lifecycle-transition-scenarios""]","{""submodules/yss-harness-frontend-agent/scripts/lib/lifecycle-transition.mjs"": ""02e94032f2db7aa456d42fcf500c6ffa3964ef3d5aefbc45d95274f295c621c9""}",[],,[],0,0,logs/validation-after-recovery-0.stdout; runs.jsonl; final-refresh-results.json; distribution-results-corrected.json,采样维护入口调用频次、目录/输入规模后未取得应增加复杂度的独立热点证据；保留现实现。 未取得可绑定此 SHA 的 V8 加载样本；临时模块可能已随夹具清理，不能把缺少可绑定样本解释成线上零调用或性能正常。,V8 观察是维护夹具入口频次，非线上调用频率；未观察到的实现未作逐函数性能通过声明。输入尺度详见 report.md。
033609270cc867da0fdc210f6ddf8fab57bfd06e85fb4ddf78245b85287deb07,submodules/yss-harness-dev-agent/scripts/verify-scaffold-architecture-decisions,True,False,4,4,candidate-caller,P01,命中候选函数/调用链；可能含字符串/注释，非独立瓶颈证明,沿实际调用链归因，见候选设计；不要据regex删除检查,unknown-unless-candidate-explicitly-establishes-source,cli,"{""process_spawn"": false, ""tree_io"": false, ""network"": false, ""mutation"": false, ""sleep"": false, ""loop"": true}",manual-candidate-or-automatic-classification-not-function-level-proof,测量后保留,"[""submodules/yss-harness-backend-agent/scripts/verify-scaffold-architecture-decisions"", ""submodules/yss-harness-dev-agent/scripts/verify-scaffold-architecture-decisions"", ""submodules/yss-harness-frontend-agent/scripts/verify-scaffold-architecture-decisions""]","{""submodules/yss-harness-backend-agent/scripts/verify-scaffold-architecture-decisions"": ""所属 Harness 持有 profile 变体；仅移植已核对的性能变更 → 所属 CLI sync-template"", ""submodules/yss-harness-dev-agent/scripts/verify-scaffold-architecture-decisions"": ""所属 Harness 持有 profile 变体；仅移植已核对的性能变更 → 所属 CLI sync-template"", ""submodules/yss-harness-frontend-agent/scripts/verify-scaffold-architecture-decisions"": ""所属 Harness 持有 profile 变体；仅移植已核对的性能变更 → 所属 CLI sync-template""}","[""submodules/create-yss-harness-dev/template/scripts/verify-scaffold-architecture-decision-scenarios"", ""submodules/create-yss-harness-dev/template/scripts/verify-scaffold-architecture-decisions"", ""submodules/yss-harness-backend-agent/scripts/verify-scaffold-architecture-decision-scenarios"", ""submodules/yss-harness-backend-agent/scripts/verify-scaffold-architecture-decisions"", ""submodules/yss-harness-dev-agent/scripts/verify-scaffold-architecture-decision-scenarios"", ""submodules/yss-harness-dev-agent/scripts/verify-scaffold-architecture-decisions"", ""submodules/yss-harness-frontend-agent/scripts/verify-scaffold-architecture-decision-scenarios"", ""submodules/yss-harness-frontend-agent/scripts/verify-scaffold-architecture-decisions""]","{""submodules/yss-harness-backend-agent/scripts/verify-scaffold-architecture-decisions"": ""033609270cc867da0fdc210f6ddf8fab57bfd06e85fb4ddf78245b85287deb07"", ""submodules/yss-harness-dev-agent/scripts/verify-scaffold-architecture-decisions"": ""033609270cc867da0fdc210f6ddf8fab57bfd06e85fb4ddf78245b85287deb07"", ""submodules/yss-harness-frontend-agent/scripts/verify-scaffold-architecture-decisions"": ""033609270cc867da0fdc210f6ddf8fab57bfd06e85fb4ddf78245b85287deb07""}",[],P01,"[""submodules/create-yss-harness-dev/template/scripts/verify-scaffold-architecture-decisions""]",0,0,logs/validation-after-recovery-0.stdout; runs.jsonl; final-refresh-results.json; distribution-results-corrected.json,采样维护入口调用频次、目录/输入规模后未取得应增加复杂度的独立热点证据；保留现实现。 未取得可绑定此 SHA 的 V8 加载样本；临时模块可能已随夹具清理，不能把缺少可绑定样本解释成线上零调用或性能正常。,V8 观察是维护夹具入口频次，非线上调用频率；未观察到的实现未作逐函数性能通过声明。输入尺度详见 report.md。
039affa62d7d07d7381135408ee81570396061d53908a8d57869f4177295cb89,submodules/yss-harness-dev-agent/.agents/skills/yss-layered-mvc-scaffold-generator/scripts/scaffold-generator.test.mjs,True,False,3,9,fixture-test-only,,断言/回归入口；是否启动真实环境需沿callee区分,隔离执行对应测试，区分mock/真实构建/外部资源,unknown-unless-candidate-explicitly-establishes-source,test,"{""process_spawn"": true, ""tree_io"": true, ""network"": false, ""mutation"": true, ""sleep"": false, ""loop"": true}",manual-candidate-or-automatic-classification-not-function-level-proof,测量后保留,"[""submodules/yss-harness-backend-agent/.agents/skills/yss-layered-mvc-scaffold-generator/scripts/scaffold-generator.test.mjs"", ""submodules/yss-harness-dev-agent/.agents/skills/yss-layered-mvc-scaffold-generator/scripts/scaffold-generator.test.mjs""]","{""submodules/yss-harness-backend-agent/.agents/skills/yss-layered-mvc-scaffold-generator/scripts/scaffold-generator.test.mjs"": ""所属仓 .agents/skills 权威目录 → update-skill-lock / sync-skills → 所属 CLI sync-template"", ""submodules/yss-harness-dev-agent/.agents/skills/yss-layered-mvc-scaffold-generator/scripts/scaffold-generator.test.mjs"": ""所属仓 .agents/skills 权威目录 → update-skill-lock / sync-skills → 所属 CLI sync-template""}",[],"{""submodules/yss-harness-backend-agent/.agents/skills/yss-layered-mvc-scaffold-generator/scripts/scaffold-generator.test.mjs"": ""039affa62d7d07d7381135408ee81570396061d53908a8d57869f4177295cb89"", ""submodules/yss-harness-dev-agent/.agents/skills/yss-layered-mvc-scaffold-generator/scripts/scaffold-generator.test.mjs"": ""039affa62d7d07d7381135408ee81570396061d53908a8d57869f4177295cb89""}",[],,"[""submodules/create-yss-harness-dev/template/.agents/skills/yss-layered-mvc-scaffold-generator/scripts/scaffold-generator.test.mjs""]",0,0,logs/validation-after-recovery-0.stdout; runs.jsonl; final-refresh-results.json; distribution-results-corrected.json,采样维护入口调用频次、目录/输入规模后未取得应增加复杂度的独立热点证据；保留现实现。 未取得可绑定此 SHA 的 V8 加载样本；临时模块可能已随夹具清理，不能把缺少可绑定样本解释成线上零调用或性能正常。,V8 观察是维护夹具入口频次，非线上调用频率；未观察到的实现未作逐函数性能通过声明。输入尺度详见 report.md。
040cf68a1f774ae44c50315f62dd67d2df143baea27e43e7f95510ee0e21d254,submodules/yss-harness-dev-agent/scripts/verify-scaffold-architecture-decision-scenarios,True,False,4,4,fixture-test-only,,断言/回归入口；是否启动真实环境需沿callee区分,隔离执行对应测试，区分mock/真实构建/外部资源,unknown-unless-candidate-explicitly-establishes-source,cli,"{""process_spawn"": true, ""tree_io"": true, ""network"": false, ""mutation"": true, ""sleep"": false, ""loop"": true}",manual-candidate-or-automatic-classification-not-function-level-proof,测量后保留,"[""submodules/yss-harness-backend-agent/scripts/verify-scaffold-architecture-decision-scenarios"", ""submodules/yss-harness-dev-agent/scripts/verify-scaffold-architecture-decision-scenarios"", ""submodules/yss-harness-frontend-agent/scripts/verify-scaffold-architecture-decision-scenarios""]","{""submodules/yss-harness-backend-agent/scripts/verify-scaffold-architecture-decision-scenarios"": ""所属 Harness 持有 profile 变体；仅移植已核对的性能变更 → 所属 CLI sync-template"", ""submodules/yss-harness-dev-agent/scripts/verify-scaffold-architecture-decision-scenarios"": ""所属 Harness 持有 profile 变体；仅移植已核对的性能变更 → 所属 CLI sync-template"", ""submodules/yss-harness-frontend-agent/scripts/verify-scaffold-architecture-decision-scenarios"": ""所属 Harness 持有 profile 变体；仅移植已核对的性能变更 → 所属 CLI sync-template""}",[],"{""submodules/yss-harness-backend-agent/scripts/verify-scaffold-architecture-decision-scenarios"": ""040cf68a1f774ae44c50315f62dd67d2df143baea27e43e7f95510ee0e21d254"", ""submodules/yss-harness-dev-agent/scripts/verify-scaffold-architecture-decision-scenarios"": ""040cf68a1f774ae44c50315f62dd67d2df143baea27e43e7f95510ee0e21d254"", ""submodules/yss-harness-frontend-agent/scripts/verify-scaffold-architecture-decision-scenarios"": ""040cf68a1f774ae44c50315f62dd67d2df143baea27e43e7f95510ee0e21d254""}",[],,"[""submodules/create-yss-harness-dev/template/scripts/verify-scaffold-architecture-decision-scenarios""]",0,0,logs/validation-after-recovery-0.stdout; runs.jsonl; final-refresh-results.json; distribution-results-corrected.json,采样维护入口调用频次、目录/输入规模后未取得应增加复杂度的独立热点证据；保留现实现。 未取得可绑定此 SHA 的 V8 加载样本；临时模块可能已随夹具清理，不能把缺少可绑定样本解释成线上零调用或性能正常。,V8 观察是维护夹具入口频次，非线上调用频率；未观察到的实现未作逐函数性能通过声明。输入尺度详见 report.md。
0434c31903b831382a91e85a329bcbcb39b32f29c656273a273f896b3b0a42e7,.agents/skills/archify/scripts/generate-brand-marks.mjs,True,False,6,26,static-no-confirmed-hotspot,,词法/路径分类，未证明性能正常,按真实调用频率与输入规模采样；有证据再扩大分析,unknown-unless-candidate-explicitly-establishes-source,cli,"{""process_spawn"": false, ""tree_io"": false, ""network"": false, ""mutation"": true, ""sleep"": false, ""loop"": true}",manual-candidate-or-automatic-classification-not-function-level-proof,测量后保留,"["".agents/skills/archify/scripts/generate-brand-marks.mjs"", ""submodules/yss-harness-backend-agent/.agents/skills/archify/scripts/generate-brand-marks.mjs"", ""submodules/yss-harness-dev-agent/.agents/skills/archify/scripts/generate-brand-marks.mjs"", ""submodules/yss-harness-frontend-agent/.agents/skills/archify/scripts/generate-brand-marks.mjs""]","{"".agents/skills/archify/scripts/generate-brand-marks.mjs"": ""所属仓 .agents/skills 权威目录 → update-skill-lock / sync-skills → 所属 CLI sync-template"", ""submodules/yss-harness-backend-agent/.agents/skills/archify/scripts/generate-brand-marks.mjs"": ""所属仓 .agents/skills 权威目录 → update-skill-lock / sync-skills → 所属 CLI sync-template"", ""submodules/yss-harness-dev-agent/.agents/skills/archify/scripts/generate-brand-marks.mjs"": ""所属仓 .agents/skills 权威目录 → update-skill-lock / sync-skills → 所属 CLI sync-template"", ""submodules/yss-harness-frontend-agent/.agents/skills/archify/scripts/generate-brand-marks.mjs"": ""所属仓 .agents/skills 权威目录 → update-skill-lock / sync-skills → 所属 CLI sync-template""}",[],"{"".agents/skills/archify/scripts/generate-brand-marks.mjs"": ""0434c31903b831382a91e85a329bcbcb39b32f29c656273a273f896b3b0a42e7"", ""submodules/yss-harness-backend-agent/.agents/skills/archify/scripts/generate-brand-marks.mjs"": ""0434c31903b831382a91e85a329bcbcb39b32f29c656273a273f896b3b0a42e7"", ""submodules/yss-harness-dev-agent/.agents/skills/archify/scripts/generate-brand-marks.mjs"": ""0434c31903b831382a91e85a329bcbcb39b32f29c656273a273f896b3b0a42e7"", ""submodules/yss-harness-frontend-agent/.agents/skills/archify/scripts/generate-brand-marks.mjs"": ""0434c31903b831382a91e85a329bcbcb39b32f29c656273a273f896b3b0a42e7""}",[],,"[""submodules/create-yss-harness-dev/template/.agents/skills/archify/scripts/generate-brand-marks.mjs"", ""submodules/create-yss-spec/template/.agents/skills/archify/scripts/generate-brand-marks.mjs""]",0,0,logs/validation-after-recovery-0.stdout; runs.jsonl; final-refresh-results.json; distribution-results-corrected.json,采样维护入口调用频次、目录/输入规模后未取得应增加复杂度的独立热点证据；保留现实现。 未取得可绑定此 SHA 的 V8 加载样本；临时模块可能已随夹具清理，不能把缺少可绑定样本解释成线上零调用或性能正常。,V8 观察是维护夹具入口频次，非线上调用频率；未观察到的实现未作逐函数性能通过声明。输入尺度详见 report.md。
0444f9a8011e7ace80813620ac06f2f8e3f033fe4d64c51c53b16342746acd53,submodules/yss-harness-dev-agent/scripts/verify-template-verification-scenarios,True,False,2,2,fixture-test-only,,断言/回归入口；是否启动真实环境需沿callee区分,隔离执行对应测试，区分mock/真实构建/外部资源,unknown-unless-candidate-explicitly-establishes-source,cli,"{""process_spawn"": false, ""tree_io"": false, ""network"": false, ""mutation"": false, ""sleep"": false, ""loop"": false}",manual-candidate-or-automatic-classification-not-function-level-proof,测量后保留,"[""submodules/yss-harness-dev-agent/scripts/verify-template-verification-scenarios""]","{""submodules/yss-harness-dev-agent/scripts/verify-template-verification-scenarios"": ""所属 Harness 持有 profile 变体；仅移植已核对的性能变更 → 所属 CLI sync-template""}","[""submodules/create-yss-harness-dev/template/scripts/verify-template-verification-scenarios"", ""submodules/yss-harness-dev-agent/scripts/verify-template-verification-scenarios""]","{""submodules/yss-harness-dev-agent/scripts/verify-template-verification-scenarios"": ""0444f9a8011e7ace80813620ac06f2f8e3f033fe4d64c51c53b16342746acd53""}",[],,"[""submodules/create-yss-harness-dev/template/scripts/verify-template-verification-scenarios""]",0,0,logs/validation-after-recovery-0.stdout; runs.jsonl; final-refresh-results.json; distribution-results-corrected.json,采样维护入口调用频次、目录/输入规模后未取得应增加复杂度的独立热点证据；保留现实现。 未取得可绑定此 SHA 的 V8 加载样本；临时模块可能已随夹具清理，不能把缺少可绑定样本解释成线上零调用或性能正常。,V8 观察是维护夹具入口频次，非线上调用频率；未观察到的实现未作逐函数性能通过声明。输入尺度详见 report.md。
052a687ff8fe40bf72e64f30b12799588d862608d7226c0121915dd8a4f37c2b,submodules/yss-harness-backend-agent/scripts/verify-frontend-implementation-evidence-scenarios,True,False,1,1,fixture-test-only,,断言/回归入口；是否启动真实环境需沿callee区分,隔离执行对应测试，区分mock/真实构建/外部资源,unknown-unless-candidate-explicitly-establishes-source,cli,"{""process_spawn"": true, ""tree_io"": true, ""network"": false, ""mutation"": true, ""sleep"": false, ""loop"": true}",manual-candidate-or-automatic-classification-not-function-level-proof,测量后保留,"[""submodules/yss-harness-backend-agent/scripts/verify-frontend-implementation-evidence-scenarios""]","{""submodules/yss-harness-backend-agent/scripts/verify-frontend-implementation-evidence-scenarios"": ""所属 Harness 持有 profile 变体；仅移植已核对的性能变更 → 所属 CLI sync-template""}",[],"{""submodules/yss-harness-backend-agent/scripts/verify-frontend-implementation-evidence-scenarios"": ""052a687ff8fe40bf72e64f30b12799588d862608d7226c0121915dd8a4f37c2b""}",[],,[],0,0,logs/validation-after-recovery-0.stdout; runs.jsonl; final-refresh-results.json; distribution-results-corrected.json,采样维护入口调用频次、目录/输入规模后未取得应增加复杂度的独立热点证据；保留现实现。 未取得可绑定此 SHA 的 V8 加载样本；临时模块可能已随夹具清理，不能把缺少可绑定样本解释成线上零调用或性能正常。,V8 观察是维护夹具入口频次，非线上调用频率；未观察到的实现未作逐函数性能通过声明。输入尺度详见 report.md。
060b6b80a79cdb5fdcfdf9ed66b7f975e5877632227f68de82782a99fa08c77d,scripts/lib/scaffold-local-database.mjs,True,False,6,6,static-no-confirmed-hotspot,,词法/路径分类，未证明性能正常,按真实调用频率与输入规模采样；有证据再扩大分析,unknown-unless-candidate-explicitly-establishes-source,library,"{""process_spawn"": false, ""tree_io"": false, ""network"": false, ""mutation"": false, ""sleep"": false, ""loop"": false}",manual-candidate-or-automatic-classification-not-function-level-proof,测量后保留,"[""scripts/lib/scaffold-local-database.mjs"", ""submodules/yss-harness-backend-agent/scripts/lib/scaffold-local-database.mjs"", ""submodules/yss-harness-dev-agent/scripts/lib/scaffold-local-database.mjs"", ""submodules/yss-harness-frontend-agent/scripts/lib/scaffold-local-database.mjs""]","{""scripts/lib/scaffold-local-database.mjs"": ""本体脚本权威；通过本体 CLI manifest/sync-template 分发；入口由完整核验 profile 选择"", ""submodules/yss-harness-backend-agent/scripts/lib/scaffold-local-database.mjs"": ""所属 Harness 持有 profile 变体；仅移植已核对的性能变更 → 所属 CLI sync-template"", ""submodules/yss-harness-dev-agent/scripts/lib/scaffold-local-database.mjs"": ""所属 Harness 持有 profile 变体；仅移植已核对的性能变更 → 所属 CLI sync-template"", ""submodules/yss-harness-frontend-agent/scripts/lib/scaffold-local-database.mjs"": ""所属 Harness 持有 profile 变体；仅移植已核对的性能变更 → 所属 CLI sync-template""}","["".agents/skills/yss-ddd-scaffold-generator/scripts/generate_scaffold.mjs"", "".agents/skills/yss-ddd-scaffold-generator/scripts/run_scaffold_verification.mjs"", "".agents/skills/yss-layered-mvc-scaffold-generator/scripts/generate_scaffold.mjs"", ""submodules/create-yss-harness-dev/template/.agents/skills/yss-ddd-scaffold-generator/scripts/generate_scaffold.mjs"", ""submodules/create-yss-harness-dev/template/.agents/skills/yss-ddd-scaffold-generator/scripts/run_scaffold_verification.mjs"", ""submodules/create-yss-harness-dev/template/.agents/skills/yss-layered-mvc-scaffold-generator/scripts/generate_scaffold.mjs"", ""submodules/create-yss-spec/template/.agents/skills/yss-ddd-scaffold-generator/scripts/generate_scaffold.mjs"", ""submodules/create-yss-spec/template/.agents/skills/yss-ddd-scaffold-generator/scripts/run_scaffold_verification.mjs"", ""submodules/create-yss-spec/template/.agents/skills/yss-layered-mvc-scaffold-generator/scripts/generate_scaffold.mjs"", ""submodules/yss-harness-backend-agent/.agents/skills/yss-ddd-scaffold-generator/scripts/generate_scaffold.mjs"", ""submodules/yss-harness-backend-agent/.agents/skills/yss-ddd-scaffold-generator/scripts/run_scaffold_verification.mjs"", ""submodules/yss-harness-backend-agent/.agents/skills/yss-layered-mvc-scaffold-generator/scripts/generate_scaffold.mjs"", ""submodules/yss-harness-dev-agent/.agents/skills/yss-ddd-scaffold-generator/scripts/generate_scaffold.mjs"", ""submodules/yss-harness-dev-agent/.agents/skills/yss-ddd-scaffold-generator/scripts/run_scaffold_verification.mjs"", ""submodules/yss-harness-dev-agent/.agents/skills/yss-layered-mvc-scaffold-generator/scripts/generate_scaffold.mjs""]","{""scripts/lib/scaffold-local-database.mjs"": ""060b6b80a79cdb5fdcfdf9ed66b7f975e5877632227f68de82782a99fa08c77d"", ""submodules/yss-harness-backend-agent/scripts/lib/scaffold-local-database.mjs"": ""060b6b80a79cdb5fdcfdf9ed66b7f975e5877632227f68de82782a99fa08c77d"", ""submodules/yss-harness-dev-agent/scripts/lib/scaffold-local-database.mjs"": ""060b6b80a79cdb5fdcfdf9ed66b7f975e5877632227f68de82782a99fa08c77d"", ""submodules/yss-harness-frontend-agent/scripts/lib/scaffold-local-database.mjs"": ""060b6b80a79cdb5fdcfdf9ed66b7f975e5877632227f68de82782a99fa08c77d""}",[],,"[""submodules/create-yss-harness-dev/template/scripts/lib/scaffold-local-database.mjs"", ""submodules/create-yss-spec/template/scripts/lib/scaffold-local-database.mjs""]",40,115,logs/validation-after-recovery-0.stdout; runs.jsonl; final-refresh-results.json; distribution-results-corrected.json,采样维护入口调用频次、目录/输入规模后未取得应增加复杂度的独立热点证据；保留现实现。,V8 观察是维护夹具入口频次，非线上调用频率；未观察到的实现未作逐函数性能通过声明。输入尺度详见 report.md。
065e2ba223752f4a81a48f31eea41625e9f638547605ff4736297f38b0a0a8e0,scripts/instantiate-harness,True,False,8,8,candidate-caller,P06,已核对枚举/同步；strategic同步会比较字节再写，已具无变化快路,只读源码抽样核对；隔离真实输入计时；若关联候选则采用其验证设计,unknown-unless-candidate-explicitly-establishes-source,cli,"{""process_spawn"": true, ""tree_io"": true, ""network"": false, ""mutation"": true, ""sleep"": false, ""loop"": true}",manual-candidate-or-automatic-classification-not-function-level-proof,测量后保留,"[""scripts/instantiate-harness""]","{""scripts/instantiate-harness"": ""本体脚本权威；通过本体 CLI manifest/sync-template 分发；入口由完整核验 profile 选择""}","["".template-source/cli-core/build.mjs"", "".template-source/cli-core/io.mjs"", "".template-source/cli-core/scaffold.mjs"", "".template-source/scripts/verify-delivery-harness-distribution.mjs"", ""scripts/sync-strategic-handoff-tools"", ""submodules/create-yss-spec/template/scripts/sync-strategic-handoff-tools"", ""submodules/yss-harness-backend-agent/scripts/lib/instance-distribution.mjs"", ""submodules/yss-harness-frontend-agent/scripts/lib/instance-distribution.mjs""]","{""scripts/instantiate-harness"": ""065e2ba223752f4a81a48f31eea41625e9f638547605ff4736297f38b0a0a8e0""}",[],P06,"[""submodules/create-yss-harness-dev/template/scripts/instantiate-harness"", ""submodules/create-yss-spec/template/scripts/instantiate-harness"", ""submodules/create-yss-strategic-design/template/scripts/instantiate-harness"", ""submodules/yss-harness-backend-agent/scripts/instantiate-harness"", ""submodules/yss-harness-design-agent/scripts/instantiate-harness"", ""submodules/yss-harness-dev-agent/scripts/instantiate-harness"", ""submodules/yss-harness-frontend-agent/scripts/instantiate-harness""]",0,0,logs/validation-after-recovery-0.stdout; runs.jsonl; final-refresh-results.json; distribution-results-corrected.json,采样维护入口调用频次、目录/输入规模后未取得应增加复杂度的独立热点证据；保留现实现。 未取得可绑定此 SHA 的 V8 加载样本；临时模块可能已随夹具清理，不能把缺少可绑定样本解释成线上零调用或性能正常。,V8 观察是维护夹具入口频次，非线上调用频率；未观察到的实现未作逐函数性能通过声明。输入尺度详见 report.md。
06853e5283530904025f0b7378be746b170f76712f42ceb1a89d4cbddc439c9c,.template-source/cli-core/io.mjs,False,True,3,3,candidate-caller,P08,已核对逐级safe/lstat与文件digest；按bundle/init实际调用次数测量,只读源码抽样核对；隔离真实输入计时；若关联候选则采用其验证设计,unknown-unless-candidate-explicitly-establishes-source,library,"{""process_spawn"": false, ""tree_io"": true, ""network"": false, ""mutation"": true, ""sleep"": false, ""loop"": true}",manual-candidate-or-automatic-classification-not-function-level-proof,测量后保留,"["".template-source/cli-core/io.mjs""]","{"".template-source/cli-core/io.mjs"": ""本体 canonical core → sync-core → 专职 CLI vendor（临时仓已验证，正式锁待提交）""}","["".template-source/cli-core/build.mjs"", "".template-source/cli-core/bundle.mjs"", "".template-source/cli-core/cli.mjs"", "".template-source/cli-core/engine.mjs"", "".template-source/cli-core/identity.mjs"", "".template-source/cli-core/scaffold.mjs"", "".template-source/cli-core/transaction.mjs"", "".template-source/cli-core/update.mjs"", ""submodules/create-yss-harness-backend/vendor/cli-core/build.mjs"", ""submodules/create-yss-harness-backend/vendor/cli-core/bundle.mjs"", ""submodules/create-yss-harness-backend/vendor/cli-core/cli.mjs"", ""submodules/create-yss-harness-backend/vendor/cli-core/engine.mjs"", ""submodules/create-yss-harness-backend/vendor/cli-core/identity.mjs"", ""submodules/create-yss-harness-backend/vendor/cli-core/transaction.mjs"", ""submodules/create-yss-harness-backend/vendor/cli-core/update.mjs"", ""submodules/create-yss-harness-frontend/vendor/cli-core/build.mjs"", ""submodules/create-yss-harness-frontend/vendor/cli-core/bundle.mjs"", ""submodules/create-yss-harness-frontend/vendor/cli-core/cli.mjs"", ""submodules/create-yss-harness-frontend/vendor/cli-core/engine.mjs"", ""submodules/create-yss-harness-frontend/vendor/cli-core/identity.mjs"", ""submodules/create-yss-harness-frontend/vendor/cli-core/transaction.mjs"", ""submodules/create-yss-harness-frontend/vendor/cli-core/update.mjs""]","{"".template-source/cli-core/io.mjs"": ""06853e5283530904025f0b7378be746b170f76712f42ceb1a89d4cbddc439c9c""}",[],P08,"[""submodules/create-yss-harness-backend/vendor/cli-core/io.mjs"", ""submodules/create-yss-harness-frontend/vendor/cli-core/io.mjs""]",157,6174308,logs/validation-after-recovery-0.stdout; runs.jsonl; final-refresh-results.json; distribution-results-corrected.json,采样维护入口调用频次、目录/输入规模后未取得应增加复杂度的独立热点证据；保留现实现。,V8 观察是维护夹具入口频次，非线上调用频率；未观察到的实现未作逐函数性能通过声明。输入尺度详见 report.md。
082a32678aa00cd9d2ebb4573874a6362ebbb961ff0b0b5f89fbeae3b1ad7ad0,submodules/yss-harness-design-agent/scripts/verify-lifecycle-transition-scenarios,True,False,2,2,fixture-test-only,,断言/回归入口；是否启动真实环境需沿callee区分,隔离执行对应测试，区分mock/真实构建/外部资源,unknown-unless-candidate-explicitly-establishes-source,cli,"{""process_spawn"": false, ""tree_io"": false, ""network"": true, ""mutation"": false, ""sleep"": false, ""loop"": true}",manual-candidate-or-automatic-classification-not-function-level-proof,测量后保留,"[""submodules/yss-harness-design-agent/scripts/verify-lifecycle-transition-scenarios""]","{""submodules/yss-harness-design-agent/scripts/verify-lifecycle-transition-scenarios"": ""所属 Harness 持有 profile 变体；仅移植已核对的性能变更 → 所属 CLI sync-template""}","[""submodules/create-yss-strategic-design/template/scripts/verify-template-verification-scenarios"", ""submodules/yss-harness-design-agent/scripts/verify-template-verification-scenarios""]","{""submodules/yss-harness-design-agent/scripts/verify-lifecycle-transition-scenarios"": ""082a32678aa00cd9d2ebb4573874a6362ebbb961ff0b0b5f89fbeae3b1ad7ad0""}",[],,"[""submodules/create-yss-strategic-design/template/scripts/verify-lifecycle-transition-scenarios""]",0,0,logs/validation-after-recovery-0.stdout; runs.jsonl; final-refresh-results.json; distribution-results-corrected.json,采样维护入口调用频次、目录/输入规模后未取得应增加复杂度的独立热点证据；保留现实现。 未取得可绑定此 SHA 的 V8 加载样本；临时模块可能已随夹具清理，不能把缺少可绑定样本解释成线上零调用或性能正常。,V8 观察是维护夹具入口频次，非线上调用频率；未观察到的实现未作逐函数性能通过声明。输入尺度详见 report.md。
0968a1c5daafdf1ba628c97eff5134b03054aab79e6c2a6fcb5a6f8f9eec445e,submodules/yss-harness-design-agent/scripts/lib/skill-governance.mjs,True,False,2,2,static-no-confirmed-hotspot,,词法/路径分类，未证明性能正常,按真实调用频率与输入规模采样；有证据再扩大分析,unknown-unless-candidate-explicitly-establishes-source,library,"{""process_spawn"": false, ""tree_io"": false, ""network"": false, ""mutation"": false, ""sleep"": false, ""loop"": true}",manual-candidate-or-automatic-classification-not-function-level-proof,测量后保留,"[""submodules/yss-harness-design-agent/scripts/lib/skill-governance.mjs""]","{""submodules/yss-harness-design-agent/scripts/lib/skill-governance.mjs"": ""所属 Harness 持有 profile 变体；仅移植已核对的性能变更 → 所属 CLI sync-template""}","[""submodules/create-yss-strategic-design/template/scripts/verify-skill-governance"", ""submodules/yss-harness-design-agent/scripts/verify-skill-governance""]","{""submodules/yss-harness-design-agent/scripts/lib/skill-governance.mjs"": ""0968a1c5daafdf1ba628c97eff5134b03054aab79e6c2a6fcb5a6f8f9eec445e""}",[],,"[""submodules/create-yss-strategic-design/template/scripts/lib/skill-governance.mjs""]",0,0,logs/validation-after-recovery-0.stdout; runs.jsonl; final-refresh-results.json; distribution-results-corrected.json,采样维护入口调用频次、目录/输入规模后未取得应增加复杂度的独立热点证据；保留现实现。 未取得可绑定此 SHA 的 V8 加载样本；临时模块可能已随夹具清理，不能把缺少可绑定样本解释成线上零调用或性能正常。,V8 观察是维护夹具入口频次，非线上调用频率；未观察到的实现未作逐函数性能通过声明。输入尺度详见 report.md。
09c2b420c944baf62c3410188abe24c3d50de07519ffc639aefcf35ec307889a,submodules/yss-harness-design-agent/.template-source/tooling/node/scripts/design-md.mjs,True,False,1,1,static-no-confirmed-hotspot,,词法/路径分类，未证明性能正常,按真实调用频率与输入规模采样；有证据再扩大分析,unknown-unless-candidate-explicitly-establishes-source,cli,"{""process_spawn"": true, ""tree_io"": false, ""network"": false, ""mutation"": true, ""sleep"": false, ""loop"": true}",manual-candidate-or-automatic-classification-not-function-level-proof,测量后保留,"[""submodules/yss-harness-design-agent/.template-source/tooling/node/scripts/design-md.mjs""]","{""submodules/yss-harness-design-agent/.template-source/tooling/node/scripts/design-md.mjs"": ""所属 Harness 持有 profile 变体；仅移植已核对的性能变更 → 所属 CLI sync-template""}",[],"{""submodules/yss-harness-design-agent/.template-source/tooling/node/scripts/design-md.mjs"": ""09c2b420c944baf62c3410188abe24c3d50de07519ffc639aefcf35ec307889a""}",[],,[],0,0,logs/validation-after-recovery-0.stdout; runs.jsonl; final-refresh-results.json; distribution-results-corrected.json,采样维护入口调用频次、目录/输入规模后未取得应增加复杂度的独立热点证据；保留现实现。 未取得可绑定此 SHA 的 V8 加载样本；临时模块可能已随夹具清理，不能把缺少可绑定样本解释成线上零调用或性能正常。,V8 观察是维护夹具入口频次，非线上调用频率；未观察到的实现未作逐函数性能通过声明。输入尺度详见 report.md。
0a44376667661e8ed4b3f72594aad3f81e6e7199780f9fedfe6371339de35b9c,submodules/yss-harness-dev-agent/scripts/node-verify-lifecycle-registry.mjs,True,False,3,4,candidate-caller,P01,命中候选函数/调用链；可能含字符串/注释，非独立瓶颈证明,沿实际调用链归因，见候选设计；不要据regex删除检查,unknown-unless-candidate-explicitly-establishes-source,cli,"{""process_spawn"": true, ""tree_io"": false, ""network"": false, ""mutation"": false, ""sleep"": false, ""loop"": true}",manual-candidate-or-automatic-classification-not-function-level-proof,测量后保留,"[""submodules/yss-harness-backend-agent/scripts/node-verify-lifecycle-registry.mjs"", ""submodules/yss-harness-dev-agent/scripts/node-verify-lifecycle-registry.mjs""]","{""submodules/yss-harness-backend-agent/scripts/node-verify-lifecycle-registry.mjs"": ""所属 Harness 持有 profile 变体；仅移植已核对的性能变更 → 所属 CLI sync-template"", ""submodules/yss-harness-dev-agent/scripts/node-verify-lifecycle-registry.mjs"": ""所属 Harness 持有 profile 变体；仅移植已核对的性能变更 → 所属 CLI sync-template""}","[""submodules/create-yss-harness-dev/template/scripts/verify-lifecycle-registry"", ""submodules/yss-harness-backend-agent/scripts/verify-lifecycle-registry"", ""submodules/yss-harness-dev-agent/scripts/verify-lifecycle-registry""]","{""submodules/yss-harness-backend-agent/scripts/node-verify-lifecycle-registry.mjs"": ""0a44376667661e8ed4b3f72594aad3f81e6e7199780f9fedfe6371339de35b9c"", ""submodules/yss-harness-dev-agent/scripts/node-verify-lifecycle-registry.mjs"": ""0a44376667661e8ed4b3f72594aad3f81e6e7199780f9fedfe6371339de35b9c""}",[],P01,"[""submodules/create-yss-harness-dev/template/scripts/node-verify-lifecycle-registry.mjs""]",0,0,logs/validation-after-recovery-0.stdout; runs.jsonl; final-refresh-results.json; distribution-results-corrected.json,采样维护入口调用频次、目录/输入规模后未取得应增加复杂度的独立热点证据；保留现实现。 未取得可绑定此 SHA 的 V8 加载样本；临时模块可能已随夹具清理，不能把缺少可绑定样本解释成线上零调用或性能正常。,V8 观察是维护夹具入口频次，非线上调用频率；未观察到的实现未作逐函数性能通过声明。输入尺度详见 report.md。
0ad0fc8f60d4e9ab32b0a972f0ba5a61a4d10c61d4673dd838dbd70909649a6a,.agents/skills/yss-prototype-stage/scripts/prototype-contract.mjs,True,False,2,8,static-no-confirmed-hotspot,,词法/路径分类，未证明性能正常,按真实调用频率与输入规模采样；有证据再扩大分析,unknown-unless-candidate-explicitly-establishes-source,cli,"{""process_spawn"": false, ""tree_io"": true, ""network"": false, ""mutation"": true, ""sleep"": false, ""loop"": true}",manual-candidate-or-automatic-classification-not-function-level-proof,测量后保留,"["".agents/skills/yss-prototype-stage/scripts/prototype-contract.mjs""]","{"".agents/skills/yss-prototype-stage/scripts/prototype-contract.mjs"": ""所属仓 .agents/skills 权威目录 → update-skill-lock / sync-skills → 所属 CLI sync-template""}","["".agents/skills/yss-prototype-stage/tests/run-scenarios.mjs"", ""scripts/verify-template-verification-scenarios"", ""submodules/create-yss-spec/template/.agents/skills/yss-prototype-stage/tests/run-scenarios.mjs"", ""submodules/create-yss-spec/template/scripts/verify-template-verification-scenarios""]","{"".agents/skills/yss-prototype-stage/scripts/prototype-contract.mjs"": ""0ad0fc8f60d4e9ab32b0a972f0ba5a61a4d10c61d4673dd838dbd70909649a6a""}",[],,"[""submodules/create-yss-spec/template/.agents/skills/yss-prototype-stage/scripts/prototype-contract.mjs""]",2,5431,logs/validation-after-recovery-0.stdout; runs.jsonl; final-refresh-results.json; distribution-results-corrected.json,采样维护入口调用频次、目录/输入规模后未取得应增加复杂度的独立热点证据；保留现实现。,V8 观察是维护夹具入口频次，非线上调用频率；未观察到的实现未作逐函数性能通过声明。输入尺度详见 report.md。
0ad17cbfa50ffa3d0348303d4e9d8c3533df72b406fe905506839aaa10d0529b,scripts/lib/strategic-handoff.mjs,True,False,7,7,candidate,P09,直接引用源码已人工核对,见关联候选验证设计,unknown-unless-candidate-explicitly-establishes-source,library,"{""process_spawn"": false, ""tree_io"": true, ""network"": false, ""mutation"": true, ""sleep"": false, ""loop"": true}",manual-candidate-or-automatic-classification-not-function-level-proof,优化并验证,"[""scripts/lib/strategic-handoff.mjs""]","{""scripts/lib/strategic-handoff.mjs"": ""本体共享工具 → sync-strategic-handoff-tools → 四 Harness（backend wire import 适配）→ CLI 快照""}","[""scripts/lib/backend-delivery.mjs"", ""scripts/lib/frontend-delivery.mjs"", ""scripts/lib/strategic-handoff-consumption.mjs"", ""scripts/strategic-handoff"", ""scripts/verify-frontend-delivery-scenarios"", ""scripts/verify-strategic-handoff-package-scenarios"", ""submodules/create-yss-harness-dev/template/scripts/lib/backend-delivery.mjs"", ""submodules/create-yss-harness-dev/template/scripts/lib/frontend-delivery.mjs"", ""submodules/create-yss-harness-dev/template/scripts/lib/strategic-handoff-consumption.mjs"", ""submodules/create-yss-harness-dev/template/scripts/strategic-handoff"", ""submodules/create-yss-harness-dev/template/scripts/verify-frontend-delivery-scenarios"", ""submodules/create-yss-harness-dev/template/scripts/verify-strategic-handoff-package-scenarios"", ""submodules/create-yss-spec/template/scripts/lib/backend-delivery.mjs"", ""submodules/create-yss-spec/template/scripts/lib/frontend-delivery.mjs"", ""submodules/create-yss-spec/template/scripts/lib/strategic-handoff-consumption.mjs"", ""submodules/create-yss-spec/template/scripts/strategic-handoff"", ""submodules/create-yss-spec/template/scripts/verify-frontend-delivery-scenarios"", ""submodules/create-yss-spec/template/scripts/verify-strategic-handoff-package-scenarios"", ""submodules/create-yss-strategic-design/template/scripts/lib/backend-delivery.mjs"", ""submodules/create-yss-strategic-design/template/scripts/lib/frontend-delivery.mjs"", ""submodules/create-yss-strategic-design/template/scripts/lib/strategic-handoff-consumption.mjs"", ""submodules/create-yss-strategic-design/template/scripts/strategic-handoff"", ""submodules/create-yss-strategic-design/template/scripts/verify-strategic-design-handoff"", ""submodules/create-yss-strategic-design/template/scripts/verify-strategic-handoff-package-scenarios"", ""submodules/yss-harness-design-agent/scripts/lib/backend-delivery.mjs"", ""submodules/yss-harness-design-agent/scripts/lib/frontend-delivery.mjs"", ""submodules/yss-harness-design-agent/scripts/lib/strategic-handoff-consumption.mjs"", ""submodules/yss-harness-design-agent/scripts/strategic-handoff"", ""submodules/yss-harness-design-agent/scripts/verify-strategic-design-handoff"", ""submodules/yss-harness-design-agent/scripts/verify-strategic-handoff-package-scenarios"", ""submodules/yss-harness-dev-agent/scripts/lib/backend-delivery.mjs"", ""submodules/yss-harness-dev-agent/scripts/lib/frontend-delivery.mjs"", ""submodules/yss-harness-dev-agent/scripts/lib/strategic-handoff-consumption.mjs"", ""submodules/yss-harness-dev-agent/scripts/strategic-handoff"", ""submodules/yss-harness-dev-agent/scripts/verify-frontend-delivery-scenarios"", ""submodules/yss-harness-dev-agent/scripts/verify-strategic-handoff-package-scenarios"", ""submodules/yss-harness-frontend-agent/scripts/lib/backend-delivery.mjs"", ""submodules/yss-harness-frontend-agent/scripts/lib/frontend-delivery.mjs"", ""submodules/yss-harness-frontend-agent/scripts/lib/strategic-handoff-consumption.mjs"", ""submodules/yss-harness-frontend-agent/scripts/strategic-handoff"", ""submodules/yss-harness-frontend-agent/scripts/verify-frontend-delivery-scenarios"", ""submodules/yss-harness-frontend-agent/scripts/verify-strategic-handoff-package-scenarios""]","{""scripts/lib/strategic-handoff.mjs"": ""c14fa4164b222fd081da51c8c877b0c43f469736003fe9c7005d0311944b56b6""}","[""scripts/lib/strategic-handoff.mjs""]",P09,"[""submodules/create-yss-harness-dev/template/scripts/lib/strategic-handoff.mjs"", ""submodules/create-yss-spec/template/scripts/lib/strategic-handoff.mjs"", ""submodules/create-yss-strategic-design/template/scripts/lib/strategic-handoff.mjs"", ""submodules/yss-harness-design-agent/scripts/lib/strategic-handoff.mjs"", ""submodules/yss-harness-dev-agent/scripts/lib/strategic-handoff.mjs"", ""submodules/yss-harness-frontend-agent/scripts/lib/strategic-handoff.mjs""]",21,184962,logs/validation-after-recovery-0.stdout; runs.jsonl; final-refresh-results.json; distribution-results-corrected.json,权威实现或其受控 Harness 变体有本轮变更；验证以 Fresh Verification、相关场景和候选对照为依据，副本不冒充独立优化。,V8 观察是维护夹具入口频次，非线上调用频率；未观察到的实现未作逐函数性能通过声明。输入尺度详见 report.md。
0ad48f3878ca5fb84a43cfd9bf4ba690c507179d0b73fc7521257563e9fbc87b,submodules/yss-harness-design-agent/scripts/verify-instance-distribution-scenarios,True,False,2,2,fixture-test-only,,断言/回归入口；是否启动真实环境需沿callee区分,隔离执行对应测试，区分mock/真实构建/外部资源,unknown-unless-candidate-explicitly-establishes-source,cli,"{""process_spawn"": false, ""tree_io"": false, ""network"": false, ""mutation"": false, ""sleep"": false, ""loop"": true}",manual-candidate-or-automatic-classification-not-function-level-proof,测量后保留,"[""submodules/yss-harness-design-agent/scripts/verify-instance-distribution-scenarios""]","{""submodules/yss-harness-design-agent/scripts/verify-instance-distribution-scenarios"": ""所属 Harness 持有 profile 变体；仅移植已核对的性能变更 → 所属 CLI sync-template""}","[""submodules/create-yss-strategic-design/template/scripts/verify-template-verification-scenarios"", ""submodules/yss-harness-design-agent/scripts/verify-template-verification-scenarios""]","{""submodules/yss-harness-design-agent/scripts/verify-instance-distribution-scenarios"": ""0ad48f3878ca5fb84a43cfd9bf4ba690c507179d0b73fc7521257563e9fbc87b""}",[],,"[""submodules/create-yss-strategic-design/template/scripts/verify-instance-distribution-scenarios""]",0,0,logs/validation-after-recovery-0.stdout; runs.jsonl; final-refresh-results.json; distribution-results-corrected.json,采样维护入口调用频次、目录/输入规模后未取得应增加复杂度的独立热点证据；保留现实现。 未取得可绑定此 SHA 的 V8 加载样本；临时模块可能已随夹具清理，不能把缺少可绑定样本解释成线上零调用或性能正常。,V8 观察是维护夹具入口频次，非线上调用频率；未观察到的实现未作逐函数性能通过声明。输入尺度详见 report.md。
0b50a8c115b6805e6a0252bb94f997f8c8a0c6ce77bd7965fe4a500ae4f41e32,submodules/yss-harness-dev-agent/scripts/verify-instance-distribution,True,False,4,5,wrapper-follow-callee,,短包装/重导出入口；主要成本落在callee,计入口启动开销并追踪实际callee，保留兼容入口,unknown-unless-candidate-explicitly-establishes-source,wrapper,"{""process_spawn"": false, ""tree_io"": false, ""network"": false, ""mutation"": false, ""sleep"": false, ""loop"": false}",manual-candidate-or-automatic-classification-not-function-level-proof,测量后保留,"[""submodules/yss-harness-backend-agent/scripts/verify-instance-distribution"", ""submodules/yss-harness-dev-agent/scripts/verify-instance-distribution"", ""submodules/yss-harness-frontend-agent/scripts/verify-instance-distribution""]","{""submodules/yss-harness-backend-agent/scripts/verify-instance-distribution"": ""所属 Harness 持有 profile 变体；仅移植已核对的性能变更 → 所属 CLI sync-template"", ""submodules/yss-harness-dev-agent/scripts/verify-instance-distribution"": ""所属 Harness 持有 profile 变体；仅移植已核对的性能变更 → 所属 CLI sync-template"", ""submodules/yss-harness-frontend-agent/scripts/verify-instance-distribution"": ""所属 Harness 持有 profile 变体；仅移植已核对的性能变更 → 所属 CLI sync-template""}","[""submodules/create-yss-harness-dev/template/scripts/verify-template-verification-scenarios"", ""submodules/yss-harness-backend-agent/scripts/verify-template-verification-scenarios"", ""submodules/yss-harness-dev-agent/scripts/verify-template-verification-scenarios"", ""submodules/yss-harness-frontend-agent/scripts/verify-template-verification-scenarios""]","{""submodules/yss-harness-backend-agent/scripts/verify-instance-distribution"": ""0b50a8c115b6805e6a0252bb94f997f8c8a0c6ce77bd7965fe4a500ae4f41e32"", ""submodules/yss-harness-dev-agent/scripts/verify-instance-distribution"": ""0b50a8c115b6805e6a0252bb94f997f8c8a0c6ce77bd7965fe4a500ae4f41e32"", ""submodules/yss-harness-frontend-agent/scripts/verify-instance-distribution"": ""0b50a8c115b6805e6a0252bb94f997f8c8a0c6ce77bd7965fe4a500ae4f41e32""}",[],,"[""submodules/create-yss-harness-dev/template/scripts/verify-instance-distribution""]",0,0,logs/validation-after-recovery-0.stdout; runs.jsonl; final-refresh-results.json; distribution-results-corrected.json,采样维护入口调用频次、目录/输入规模后未取得应增加复杂度的独立热点证据；保留现实现。 未取得可绑定此 SHA 的 V8 加载样本；临时模块可能已随夹具清理，不能把缺少可绑定样本解释成线上零调用或性能正常。,V8 观察是维护夹具入口频次，非线上调用频率；未观察到的实现未作逐函数性能通过声明。输入尺度详见 report.md。
0c8e8ab4c19ddecd36c3b598a20dad50fbcf73ee6cc1318e59a484ff41e65198,scripts/lib/strategic-handoff-design-targets.mjs,True,False,8,8,wrapper-follow-callee,,短包装/重导出入口；主要成本落在callee,计入口启动开销并追踪实际callee，保留兼容入口,unknown-unless-candidate-explicitly-establishes-source,library,"{""process_spawn"": false, ""tree_io"": false, ""network"": false, ""mutation"": false, ""sleep"": false, ""loop"": false}",manual-candidate-or-automatic-classification-not-function-level-proof,测量后保留,"[""scripts/lib/strategic-handoff-design-targets.mjs""]","{""scripts/lib/strategic-handoff-design-targets.mjs"": ""本体共享工具 → sync-strategic-handoff-tools → 四 Harness（backend wire import 适配）→ CLI 快照""}","["".agents/skills/yss-technical-design/scripts/validate-technical-design.mjs"", ""scripts/lib/strategic-handoff-consumption.mjs"", ""submodules/create-yss-harness-dev/template/.agents/skills/yss-technical-design/scripts/validate-technical-design.mjs"", ""submodules/create-yss-harness-dev/template/scripts/lib/strategic-handoff-consumption.mjs"", ""submodules/create-yss-spec/template/.agents/skills/yss-technical-design/scripts/validate-technical-design.mjs"", ""submodules/create-yss-spec/template/scripts/lib/strategic-handoff-consumption.mjs"", ""submodules/create-yss-strategic-design/template/scripts/lib/strategic-handoff-consumption.mjs"", ""submodules/yss-harness-backend-agent/.agents/skills/yss-technical-design/scripts/validate-technical-design.mjs"", ""submodules/yss-harness-backend-agent/scripts/lib/strategic-handoff-consumption.mjs"", ""submodules/yss-harness-design-agent/scripts/lib/strategic-handoff-consumption.mjs"", ""submodules/yss-harness-dev-agent/.agents/skills/yss-technical-design/scripts/validate-technical-design.mjs"", ""submodules/yss-harness-dev-agent/scripts/lib/strategic-handoff-consumption.mjs"", ""submodules/yss-harness-frontend-agent/scripts/lib/strategic-handoff-consumption.mjs""]","{""scripts/lib/strategic-handoff-design-targets.mjs"": ""0c8e8ab4c19ddecd36c3b598a20dad50fbcf73ee6cc1318e59a484ff41e65198""}",[],,"[""submodules/create-yss-harness-dev/template/scripts/lib/strategic-handoff-design-targets.mjs"", ""submodules/create-yss-spec/template/scripts/lib/strategic-handoff-design-targets.mjs"", ""submodules/create-yss-strategic-design/template/scripts/lib/strategic-handoff-design-targets.mjs"", ""submodules/yss-harness-backend-agent/scripts/lib/strategic-handoff-design-targets.mjs"", ""submodules/yss-harness-design-agent/scripts/lib/strategic-handoff-design-targets.mjs"", ""submodules/yss-harness-dev-agent/scripts/lib/strategic-handoff-design-targets.mjs"", ""submodules/yss-harness-frontend-agent/scripts/lib/strategic-handoff-design-targets.mjs""]",18,677,logs/validation-after-recovery-0.stdout; runs.jsonl; final-refresh-results.json; distribution-results-corrected.json,采样维护入口调用频次、目录/输入规模后未取得应增加复杂度的独立热点证据；保留现实现。,V8 观察是维护夹具入口频次，非线上调用频率；未观察到的实现未作逐函数性能通过声明。输入尺度详见 report.md。
0d0459514d5d2981753cf0ecbff45634fb276598c760b77c4982f9fe3fa6e1f1,scripts/verify-strategic-context-import,True,False,8,8,candidate-caller,"P01,P02",命中候选函数/调用链；可能含字符串/注释，非独立瓶颈证明,沿实际调用链归因，见候选设计；不要据regex删除检查,unknown-unless-candidate-explicitly-establishes-source,cli,"{""process_spawn"": true, ""tree_io"": false, ""network"": false, ""mutation"": false, ""sleep"": false, ""loop"": true}",manual-candidate-or-automatic-classification-not-function-level-proof,测量后保留,"[""scripts/verify-strategic-context-import""]","{""scripts/verify-strategic-context-import"": ""本体脚本权威；通过本体 CLI manifest/sync-template 分发；入口由完整核验 profile 选择""}","[""scripts/sync-strategic-handoff-tools"", ""scripts/verify-strategic-context-import"", ""scripts/verify-strategic-context-import-scenarios"", ""submodules/create-yss-harness-dev/template/scripts/verify-strategic-context-import"", ""submodules/create-yss-harness-dev/template/scripts/verify-strategic-context-import-scenarios"", ""submodules/create-yss-spec/template/scripts/sync-strategic-handoff-tools"", ""submodules/create-yss-spec/template/scripts/verify-strategic-context-import"", ""submodules/create-yss-spec/template/scripts/verify-strategic-context-import-scenarios"", ""submodules/create-yss-strategic-design/template/scripts/verify-strategic-context-import"", ""submodules/create-yss-strategic-design/template/scripts/verify-strategic-context-import-scenarios"", ""submodules/yss-harness-backend-agent/scripts/verify-strategic-context-import"", ""submodules/yss-harness-backend-agent/scripts/verify-strategic-context-import-scenarios"", ""submodules/yss-harness-design-agent/scripts/verify-strategic-context-import"", ""submodules/yss-harness-design-agent/scripts/verify-strategic-context-import-scenarios"", ""submodules/yss-harness-dev-agent/scripts/verify-strategic-context-import"", ""submodules/yss-harness-dev-agent/scripts/verify-strategic-context-import-scenarios"", ""submodules/yss-harness-frontend-agent/scripts/verify-strategic-context-import"", ""submodules/yss-harness-frontend-agent/scripts/verify-strategic-context-import-scenarios""]","{""scripts/verify-strategic-context-import"": ""0d0459514d5d2981753cf0ecbff45634fb276598c760b77c4982f9fe3fa6e1f1""}",[],P01;P02,"[""submodules/create-yss-harness-dev/template/scripts/verify-strategic-context-import"", ""submodules/create-yss-spec/template/scripts/verify-strategic-context-import"", ""submodules/create-yss-strategic-design/template/scripts/verify-strategic-context-import"", ""submodules/yss-harness-backend-agent/scripts/verify-strategic-context-import"", ""submodules/yss-harness-design-agent/scripts/verify-strategic-context-import"", ""submodules/yss-harness-dev-agent/scripts/verify-strategic-context-import"", ""submodules/yss-harness-frontend-agent/scripts/verify-strategic-context-import""]",3,12,logs/validation-after-recovery-0.stdout; runs.jsonl; final-refresh-results.json; distribution-results-corrected.json,采样维护入口调用频次、目录/输入规模后未取得应增加复杂度的独立热点证据；保留现实现。,V8 观察是维护夹具入口频次，非线上调用频率；未观察到的实现未作逐函数性能通过声明。输入尺度详见 report.md。
0f376f2f8718952283976b01390c1175e9668f1ab6229bac9c473fd1a8b5714a,scripts/verify-openapi-yaml-first-scenarios,True,False,7,8,fixture-test-only,,断言/回归入口；是否启动真实环境需沿callee区分,隔离执行对应测试，区分mock/真实构建/外部资源,unknown-unless-candidate-explicitly-establishes-source,wrapper,"{""process_spawn"": false, ""tree_io"": false, ""network"": false, ""mutation"": false, ""sleep"": false, ""loop"": false}",manual-candidate-or-automatic-classification-not-function-level-proof,测量后保留,"[""scripts/verify-openapi-yaml-first-scenarios"", ""submodules/yss-harness-backend-agent/scripts/verify-openapi-yaml-first-scenarios"", ""submodules/yss-harness-design-agent/scripts/verify-openapi-yaml-first-scenarios"", ""submodules/yss-harness-dev-agent/scripts/verify-openapi-yaml-first-scenarios"", ""submodules/yss-harness-frontend-agent/scripts/verify-openapi-yaml-first-scenarios""]","{""scripts/verify-openapi-yaml-first-scenarios"": ""本体脚本权威；通过本体 CLI manifest/sync-template 分发；入口由完整核验 profile 选择"", ""submodules/yss-harness-backend-agent/scripts/verify-openapi-yaml-first-scenarios"": ""所属 Harness 持有 profile 变体；仅移植已核对的性能变更 → 所属 CLI sync-template"", ""submodules/yss-harness-design-agent/scripts/verify-openapi-yaml-first-scenarios"": ""所属 Harness 持有 profile 变体；仅移植已核对的性能变更 → 所属 CLI sync-template"", ""submodules/yss-harness-dev-agent/scripts/verify-openapi-yaml-first-scenarios"": ""所属 Harness 持有 profile 变体；仅移植已核对的性能变更 → 所属 CLI sync-template"", ""submodules/yss-harness-frontend-agent/scripts/verify-openapi-yaml-first-scenarios"": ""所属 Harness 持有 profile 变体；仅移植已核对的性能变更 → 所属 CLI sync-template""}","[""scripts/verify-template-verification-scenarios"", ""submodules/create-yss-harness-dev/template/scripts/verify-template-verification-scenarios"", ""submodules/create-yss-spec/template/scripts/verify-template-verification-scenarios"", ""submodules/yss-harness-backend-agent/scripts/verify-template-verification-scenarios"", ""submodules/yss-harness-dev-agent/scripts/verify-template-verification-scenarios"", ""submodules/yss-harness-frontend-agent/scripts/verify-template-verification-scenarios""]","{""scripts/verify-openapi-yaml-first-scenarios"": ""0f376f2f8718952283976b01390c1175e9668f1ab6229bac9c473fd1a8b5714a"", ""submodules/yss-harness-backend-agent/scripts/verify-openapi-yaml-first-scenarios"": ""0f376f2f8718952283976b01390c1175e9668f1ab6229bac9c473fd1a8b5714a"", ""submodules/yss-harness-design-agent/scripts/verify-openapi-yaml-first-scenarios"": ""0f376f2f8718952283976b01390c1175e9668f1ab6229bac9c473fd1a8b5714a"", ""submodules/yss-harness-dev-agent/scripts/verify-openapi-yaml-first-scenarios"": ""0f376f2f8718952283976b01390c1175e9668f1ab6229bac9c473fd1a8b5714a"", ""submodules/yss-harness-frontend-agent/scripts/verify-openapi-yaml-first-scenarios"": ""0f376f2f8718952283976b01390c1175e9668f1ab6229bac9c473fd1a8b5714a""}",[],,"[""submodules/create-yss-harness-dev/template/scripts/verify-openapi-yaml-first-scenarios"", ""submodules/create-yss-spec/template/scripts/verify-openapi-yaml-first-scenarios""]",1,1,logs/validation-after-recovery-0.stdout; runs.jsonl; final-refresh-results.json; distribution-results-corrected.json,采样维护入口调用频次、目录/输入规模后未取得应增加复杂度的独立热点证据；保留现实现。,V8 观察是维护夹具入口频次，非线上调用频率；未观察到的实现未作逐函数性能通过声明。输入尺度详见 report.md。
114c6d7b7523bc080b737561db3ca0310e4c3fc579a44695860f6f74d213f8b7,scripts/verify-context-reconciliation,True,False,8,8,candidate,P01,直接引用源码已人工核对,见关联候选验证设计,unknown-unless-candidate-explicitly-establishes-source,cli,"{""process_spawn"": true, ""tree_io"": false, ""network"": false, ""mutation"": false, ""sleep"": false, ""loop"": true}",manual-candidate-or-automatic-classification-not-function-level-proof,优化并验证,"[""scripts/verify-context-reconciliation""]","{""scripts/verify-context-reconciliation"": ""本体脚本权威；通过本体 CLI manifest/sync-template 分发；入口由完整核验 profile 选择""}","[""scripts/lib/plan-spec-entry.mjs"", ""scripts/lib/strategic-handoff-consumption.mjs"", ""scripts/verify-context-reconciliation"", ""scripts/verify-context-reconciliation-scenarios"", ""scripts/verify-lifecycle-checkpoint"", ""scripts/verify-strategic-context-import"", ""submodules/create-yss-harness-dev/template/scripts/lib/strategic-handoff-consumption.mjs"", ""submodules/create-yss-harness-dev/template/scripts/verify-context-reconciliation"", ""submodules/create-yss-harness-dev/template/scripts/verify-strategic-context-import"", ""submodules/create-yss-spec/template/scripts/lib/plan-spec-entry.mjs"", ""submodules/create-yss-spec/template/scripts/lib/strategic-handoff-consumption.mjs"", ""submodules/create-yss-spec/template/scripts/verify-context-reconciliation"", ""submodules/create-yss-spec/template/scripts/verify-context-reconciliation-scenarios"", ""submodules/create-yss-spec/template/scripts/verify-lifecycle-checkpoint"", ""submodules/create-yss-spec/template/scripts/verify-strategic-context-import"", ""submodules/create-yss-strategic-design/template/scripts/lib/plan-spec-entry.mjs"", ""submodules/create-yss-strategic-design/template/scripts/lib/strategic-handoff-consumption.mjs"", ""submodules/create-yss-strategic-design/template/scripts/verify-context-reconciliation"", ""submodules/create-yss-strategic-design/template/scripts/verify-context-reconciliation-scenarios"", ""submodules/create-yss-strategic-design/template/scripts/verify-lifecycle-checkpoint"", ""submodules/create-yss-strategic-design/template/scripts/verify-strategic-context-import"", ""submodules/yss-harness-backend-agent/scripts/lib/strategic-handoff-consumption.mjs"", ""submodules/yss-harness-backend-agent/scripts/verify-context-reconciliation"", ""submodules/yss-harness-backend-agent/scripts/verify-strategic-context-import"", ""submodules/yss-harness-design-agent/scripts/lib/plan-spec-entry.mjs"", ""submodules/yss-harness-design-agent/scripts/lib/strategic-handoff-consumption.mjs"", ""submodules/yss-harness-design-agent/scripts/verify-context-reconciliation"", ""submodules/yss-harness-design-agent/scripts/verify-context-reconciliation-scenarios"", ""submodules/yss-harness-design-agent/scripts/verify-lifecycle-checkpoint"", ""submodules/yss-harness-design-agent/scripts/verify-strategic-context-import"", ""submodules/yss-harness-dev-agent/scripts/lib/strategic-handoff-consumption.mjs"", ""submodules/yss-harness-dev-agent/scripts/verify-context-reconciliation"", ""submodules/yss-harness-dev-agent/scripts/verify-strategic-context-import"", ""submodules/yss-harness-frontend-agent/scripts/lib/strategic-handoff-consumption.mjs"", ""submodules/yss-harness-frontend-agent/scripts/verify-context-reconciliation"", ""submodules/yss-harness-frontend-agent/scripts/verify-strategic-context-import""]","{""scripts/verify-context-reconciliation"": ""b3831a29df28bdeb225e5c52619972cb238759c3bc7539dbdf15b220377dfc65""}","[""scripts/verify-context-reconciliation""]",P01,"[""submodules/create-yss-harness-dev/template/scripts/verify-context-reconciliation"", ""submodules/create-yss-spec/template/scripts/verify-context-reconciliation"", ""submodules/create-yss-strategic-design/template/scripts/verify-context-reconciliation"", ""submodules/yss-harness-backend-agent/scripts/verify-context-reconciliation"", ""submodules/yss-harness-design-agent/scripts/verify-context-reconciliation"", ""submodules/yss-harness-dev-agent/scripts/verify-context-reconciliation"", ""submodules/yss-harness-frontend-agent/scripts/verify-context-reconciliation""]",38,38,logs/validation-after-recovery-0.stdout; runs.jsonl; final-refresh-results.json; distribution-results-corrected.json,权威实现或其受控 Harness 变体有本轮变更；验证以 Fresh Verification、相关场景和候选对照为依据，副本不冒充独立优化。,V8 观察是维护夹具入口频次，非线上调用频率；未观察到的实现未作逐函数性能通过声明。输入尺度详见 report.md。
1164e9dc7790a18beb70c79b17715c0bff0d23c3f434bc154c1b8473cc50852f,scripts/gitworks,True,False,7,8,static-no-confirmed-hotspot,,词法/路径分类，未证明性能正常,按真实调用频率与输入规模采样；有证据再扩大分析,unknown-unless-candidate-explicitly-establishes-source,cli,"{""process_spawn"": false, ""tree_io"": false, ""network"": false, ""mutation"": false, ""sleep"": false, ""loop"": true}",manual-candidate-or-automatic-classification-not-function-level-proof,测量后保留,"[""scripts/gitworks"", ""submodules/yss-harness-backend-agent/scripts/gitworks"", ""submodules/yss-harness-design-agent/scripts/gitworks"", ""submodules/yss-harness-dev-agent/scripts/gitworks"", ""submodules/yss-harness-frontend-agent/scripts/gitworks""]","{""scripts/gitworks"": ""本体脚本权威；通过本体 CLI manifest/sync-template 分发；入口由完整核验 profile 选择"", ""submodules/yss-harness-backend-agent/scripts/gitworks"": ""所属 Harness 持有 profile 变体；仅移植已核对的性能变更 → 所属 CLI sync-template"", ""submodules/yss-harness-design-agent/scripts/gitworks"": ""所属 Harness 持有 profile 变体；仅移植已核对的性能变更 → 所属 CLI sync-template"", ""submodules/yss-harness-dev-agent/scripts/gitworks"": ""所属 Harness 持有 profile 变体；仅移植已核对的性能变更 → 所属 CLI sync-template"", ""submodules/yss-harness-frontend-agent/scripts/gitworks"": ""所属 Harness 持有 profile 变体；仅移植已核对的性能变更 → 所属 CLI sync-template""}","["".agents/skills/yss-mvc-scaffold-generator/scripts/lib/envelope.mjs"", ""scripts/gitworks"", ""submodules/create-yss-harness-dev/template/scripts/gitworks"", ""submodules/create-yss-spec/template/.agents/skills/yss-mvc-scaffold-generator/scripts/lib/envelope.mjs"", ""submodules/create-yss-spec/template/scripts/gitworks"", ""submodules/yss-harness-backend-agent/scripts/gitworks"", ""submodules/yss-harness-design-agent/scripts/gitworks"", ""submodules/yss-harness-dev-agent/scripts/gitworks"", ""submodules/yss-harness-frontend-agent/scripts/gitworks""]","{""scripts/gitworks"": ""1164e9dc7790a18beb70c79b17715c0bff0d23c3f434bc154c1b8473cc50852f"", ""submodules/yss-harness-backend-agent/scripts/gitworks"": ""1164e9dc7790a18beb70c79b17715c0bff0d23c3f434bc154c1b8473cc50852f"", ""submodules/yss-harness-design-agent/scripts/gitworks"": ""1164e9dc7790a18beb70c79b17715c0bff0d23c3f434bc154c1b8473cc50852f"", ""submodules/yss-harness-dev-agent/scripts/gitworks"": ""1164e9dc7790a18beb70c79b17715c0bff0d23c3f434bc154c1b8473cc50852f"", ""submodules/yss-harness-frontend-agent/scripts/gitworks"": ""1164e9dc7790a18beb70c79b17715c0bff0d23c3f434bc154c1b8473cc50852f""}",[],,"[""submodules/create-yss-harness-dev/template/scripts/gitworks"", ""submodules/create-yss-spec/template/scripts/gitworks""]",0,0,logs/validation-after-recovery-0.stdout; runs.jsonl; final-refresh-results.json; distribution-results-corrected.json,采样维护入口调用频次、目录/输入规模后未取得应增加复杂度的独立热点证据；保留现实现。 未取得可绑定此 SHA 的 V8 加载样本；临时模块可能已随夹具清理，不能把缺少可绑定样本解释成线上零调用或性能正常。,V8 观察是维护夹具入口频次，非线上调用频率；未观察到的实现未作逐函数性能通过声明。输入尺度详见 report.md。
12b6f76a47a32acdc5e1e9cfebf4443cdf6d9f383a833de7c332a026db583d5e,scripts/lib/template-verification.mjs,True,False,8,9,candidate,P03,直接引用源码已人工核对,见关联候选验证设计,unknown-unless-candidate-explicitly-establishes-source,library,"{""process_spawn"": false, ""tree_io"": false, ""network"": false, ""mutation"": false, ""sleep"": false, ""loop"": true}",manual-candidate-or-automatic-classification-not-function-level-proof,测量后保留,"[""scripts/lib/template-verification.mjs"", ""submodules/yss-harness-backend-agent/scripts/lib/template-verification.mjs"", ""submodules/yss-harness-design-agent/scripts/lib/template-verification.mjs"", ""submodules/yss-harness-dev-agent/scripts/lib/template-verification.mjs"", ""submodules/yss-harness-frontend-agent/scripts/lib/template-verification.mjs""]","{""scripts/lib/template-verification.mjs"": ""本体脚本权威；通过本体 CLI manifest/sync-template 分发；入口由完整核验 profile 选择"", ""submodules/yss-harness-backend-agent/scripts/lib/template-verification.mjs"": ""所属 Harness 持有 profile 变体；仅移植已核对的性能变更 → 所属 CLI sync-template"", ""submodules/yss-harness-design-agent/scripts/lib/template-verification.mjs"": ""所属 Harness 持有 profile 变体；仅移植已核对的性能变更 → 所属 CLI sync-template"", ""submodules/yss-harness-dev-agent/scripts/lib/template-verification.mjs"": ""所属 Harness 持有 profile 变体；仅移植已核对的性能变更 → 所属 CLI sync-template"", ""submodules/yss-harness-frontend-agent/scripts/lib/template-verification.mjs"": ""所属 Harness 持有 profile 变体；仅移植已核对的性能变更 → 所属 CLI sync-template""}","[""scripts/capture-maintenance-candidate"", ""scripts/evaluate-maintenance-review-round"", ""scripts/lib/maintenance-review-workflow.mjs"", ""scripts/lib/template-commit-cache.mjs"", ""scripts/prepare-maintenance-review"", ""scripts/run-template-verification"", ""scripts/verify-maintenance-review-workflow-scenarios"", ""scripts/verify-template-verification-scenarios"", ""submodules/create-yss-harness-dev/template/scripts/run-template-verification"", ""submodules/create-yss-harness-dev/template/scripts/verify-template-verification-scenarios"", ""submodules/create-yss-spec/template/scripts/capture-maintenance-candidate"", ""submodules/create-yss-spec/template/scripts/evaluate-maintenance-review-round"", ""submodules/create-yss-spec/template/scripts/lib/maintenance-review-workflow.mjs"", ""submodules/create-yss-spec/template/scripts/lib/template-commit-cache.mjs"", ""submodules/create-yss-spec/template/scripts/prepare-maintenance-review"", ""submodules/create-yss-spec/template/scripts/run-template-verification"", ""submodules/create-yss-spec/template/scripts/verify-maintenance-review-workflow-scenarios"", ""submodules/create-yss-spec/template/scripts/verify-template-verification-scenarios"", ""submodules/create-yss-strategic-design/template/scripts/run-template-verification"", ""submodules/create-yss-strategic-design/template/scripts/verify-template-verification-scenarios"", ""submodules/yss-harness-backend-agent/scripts/run-template-verification"", ""submodules/yss-harness-backend-agent/scripts/verify-template-verification-scenarios"", ""submodules/yss-harness-design-agent/scripts/run-template-verification"", ""submodules/yss-harness-design-agent/scripts/verify-template-verification-scenarios"", ""submodules/yss-harness-dev-agent/scripts/run-template-verification"", ""submodules/yss-harness-dev-agent/scripts/verify-template-verification-scenarios"", ""submodules/yss-harness-frontend-agent/scripts/run-template-verification"", ""submodules/yss-harness-frontend-agent/scripts/verify-template-verification-scenarios""]","{""scripts/lib/template-verification.mjs"": ""12b6f76a47a32acdc5e1e9cfebf4443cdf6d9f383a833de7c332a026db583d5e"", ""submodules/yss-harness-backend-agent/scripts/lib/template-verification.mjs"": ""12b6f76a47a32acdc5e1e9cfebf4443cdf6d9f383a833de7c332a026db583d5e"", ""submodules/yss-harness-design-agent/scripts/lib/template-verification.mjs"": ""12b6f76a47a32acdc5e1e9cfebf4443cdf6d9f383a833de7c332a026db583d5e"", ""submodules/yss-harness-dev-agent/scripts/lib/template-verification.mjs"": ""12b6f76a47a32acdc5e1e9cfebf4443cdf6d9f383a833de7c332a026db583d5e"", ""submodules/yss-harness-frontend-agent/scripts/lib/template-verification.mjs"": ""12b6f76a47a32acdc5e1e9cfebf4443cdf6d9f383a833de7c332a026db583d5e""}",[],P03,"[""submodules/create-yss-harness-dev/template/scripts/lib/template-verification.mjs"", ""submodules/create-yss-spec/template/scripts/lib/template-verification.mjs"", ""submodules/create-yss-strategic-design/template/scripts/lib/template-verification.mjs""]",4,287928,logs/validation-after-recovery-0.stdout; runs.jsonl; final-refresh-results.json; distribution-results-corrected.json,采样维护入口调用频次、目录/输入规模后未取得应增加复杂度的独立热点证据；保留现实现。,V8 观察是维护夹具入口频次，非线上调用频率；未观察到的实现未作逐函数性能通过声明。输入尺度详见 report.md。
12deba236d15f43f2a0f516c74b03a3f5f65809b84296e3d6b101f8f1d2dda1d,submodules/yss-harness-design-agent/scripts/node-verify-lifecycle-registry.mjs,True,False,2,2,candidate-caller,P01,命中候选函数/调用链；可能含字符串/注释，非独立瓶颈证明,沿实际调用链归因，见候选设计；不要据regex删除检查,unknown-unless-candidate-explicitly-establishes-source,cli,"{""process_spawn"": true, ""tree_io"": false, ""network"": false, ""mutation"": false, ""sleep"": false, ""loop"": true}",manual-candidate-or-automatic-classification-not-function-level-proof,测量后保留,"[""submodules/yss-harness-design-agent/scripts/node-verify-lifecycle-registry.mjs""]","{""submodules/yss-harness-design-agent/scripts/node-verify-lifecycle-registry.mjs"": ""所属 Harness 持有 profile 变体；仅移植已核对的性能变更 → 所属 CLI sync-template""}","[""submodules/create-yss-strategic-design/template/scripts/verify-lifecycle-registry"", ""submodules/yss-harness-design-agent/scripts/verify-lifecycle-registry""]","{""submodules/yss-harness-design-agent/scripts/node-verify-lifecycle-registry.mjs"": ""12deba236d15f43f2a0f516c74b03a3f5f65809b84296e3d6b101f8f1d2dda1d""}",[],P01,"[""submodules/create-yss-strategic-design/template/scripts/node-verify-lifecycle-registry.mjs""]",0,0,logs/validation-after-recovery-0.stdout; runs.jsonl; final-refresh-results.json; distribution-results-corrected.json,采样维护入口调用频次、目录/输入规模后未取得应增加复杂度的独立热点证据；保留现实现。 未取得可绑定此 SHA 的 V8 加载样本；临时模块可能已随夹具清理，不能把缺少可绑定样本解释成线上零调用或性能正常。,V8 观察是维护夹具入口频次，非线上调用频率；未观察到的实现未作逐函数性能通过声明。输入尺度详见 report.md。
12e8b394eaaa94511fd10439c8a683917cf6027d844a8ecdc2b15a88293a3843,submodules/yss-harness-dev-agent/scripts/verify-subagent-task-package-scenarios,True,False,3,3,fixture-test-only,,断言/回归入口；是否启动真实环境需沿callee区分,隔离执行对应测试，区分mock/真实构建/外部资源,unknown-unless-candidate-explicitly-establishes-source,cli,"{""process_spawn"": true, ""tree_io"": true, ""network"": false, ""mutation"": true, ""sleep"": false, ""loop"": true}",manual-candidate-or-automatic-classification-not-function-level-proof,测量后保留,"[""submodules/yss-harness-backend-agent/scripts/verify-subagent-task-package-scenarios"", ""submodules/yss-harness-dev-agent/scripts/verify-subagent-task-package-scenarios""]","{""submodules/yss-harness-backend-agent/scripts/verify-subagent-task-package-scenarios"": ""所属 Harness 持有 profile 变体；仅移植已核对的性能变更 → 所属 CLI sync-template"", ""submodules/yss-harness-dev-agent/scripts/verify-subagent-task-package-scenarios"": ""所属 Harness 持有 profile 变体；仅移植已核对的性能变更 → 所属 CLI sync-template""}","[""submodules/create-yss-harness-dev/template/scripts/verify-digital-human-task-package-scenarios"", ""submodules/create-yss-harness-dev/template/scripts/verify-template-verification-scenarios"", ""submodules/yss-harness-backend-agent/scripts/verify-digital-human-task-package-scenarios"", ""submodules/yss-harness-backend-agent/scripts/verify-template-verification-scenarios"", ""submodules/yss-harness-dev-agent/scripts/verify-digital-human-task-package-scenarios"", ""submodules/yss-harness-dev-agent/scripts/verify-template-verification-scenarios""]","{""submodules/yss-harness-backend-agent/scripts/verify-subagent-task-package-scenarios"": ""12e8b394eaaa94511fd10439c8a683917cf6027d844a8ecdc2b15a88293a3843"", ""submodules/yss-harness-dev-agent/scripts/verify-subagent-task-package-scenarios"": ""12e8b394eaaa94511fd10439c8a683917cf6027d844a8ecdc2b15a88293a3843""}",[],,"[""submodules/create-yss-harness-dev/template/scripts/verify-subagent-task-package-scenarios""]",0,0,logs/validation-after-recovery-0.stdout; runs.jsonl; final-refresh-results.json; distribution-results-corrected.json,采样维护入口调用频次、目录/输入规模后未取得应增加复杂度的独立热点证据；保留现实现。 未取得可绑定此 SHA 的 V8 加载样本；临时模块可能已随夹具清理，不能把缺少可绑定样本解释成线上零调用或性能正常。,V8 观察是维护夹具入口频次，非线上调用频率；未观察到的实现未作逐函数性能通过声明。输入尺度详见 report.md。
14df26ccf24942256746d76b5d6c87252af4a781a6d13197ae631b63ecefe277,submodules/yss-harness-frontend-agent/scripts/verify-harness-profile-scenarios,True,False,1,1,fixture-test-only,,断言/回归入口；是否启动真实环境需沿callee区分,隔离执行对应测试，区分mock/真实构建/外部资源,unknown-unless-candidate-explicitly-establishes-source,cli,"{""process_spawn"": false, ""tree_io"": false, ""network"": false, ""mutation"": false, ""sleep"": false, ""loop"": true}",manual-candidate-or-automatic-classification-not-function-level-proof,测量后保留,"[""submodules/yss-harness-frontend-agent/scripts/verify-harness-profile-scenarios""]","{""submodules/yss-harness-frontend-agent/scripts/verify-harness-profile-scenarios"": ""所属 Harness 持有 profile 变体；仅移植已核对的性能变更 → 所属 CLI sync-template""}","[""submodules/yss-harness-frontend-agent/scripts/verify-template-verification-scenarios""]","{""submodules/yss-harness-frontend-agent/scripts/verify-harness-profile-scenarios"": ""14df26ccf24942256746d76b5d6c87252af4a781a6d13197ae631b63ecefe277""}",[],,[],0,0,logs/validation-after-recovery-0.stdout; runs.jsonl; final-refresh-results.json; distribution-results-corrected.json,采样维护入口调用频次、目录/输入规模后未取得应增加复杂度的独立热点证据；保留现实现。 未取得可绑定此 SHA 的 V8 加载样本；临时模块可能已随夹具清理，不能把缺少可绑定样本解释成线上零调用或性能正常。,V8 观察是维护夹具入口频次，非线上调用频率；未观察到的实现未作逐函数性能通过声明。输入尺度详见 report.md。
14e9bbb385cef043963131949a0c35210335430905f9d9038ad456053a5f0e08,submodules/yss-harness-dev-agent/scripts/verify-skill-governance,True,False,6,7,wrapper-follow-callee,,短包装/重导出入口；主要成本落在callee,计入口启动开销并追踪实际callee，保留兼容入口,unknown-unless-candidate-explicitly-establishes-source,wrapper,"{""process_spawn"": false, ""tree_io"": false, ""network"": false, ""mutation"": false, ""sleep"": false, ""loop"": false}",manual-candidate-or-automatic-classification-not-function-level-proof,测量后保留,"[""submodules/yss-harness-backend-agent/scripts/verify-skill-governance"", ""submodules/yss-harness-design-agent/scripts/verify-skill-governance"", ""submodules/yss-harness-dev-agent/scripts/verify-skill-governance"", ""submodules/yss-harness-frontend-agent/scripts/verify-skill-governance""]","{""submodules/yss-harness-backend-agent/scripts/verify-skill-governance"": ""所属 Harness 持有 profile 变体；仅移植已核对的性能变更 → 所属 CLI sync-template"", ""submodules/yss-harness-design-agent/scripts/verify-skill-governance"": ""所属 Harness 持有 profile 变体；仅移植已核对的性能变更 → 所属 CLI sync-template"", ""submodules/yss-harness-dev-agent/scripts/verify-skill-governance"": ""所属 Harness 持有 profile 变体；仅移植已核对的性能变更 → 所属 CLI sync-template"", ""submodules/yss-harness-frontend-agent/scripts/verify-skill-governance"": ""所属 Harness 持有 profile 变体；仅移植已核对的性能变更 → 所属 CLI sync-template""}","[""submodules/create-yss-harness-dev/template/scripts/verify-template-verification-scenarios"", ""submodules/create-yss-strategic-design/template/scripts/verify-template-verification-scenarios"", ""submodules/yss-harness-backend-agent/scripts/verify-template-verification-scenarios"", ""submodules/yss-harness-design-agent/scripts/verify-template-verification-scenarios"", ""submodules/yss-harness-dev-agent/scripts/verify-template-verification-scenarios"", ""submodules/yss-harness-frontend-agent/scripts/verify-template-verification-scenarios""]","{""submodules/yss-harness-backend-agent/scripts/verify-skill-governance"": ""14e9bbb385cef043963131949a0c35210335430905f9d9038ad456053a5f0e08"", ""submodules/yss-harness-design-agent/scripts/verify-skill-governance"": ""14e9bbb385cef043963131949a0c35210335430905f9d9038ad456053a5f0e08"", ""submodules/yss-harness-dev-agent/scripts/verify-skill-governance"": ""14e9bbb385cef043963131949a0c35210335430905f9d9038ad456053a5f0e08"", ""submodules/yss-harness-frontend-agent/scripts/verify-skill-governance"": ""14e9bbb385cef043963131949a0c35210335430905f9d9038ad456053a5f0e08""}",[],,"[""submodules/create-yss-harness-dev/template/scripts/verify-skill-governance"", ""submodules/create-yss-strategic-design/template/scripts/verify-skill-governance""]",0,0,logs/validation-after-recovery-0.stdout; runs.jsonl; final-refresh-results.json; distribution-results-corrected.json,采样维护入口调用频次、目录/输入规模后未取得应增加复杂度的独立热点证据；保留现实现。 未取得可绑定此 SHA 的 V8 加载样本；临时模块可能已随夹具清理，不能把缺少可绑定样本解释成线上零调用或性能正常。,V8 观察是维护夹具入口频次，非线上调用频率；未观察到的实现未作逐函数性能通过声明。输入尺度详见 report.md。
15cb1718e639dd033f51286e060c9de9275e9bb726496c8f713e8169853d95c5,submodules/yss-harness-backend-agent/scripts/lib/visual-baseline-contract.mjs,True,False,1,1,static-no-confirmed-hotspot,,词法/路径分类，未证明性能正常,按真实调用频率与输入规模采样；有证据再扩大分析,unknown-unless-candidate-explicitly-establishes-source,library,"{""process_spawn"": false, ""tree_io"": true, ""network"": false, ""mutation"": true, ""sleep"": false, ""loop"": true}",manual-candidate-or-automatic-classification-not-function-level-proof,测量后保留,"[""submodules/yss-harness-backend-agent/scripts/lib/visual-baseline-contract.mjs""]","{""submodules/yss-harness-backend-agent/scripts/lib/visual-baseline-contract.mjs"": ""所属 Harness 持有 profile 变体；仅移植已核对的性能变更 → 所属 CLI sync-template""}","[""submodules/yss-harness-backend-agent/scripts/fixtures/strategic-handoff/fixture.mjs"", ""submodules/yss-harness-backend-agent/scripts/lib/strategic-handoff.mjs"", ""submodules/yss-harness-backend-agent/scripts/verify-frontend-implementation-evidence"", ""submodules/yss-harness-backend-agent/scripts/verify-frontend-implementation-evidence-scenarios""]","{""submodules/yss-harness-backend-agent/scripts/lib/visual-baseline-contract.mjs"": ""15cb1718e639dd033f51286e060c9de9275e9bb726496c8f713e8169853d95c5""}",[],,[],0,0,logs/validation-after-recovery-0.stdout; runs.jsonl; final-refresh-results.json; distribution-results-corrected.json,采样维护入口调用频次、目录/输入规模后未取得应增加复杂度的独立热点证据；保留现实现。 未取得可绑定此 SHA 的 V8 加载样本；临时模块可能已随夹具清理，不能把缺少可绑定样本解释成线上零调用或性能正常。,V8 观察是维护夹具入口频次，非线上调用频率；未观察到的实现未作逐函数性能通过声明。输入尺度详见 report.md。
161785af32241fc96df051c9be4f2bb9c3b897418d708f4a051b63f1c44952cf,.agents/skills/archify/renderers/shared/geometry.mjs,False,True,6,6,static-no-confirmed-hotspot,,词法/路径分类，未证明性能正常,按真实调用频率与输入规模采样；有证据再扩大分析,unknown-unless-candidate-explicitly-establishes-source,library,"{""process_spawn"": false, ""tree_io"": false, ""network"": false, ""mutation"": false, ""sleep"": false, ""loop"": true}",manual-candidate-or-automatic-classification-not-function-level-proof,测量后保留,"["".agents/skills/archify/renderers/shared/geometry.mjs"", ""submodules/yss-harness-backend-agent/.agents/skills/archify/renderers/shared/geometry.mjs"", ""submodules/yss-harness-dev-agent/.agents/skills/archify/renderers/shared/geometry.mjs"", ""submodules/yss-harness-frontend-agent/.agents/skills/archify/renderers/shared/geometry.mjs""]","{"".agents/skills/archify/renderers/shared/geometry.mjs"": ""所属仓 .agents/skills 权威目录 → update-skill-lock / sync-skills → 所属 CLI sync-template"", ""submodules/yss-harness-backend-agent/.agents/skills/archify/renderers/shared/geometry.mjs"": ""所属仓 .agents/skills 权威目录 → update-skill-lock / sync-skills → 所属 CLI sync-template"", ""submodules/yss-harness-dev-agent/.agents/skills/archify/renderers/shared/geometry.mjs"": ""所属仓 .agents/skills 权威目录 → update-skill-lock / sync-skills → 所属 CLI sync-template"", ""submodules/yss-harness-frontend-agent/.agents/skills/archify/renderers/shared/geometry.mjs"": ""所属仓 .agents/skills 权威目录 → update-skill-lock / sync-skills → 所属 CLI sync-template""}","["".agents/skills/archify/scripts/check-render-output.mjs"", ""submodules/create-yss-harness-dev/template/.agents/skills/archify/scripts/check-render-output.mjs"", ""submodules/create-yss-spec/template/.agents/skills/archify/scripts/check-render-output.mjs"", ""submodules/yss-harness-backend-agent/.agents/skills/archify/scripts/check-render-output.mjs"", ""submodules/yss-harness-dev-agent/.agents/skills/archify/scripts/check-render-output.mjs"", ""submodules/yss-harness-frontend-agent/.agents/skills/archify/scripts/check-render-output.mjs""]","{"".agents/skills/archify/renderers/shared/geometry.mjs"": ""161785af32241fc96df051c9be4f2bb9c3b897418d708f4a051b63f1c44952cf"", ""submodules/yss-harness-backend-agent/.agents/skills/archify/renderers/shared/geometry.mjs"": ""161785af32241fc96df051c9be4f2bb9c3b897418d708f4a051b63f1c44952cf"", ""submodules/yss-harness-dev-agent/.agents/skills/archify/renderers/shared/geometry.mjs"": ""161785af32241fc96df051c9be4f2bb9c3b897418d708f4a051b63f1c44952cf"", ""submodules/yss-harness-frontend-agent/.agents/skills/archify/renderers/shared/geometry.mjs"": ""161785af32241fc96df051c9be4f2bb9c3b897418d708f4a051b63f1c44952cf""}",[],,"[""submodules/create-yss-harness-dev/template/.agents/skills/archify/renderers/shared/geometry.mjs"", ""submodules/create-yss-spec/template/.agents/skills/archify/renderers/shared/geometry.mjs""]",0,0,logs/validation-after-recovery-0.stdout; runs.jsonl; final-refresh-results.json; distribution-results-corrected.json,采样维护入口调用频次、目录/输入规模后未取得应增加复杂度的独立热点证据；保留现实现。 未取得可绑定此 SHA 的 V8 加载样本；临时模块可能已随夹具清理，不能把缺少可绑定样本解释成线上零调用或性能正常。,V8 观察是维护夹具入口频次，非线上调用频率；未观察到的实现未作逐函数性能通过声明。输入尺度详见 report.md。
1732a2f9beddd5d3946abdb91be5a79e622f9fb601aa561867c10b4c8f274e17,submodules/yss-harness-design-agent/scripts/lib/instance-distribution.mjs,True,False,2,2,static-no-confirmed-hotspot,,词法/路径分类，未证明性能正常,按真实调用频率与输入规模采样；有证据再扩大分析,unknown-unless-candidate-explicitly-establishes-source,library,"{""process_spawn"": false, ""tree_io"": false, ""network"": false, ""mutation"": false, ""sleep"": false, ""loop"": true}",manual-candidate-or-automatic-classification-not-function-level-proof,测量后保留,"[""submodules/yss-harness-design-agent/scripts/lib/instance-distribution.mjs""]","{""submodules/yss-harness-design-agent/scripts/lib/instance-distribution.mjs"": ""所属 Harness 持有 profile 变体；仅移植已核对的性能变更 → 所属 CLI sync-template""}","[""submodules/create-yss-strategic-design/template/scripts/verify-instance-distribution"", ""submodules/create-yss-strategic-design/template/scripts/verify-instance-distribution-scenarios"", ""submodules/yss-harness-design-agent/scripts/verify-instance-distribution"", ""submodules/yss-harness-design-agent/scripts/verify-instance-distribution-scenarios""]","{""submodules/yss-harness-design-agent/scripts/lib/instance-distribution.mjs"": ""1732a2f9beddd5d3946abdb91be5a79e622f9fb601aa561867c10b4c8f274e17""}",[],,"[""submodules/create-yss-strategic-design/template/scripts/lib/instance-distribution.mjs""]",0,0,logs/validation-after-recovery-0.stdout; runs.jsonl; final-refresh-results.json; distribution-results-corrected.json,采样维护入口调用频次、目录/输入规模后未取得应增加复杂度的独立热点证据；保留现实现。 未取得可绑定此 SHA 的 V8 加载样本；临时模块可能已随夹具清理，不能把缺少可绑定样本解释成线上零调用或性能正常。,V8 观察是维护夹具入口频次，非线上调用频率；未观察到的实现未作逐函数性能通过声明。输入尺度详见 report.md。
17762583db59d22f48e3feb2467643e1e82b3f2741e9b60040b0492806773728,.agents/skills/yss-mvc-scaffold-generator/scripts/lib/storage.mjs,True,False,2,8,static-no-confirmed-hotspot,,词法/路径分类，未证明性能正常,按真实调用频率与输入规模采样；有证据再扩大分析,unknown-unless-candidate-explicitly-establishes-source,library,"{""process_spawn"": false, ""tree_io"": true, ""network"": false, ""mutation"": true, ""sleep"": false, ""loop"": true}",manual-candidate-or-automatic-classification-not-function-level-proof,测量后保留,"["".agents/skills/yss-mvc-scaffold-generator/scripts/lib/storage.mjs""]","{"".agents/skills/yss-mvc-scaffold-generator/scripts/lib/storage.mjs"": ""所属仓 .agents/skills 权威目录 → update-skill-lock / sync-skills → 所属 CLI sync-template""}","["".agents/skills/yss-mvc-scaffold-generator/scripts/lib/envelope.mjs"", ""submodules/create-yss-spec/template/.agents/skills/yss-mvc-scaffold-generator/scripts/lib/envelope.mjs""]","{"".agents/skills/yss-mvc-scaffold-generator/scripts/lib/storage.mjs"": ""17762583db59d22f48e3feb2467643e1e82b3f2741e9b60040b0492806773728""}",[],,"[""submodules/create-yss-spec/template/.agents/skills/yss-mvc-scaffold-generator/scripts/lib/storage.mjs""]",0,0,logs/validation-after-recovery-0.stdout; runs.jsonl; final-refresh-results.json; distribution-results-corrected.json,采样维护入口调用频次、目录/输入规模后未取得应增加复杂度的独立热点证据；保留现实现。 未取得可绑定此 SHA 的 V8 加载样本；临时模块可能已随夹具清理，不能把缺少可绑定样本解释成线上零调用或性能正常。,V8 观察是维护夹具入口频次，非线上调用频率；未观察到的实现未作逐函数性能通过声明。输入尺度详见 report.md。
179efa8a5ec72539e10c6fd902d34f09c9cab3517599e91c69823aa9441ffa9f,submodules/yss-harness-design-agent/scripts/verify-subagent-task-package-scenarios,True,False,2,2,fixture-test-only,,断言/回归入口；是否启动真实环境需沿callee区分,隔离执行对应测试，区分mock/真实构建/外部资源,unknown-unless-candidate-explicitly-establishes-source,cli,"{""process_spawn"": true, ""tree_io"": true, ""network"": false, ""mutation"": true, ""sleep"": false, ""loop"": true}",manual-candidate-or-automatic-classification-not-function-level-proof,测量后保留,"[""submodules/yss-harness-design-agent/scripts/verify-subagent-task-package-scenarios""]","{""submodules/yss-harness-design-agent/scripts/verify-subagent-task-package-scenarios"": ""所属 Harness 持有 profile 变体；仅移植已核对的性能变更 → 所属 CLI sync-template""}","[""submodules/create-yss-strategic-design/template/scripts/verify-digital-human-task-package-scenarios"", ""submodules/create-yss-strategic-design/template/scripts/verify-template-verification-scenarios"", ""submodules/yss-harness-design-agent/scripts/verify-digital-human-task-package-scenarios"", ""submodules/yss-harness-design-agent/scripts/verify-template-verification-scenarios""]","{""submodules/yss-harness-design-agent/scripts/verify-subagent-task-package-scenarios"": ""179efa8a5ec72539e10c6fd902d34f09c9cab3517599e91c69823aa9441ffa9f""}",[],,"[""submodules/create-yss-strategic-design/template/scripts/verify-subagent-task-package-scenarios""]",0,0,logs/validation-after-recovery-0.stdout; runs.jsonl; final-refresh-results.json; distribution-results-corrected.json,采样维护入口调用频次、目录/输入规模后未取得应增加复杂度的独立热点证据；保留现实现。 未取得可绑定此 SHA 的 V8 加载样本；临时模块可能已随夹具清理，不能把缺少可绑定样本解释成线上零调用或性能正常。,V8 观察是维护夹具入口频次，非线上调用频率；未观察到的实现未作逐函数性能通过声明。输入尺度详见 report.md。
17ec4211c3732951f891acd885a88d9f9d7260d123fa3de582a6bb1dd9869d14,scripts/lib/plan-spec-entry.mjs,True,False,4,4,candidate,P01,直接引用源码已人工核对,见关联候选验证设计,unknown-unless-candidate-explicitly-establishes-source,library,"{""process_spawn"": true, ""tree_io"": false, ""network"": false, ""mutation"": false, ""sleep"": false, ""loop"": true}",manual-candidate-or-automatic-classification-not-function-level-proof,优化并验证,"[""scripts/lib/plan-spec-entry.mjs"", ""submodules/yss-harness-design-agent/scripts/lib/plan-spec-entry.mjs""]","{""scripts/lib/plan-spec-entry.mjs"": ""本体脚本权威；通过本体 CLI manifest/sync-template 分发；入口由完整核验 profile 选择"", ""submodules/yss-harness-design-agent/scripts/lib/plan-spec-entry.mjs"": ""所属 Harness 持有 profile 变体；仅移植已核对的性能变更 → 所属 CLI sync-template""}","[""scripts/fixtures/user-decision/plan-fixture.mjs"", ""scripts/lib/lifecycle-transition.mjs"", ""scripts/lib/task-package.mjs"", ""scripts/verify-lifecycle-checkpoint"", ""scripts/verify-plan-spec-entry"", ""scripts/verify-plan-spec-entry-scenarios"", ""submodules/create-yss-spec/template/scripts/fixtures/user-decision/plan-fixture.mjs"", ""submodules/create-yss-spec/template/scripts/lib/lifecycle-transition.mjs"", ""submodules/create-yss-spec/template/scripts/lib/task-package.mjs"", ""submodules/create-yss-spec/template/scripts/verify-lifecycle-checkpoint"", ""submodules/create-yss-spec/template/scripts/verify-plan-spec-entry"", ""submodules/create-yss-spec/template/scripts/verify-plan-spec-entry-scenarios"", ""submodules/create-yss-strategic-design/template/scripts/fixtures/user-decision/plan-fixture.mjs"", ""submodules/create-yss-strategic-design/template/scripts/lib/lifecycle-transition.mjs"", ""submodules/create-yss-strategic-design/template/scripts/lib/task-package.mjs"", ""submodules/create-yss-strategic-design/template/scripts/verify-lifecycle-checkpoint"", ""submodules/create-yss-strategic-design/template/scripts/verify-plan-spec-entry"", ""submodules/create-yss-strategic-design/template/scripts/verify-plan-spec-entry-scenarios"", ""submodules/yss-harness-design-agent/scripts/fixtures/user-decision/plan-fixture.mjs"", ""submodules/yss-harness-design-agent/scripts/lib/lifecycle-transition.mjs"", ""submodules/yss-harness-design-agent/scripts/lib/task-package.mjs"", ""submodules/yss-harness-design-agent/scripts/verify-lifecycle-checkpoint"", ""submodules/yss-harness-design-agent/scripts/verify-plan-spec-entry"", ""submodules/yss-harness-design-agent/scripts/verify-plan-spec-entry-scenarios""]","{""scripts/lib/plan-spec-entry.mjs"": ""322ea4116f4e55db43732c7afa5b83b6d4e6297fb6ff2bf42a97cf34dbf04ab5"", ""submodules/yss-harness-design-agent/scripts/lib/plan-spec-entry.mjs"": ""322ea4116f4e55db43732c7afa5b83b6d4e6297fb6ff2bf42a97cf34dbf04ab5""}","[""scripts/lib/plan-spec-entry.mjs"", ""submodules/yss-harness-design-agent/scripts/lib/plan-spec-entry.mjs""]",P01,"[""submodules/create-yss-spec/template/scripts/lib/plan-spec-entry.mjs"", ""submodules/create-yss-strategic-design/template/scripts/lib/plan-spec-entry.mjs""]",21,2258,logs/validation-after-recovery-0.stdout; runs.jsonl; final-refresh-results.json; distribution-results-corrected.json,权威实现或其受控 Harness 变体有本轮变更；验证以 Fresh Verification、相关场景和候选对照为依据，副本不冒充独立优化。,V8 观察是维护夹具入口频次，非线上调用频率；未观察到的实现未作逐函数性能通过声明。输入尺度详见 report.md。
184a9ff1bd9acb3e74d7f1cbcfa04b1b0d7f43eb09b1dd1b1a64e40b4b9682ed,submodules/yss-harness-frontend-agent/scripts/lib/harness-profile.mjs,True,False,1,1,static-no-confirmed-hotspot,,词法/路径分类，未证明性能正常,按真实调用频率与输入规模采样；有证据再扩大分析,unknown-unless-candidate-explicitly-establishes-source,library,"{""process_spawn"": false, ""tree_io"": false, ""network"": false, ""mutation"": false, ""sleep"": false, ""loop"": true}",manual-candidate-or-automatic-classification-not-function-level-proof,测量后保留,"[""submodules/yss-harness-frontend-agent/scripts/lib/harness-profile.mjs""]","{""submodules/yss-harness-frontend-agent/scripts/lib/harness-profile.mjs"": ""所属 Harness 持有 profile 变体；仅移植已核对的性能变更 → 所属 CLI sync-template""}","[""submodules/yss-harness-frontend-agent/scripts/lib/entry-alignment.mjs"", ""submodules/yss-harness-frontend-agent/scripts/lib/instance-distribution.mjs"", ""submodules/yss-harness-frontend-agent/scripts/verify-harness-profile"", ""submodules/yss-harness-frontend-agent/scripts/verify-harness-profile-scenarios""]","{""submodules/yss-harness-frontend-agent/scripts/lib/harness-profile.mjs"": ""184a9ff1bd9acb3e74d7f1cbcfa04b1b0d7f43eb09b1dd1b1a64e40b4b9682ed""}",[],,[],0,0,logs/validation-after-recovery-0.stdout; runs.jsonl; final-refresh-results.json; distribution-results-corrected.json,采样维护入口调用频次、目录/输入规模后未取得应增加复杂度的独立热点证据；保留现实现。 未取得可绑定此 SHA 的 V8 加载样本；临时模块可能已随夹具清理，不能把缺少可绑定样本解释成线上零调用或性能正常。,V8 观察是维护夹具入口频次，非线上调用频率；未观察到的实现未作逐函数性能通过声明。输入尺度详见 report.md。
18ae07e1cc49b32c71767e241a6e8de4be74ef21d5e3b7e39034d9c7335f2d80,.agents/skills/diagnosing-bugs/scripts/hitl-loop.template.sh,True,False,8,36,external-runtime-needs-input,,可能外部访问/更新入口，需具体参数与本地注入fixture,本轮不触发真实外部动作；区分cache/timeout与服务耗时,unknown-unless-candidate-explicitly-establishes-source,cli,"{""process_spawn"": false, ""tree_io"": false, ""network"": true, ""mutation"": false, ""sleep"": false, ""loop"": true}",manual-candidate-or-automatic-classification-not-function-level-proof,外部环境待验证,"["".agents/skills/diagnosing-bugs/scripts/hitl-loop.template.sh"", ""submodules/yss-harness-backend-agent/.agents/skills/diagnosing-bugs/scripts/hitl-loop.template.sh"", ""submodules/yss-harness-design-agent/.agents/skills/diagnosing-bugs/scripts/hitl-loop.template.sh"", ""submodules/yss-harness-dev-agent/.agents/skills/diagnosing-bugs/scripts/hitl-loop.template.sh"", ""submodules/yss-harness-frontend-agent/.agents/skills/diagnosing-bugs/scripts/hitl-loop.template.sh""]","{"".agents/skills/diagnosing-bugs/scripts/hitl-loop.template.sh"": ""所属仓 .agents/skills 权威目录 → update-skill-lock / sync-skills → 所属 CLI sync-template"", ""submodules/yss-harness-backend-agent/.agents/skills/diagnosing-bugs/scripts/hitl-loop.template.sh"": ""所属仓 .agents/skills 权威目录 → update-skill-lock / sync-skills → 所属 CLI sync-template"", ""submodules/yss-harness-design-agent/.agents/skills/diagnosing-bugs/scripts/hitl-loop.template.sh"": ""所属仓 .agents/skills 权威目录 → update-skill-lock / sync-skills → 所属 CLI sync-template"", ""submodules/yss-harness-dev-agent/.agents/skills/diagnosing-bugs/scripts/hitl-loop.template.sh"": ""所属仓 .agents/skills 权威目录 → update-skill-lock / sync-skills → 所属 CLI sync-template"", ""submodules/yss-harness-frontend-agent/.agents/skills/diagnosing-bugs/scripts/hitl-loop.template.sh"": ""所属仓 .agents/skills 权威目录 → update-skill-lock / sync-skills → 所属 CLI sync-template""}",[],"{"".agents/skills/diagnosing-bugs/scripts/hitl-loop.template.sh"": ""18ae07e1cc49b32c71767e241a6e8de4be74ef21d5e3b7e39034d9c7335f2d80"", ""submodules/yss-harness-backend-agent/.agents/skills/diagnosing-bugs/scripts/hitl-loop.template.sh"": ""18ae07e1cc49b32c71767e241a6e8de4be74ef21d5e3b7e39034d9c7335f2d80"", ""submodules/yss-harness-design-agent/.agents/skills/diagnosing-bugs/scripts/hitl-loop.template.sh"": ""18ae07e1cc49b32c71767e241a6e8de4be74ef21d5e3b7e39034d9c7335f2d80"", ""submodules/yss-harness-dev-agent/.agents/skills/diagnosing-bugs/scripts/hitl-loop.template.sh"": ""18ae07e1cc49b32c71767e241a6e8de4be74ef21d5e3b7e39034d9c7335f2d80"", ""submodules/yss-harness-frontend-agent/.agents/skills/diagnosing-bugs/scripts/hitl-loop.template.sh"": ""18ae07e1cc49b32c71767e241a6e8de4be74ef21d5e3b7e39034d9c7335f2d80""}",[],,"[""submodules/create-yss-harness-dev/template/.agents/skills/diagnosing-bugs/scripts/hitl-loop.template.sh"", ""submodules/create-yss-spec/template/.agents/skills/diagnosing-bugs/scripts/hitl-loop.template.sh"", ""submodules/create-yss-strategic-design/template/.agents/skills/diagnosing-bugs/scripts/hitl-loop.template.sh""]",0,0,logs/validation-after-recovery-0.stdout; runs.jsonl; final-refresh-results.json; distribution-results-corrected.json,本轮只执行维护夹具；真实依赖、实际工程、远端网络或显式 self-update 缺少已选真实环境，不把 mock 用时算作外部收益。,V8 观察是维护夹具入口频次，非线上调用频率；未观察到的实现未作逐函数性能通过声明。输入尺度详见 report.md。
18ee3835ff72e177ccd564a0478240d55a7b55ed23f04427bc1c3fc1361dc770,submodules/yss-harness-backend-agent/scripts/lib/scenario-checks.mjs,True,False,1,1,fixture-test-only,,测试检查/合成Git仓工具，按实际回归场景测量，不独立产品基准,只读源码抽样核对；隔离真实输入计时；若关联候选则采用其验证设计,unknown-unless-candidate-explicitly-establishes-source,library,"{""process_spawn"": true, ""tree_io"": false, ""network"": false, ""mutation"": false, ""sleep"": false, ""loop"": true}",manual-candidate-or-automatic-classification-not-function-level-proof,测量后保留,"[""submodules/yss-harness-backend-agent/scripts/lib/scenario-checks.mjs""]","{""submodules/yss-harness-backend-agent/scripts/lib/scenario-checks.mjs"": ""所属 Harness 持有 profile 变体；仅移植已核对的性能变更 → 所属 CLI sync-template""}","[""submodules/yss-harness-backend-agent/scripts/verify-lifecycle-scenarios"", ""submodules/yss-harness-backend-agent/scripts/verify-matt-yss-integration-scenarios"", ""submodules/yss-harness-backend-agent/scripts/verify-openapi-json-handoff-scenarios"", ""submodules/yss-harness-backend-agent/scripts/verify-openapi-yaml-first-scenarios"", ""submodules/yss-harness-backend-agent/scripts/verify-prototype-backend-scaffold-scenarios"", ""submodules/yss-harness-backend-agent/scripts/verify-yss-dto-openapi-scenarios"", ""submodules/yss-harness-backend-agent/scripts/verify-yss-implementation-contract-compiler-scenarios""]","{""submodules/yss-harness-backend-agent/scripts/lib/scenario-checks.mjs"": ""18ee3835ff72e177ccd564a0478240d55a7b55ed23f04427bc1c3fc1361dc770""}",[],,[],0,0,logs/validation-after-recovery-0.stdout; runs.jsonl; final-refresh-results.json; distribution-results-corrected.json,采样维护入口调用频次、目录/输入规模后未取得应增加复杂度的独立热点证据；保留现实现。 未取得可绑定此 SHA 的 V8 加载样本；临时模块可能已随夹具清理，不能把缺少可绑定样本解释成线上零调用或性能正常。,V8 观察是维护夹具入口频次，非线上调用频率；未观察到的实现未作逐函数性能通过声明。输入尺度详见 report.md。
19bd52b04f6c6c2420b8dcc4b58a606922cf677d90d3fdb174f4b26609230e9c,scripts/verify-yss-implementation-contract-compiler-scenarios,True,False,6,6,fixture-test-only,,断言/回归入口；是否启动真实环境需沿callee区分,隔离执行对应测试，区分mock/真实构建/外部资源,unknown-unless-candidate-explicitly-establishes-source,wrapper,"{""process_spawn"": true, ""tree_io"": false, ""network"": false, ""mutation"": false, ""sleep"": false, ""loop"": false}",manual-candidate-or-automatic-classification-not-function-level-proof,测量后保留,"[""scripts/verify-yss-implementation-contract-compiler-scenarios"", ""submodules/yss-harness-backend-agent/scripts/verify-yss-implementation-contract-compiler-scenarios"", ""submodules/yss-harness-dev-agent/scripts/verify-yss-implementation-contract-compiler-scenarios"", ""submodules/yss-harness-frontend-agent/scripts/verify-yss-implementation-contract-compiler-scenarios""]","{""scripts/verify-yss-implementation-contract-compiler-scenarios"": ""本体脚本权威；通过本体 CLI manifest/sync-template 分发；入口由完整核验 profile 选择"", ""submodules/yss-harness-backend-agent/scripts/verify-yss-implementation-contract-compiler-scenarios"": ""所属 Harness 持有 profile 变体；仅移植已核对的性能变更 → 所属 CLI sync-template"", ""submodules/yss-harness-dev-agent/scripts/verify-yss-implementation-contract-compiler-scenarios"": ""所属 Harness 持有 profile 变体；仅移植已核对的性能变更 → 所属 CLI sync-template"", ""submodules/yss-harness-frontend-agent/scripts/verify-yss-implementation-contract-compiler-scenarios"": ""所属 Harness 持有 profile 变体；仅移植已核对的性能变更 → 所属 CLI sync-template""}","[""scripts/verify-template-verification-scenarios"", ""submodules/create-yss-harness-dev/template/scripts/verify-template-verification-scenarios"", ""submodules/create-yss-spec/template/scripts/verify-template-verification-scenarios"", ""submodules/yss-harness-backend-agent/scripts/verify-template-verification-scenarios"", ""submodules/yss-harness-dev-agent/scripts/verify-template-verification-scenarios"", ""submodules/yss-harness-frontend-agent/scripts/verify-template-verification-scenarios""]","{""scripts/verify-yss-implementation-contract-compiler-scenarios"": ""19bd52b04f6c6c2420b8dcc4b58a606922cf677d90d3fdb174f4b26609230e9c"", ""submodules/yss-harness-backend-agent/scripts/verify-yss-implementation-contract-compiler-scenarios"": ""19bd52b04f6c6c2420b8dcc4b58a606922cf677d90d3fdb174f4b26609230e9c"", ""submodules/yss-harness-dev-agent/scripts/verify-yss-implementation-contract-compiler-scenarios"": ""19bd52b04f6c6c2420b8dcc4b58a606922cf677d90d3fdb174f4b26609230e9c"", ""submodules/yss-harness-frontend-agent/scripts/verify-yss-implementation-contract-compiler-scenarios"": ""19bd52b04f6c6c2420b8dcc4b58a606922cf677d90d3fdb174f4b26609230e9c""}",[],,"[""submodules/create-yss-harness-dev/template/scripts/verify-yss-implementation-contract-compiler-scenarios"", ""submodules/create-yss-spec/template/scripts/verify-yss-implementation-contract-compiler-scenarios""]",1,1,logs/validation-after-recovery-0.stdout; runs.jsonl; final-refresh-results.json; distribution-results-corrected.json,采样维护入口调用频次、目录/输入规模后未取得应增加复杂度的独立热点证据；保留现实现。,V8 观察是维护夹具入口频次，非线上调用频率；未观察到的实现未作逐函数性能通过声明。输入尺度详见 report.md。
1bbf66d7ab508d5ee340cdbc824199563ac100ac609759fef902ed843c3071a4,scripts/lib/json-schema.mjs,True,False,8,9,candidate,P01,直接引用源码已人工核对,见关联候选验证设计,unknown-unless-candidate-explicitly-establishes-source,library,"{""process_spawn"": true, ""tree_io"": false, ""network"": false, ""mutation"": false, ""sleep"": false, ""loop"": true}",manual-candidate-or-automatic-classification-not-function-level-proof,优化并验证,"[""scripts/lib/json-schema.mjs""]","{""scripts/lib/json-schema.mjs"": ""本体共享工具 → sync-strategic-handoff-tools → 四 Harness（backend wire import 适配）→ CLI 快照""}","["".agents/skills/yss-ddd-scaffold-generator/scripts/generate_scaffold.mjs"", "".agents/skills/yss-frontend-scaffold-generator/scripts/generate_scaffold.mjs"", "".agents/skills/yss-layered-mvc-scaffold-generator/scripts/generate_scaffold.mjs"", "".agents/skills/yss-technical-design/scripts/validate-technical-design.mjs"", ""scripts/lib/maintenance-review.mjs"", ""scripts/lib/task-package-schema.mjs"", ""scripts/lib/user-decision.mjs"", ""scripts/verify-scaffold-architecture-decisions"", ""submodules/create-yss-harness-dev/template/.agents/skills/yss-technical-design/scripts/validate-technical-design.mjs"", ""submodules/create-yss-harness-dev/template/scripts/lib/maintenance-review.mjs"", ""submodules/create-yss-harness-dev/template/scripts/lib/task-package-schema.mjs"", ""submodules/create-yss-harness-dev/template/scripts/lib/user-decision.mjs"", ""submodules/create-yss-harness-dev/template/scripts/verify-scaffold-architecture-decisions"", ""submodules/create-yss-spec/template/.agents/skills/yss-ddd-scaffold-generator/scripts/generate_scaffold.mjs"", ""submodules/create-yss-spec/template/.agents/skills/yss-frontend-scaffold-generator/scripts/generate_scaffold.mjs"", ""submodules/create-yss-spec/template/.agents/skills/yss-layered-mvc-scaffold-generator/scripts/generate_scaffold.mjs"", ""submodules/create-yss-spec/template/.agents/skills/yss-technical-design/scripts/validate-technical-design.mjs"", ""submodules/create-yss-spec/template/scripts/lib/maintenance-review.mjs"", ""submodules/create-yss-spec/template/scripts/lib/task-package-schema.mjs"", ""submodules/create-yss-spec/template/scripts/lib/user-decision.mjs"", ""submodules/create-yss-spec/template/scripts/verify-scaffold-architecture-decisions"", ""submodules/create-yss-strategic-design/template/scripts/lib/user-decision.mjs"", ""submodules/yss-harness-backend-agent/.agents/skills/yss-technical-design/scripts/validate-technical-design.mjs"", ""submodules/yss-harness-backend-agent/scripts/lib/maintenance-review.mjs"", ""submodules/yss-harness-backend-agent/scripts/lib/task-package-schema.mjs"", ""submodules/yss-harness-backend-agent/scripts/lib/user-decision.mjs"", ""submodules/yss-harness-backend-agent/scripts/verify-scaffold-architecture-decisions"", ""submodules/yss-harness-design-agent/scripts/lib/user-decision.mjs"", ""submodules/yss-harness-dev-agent/.agents/skills/yss-technical-design/scripts/validate-technical-design.mjs"", ""submodules/yss-harness-dev-agent/scripts/lib/maintenance-review.mjs"", ""submodules/yss-harness-dev-agent/scripts/lib/task-package-schema.mjs"", ""submodules/yss-harness-dev-agent/scripts/lib/user-decision.mjs"", ""submodules/yss-harness-dev-agent/scripts/verify-scaffold-architecture-decisions"", ""submodules/yss-harness-frontend-agent/scripts/lib/maintenance-review.mjs"", ""submodules/yss-harness-frontend-agent/scripts/lib/task-package-schema.mjs"", ""submodules/yss-harness-frontend-agent/scripts/verify-scaffold-architecture-decisions""]","{""scripts/lib/json-schema.mjs"": ""578b253e03267ecfbc0dcefa81f5c44892f73ac753cc126ebb385d8b73726771""}","[""scripts/lib/json-schema.mjs""]",P01,"[""submodules/create-yss-harness-dev/template/scripts/lib/json-schema.mjs"", ""submodules/create-yss-spec/template/scripts/lib/json-schema.mjs"", ""submodules/create-yss-strategic-design/template/scripts/lib/json-schema.mjs"", ""submodules/yss-harness-backend-agent/scripts/lib/json-schema.mjs"", ""submodules/yss-harness-design-agent/scripts/lib/json-schema.mjs"", ""submodules/yss-harness-dev-agent/scripts/lib/json-schema.mjs"", ""submodules/yss-harness-frontend-agent/scripts/lib/json-schema.mjs""]",154,2403,logs/validation-after-recovery-0.stdout; runs.jsonl; final-refresh-results.json; distribution-results-corrected.json,权威实现或其受控 Harness 变体有本轮变更；验证以 Fresh Verification、相关场景和候选对照为依据，副本不冒充独立优化。,V8 观察是维护夹具入口频次，非线上调用频率；未观察到的实现未作逐函数性能通过声明。输入尺度详见 report.md。
1ca1c673de437617f663e42f9dd9496fb5f1eff2fd84894c58d66055953954c3,scripts/verify-maintenance-review-workflow-scenarios,True,False,2,2,fixture-test-only,,断言/回归入口；是否启动真实环境需沿callee区分,隔离执行对应测试，区分mock/真实构建/外部资源,unknown-unless-candidate-explicitly-establishes-source,cli,"{""process_spawn"": true, ""tree_io"": true, ""network"": false, ""mutation"": true, ""sleep"": false, ""loop"": true}",manual-candidate-or-automatic-classification-not-function-level-proof,测量后保留,"[""scripts/verify-maintenance-review-workflow-scenarios""]","{""scripts/verify-maintenance-review-workflow-scenarios"": ""本体脚本权威；通过本体 CLI manifest/sync-template 分发；入口由完整核验 profile 选择""}",[],"{""scripts/verify-maintenance-review-workflow-scenarios"": ""1ca1c673de437617f663e42f9dd9496fb5f1eff2fd84894c58d66055953954c3""}",[],,"[""submodules/create-yss-spec/template/scripts/verify-maintenance-review-workflow-scenarios""]",1,24,logs/validation-after-recovery-0.stdout; runs.jsonl; final-refresh-results.json; distribution-results-corrected.json,采样维护入口调用频次、目录/输入规模后未取得应增加复杂度的独立热点证据；保留现实现。,V8 观察是维护夹具入口频次，非线上调用频率；未观察到的实现未作逐函数性能通过声明。输入尺度详见 report.md。
1d5844bf221d604d08836b67945864f165e635c491461b74443c4b251c9b4704,scripts/verify-maintenance-review-record,True,False,6,11,wrapper-follow-callee,,短包装/重导出入口；主要成本落在callee,计入口启动开销并追踪实际callee，保留兼容入口,unknown-unless-candidate-explicitly-establishes-source,wrapper,"{""process_spawn"": false, ""tree_io"": false, ""network"": false, ""mutation"": false, ""sleep"": false, ""loop"": true}",manual-candidate-or-automatic-classification-not-function-level-proof,测量后保留,"[""scripts/verify-maintenance-review-record"", ""submodules/yss-harness-backend-agent/scripts/verify-maintenance-review-record"", ""submodules/yss-harness-dev-agent/scripts/verify-maintenance-review-record"", ""submodules/yss-harness-frontend-agent/scripts/verify-maintenance-review-record""]","{""scripts/verify-maintenance-review-record"": ""本体脚本权威；通过本体 CLI manifest/sync-template 分发；入口由完整核验 profile 选择"", ""submodules/yss-harness-backend-agent/scripts/verify-maintenance-review-record"": ""所属 Harness 持有 profile 变体；仅移植已核对的性能变更 → 所属 CLI sync-template"", ""submodules/yss-harness-dev-agent/scripts/verify-maintenance-review-record"": ""所属 Harness 持有 profile 变体；仅移植已核对的性能变更 → 所属 CLI sync-template"", ""submodules/yss-harness-frontend-agent/scripts/verify-maintenance-review-record"": ""所属 Harness 持有 profile 变体；仅移植已核对的性能变更 → 所属 CLI sync-template""}","[""scripts/verify-maintenance-review-record"", ""submodules/create-yss-harness-dev/template/scripts/verify-maintenance-review-record"", ""submodules/create-yss-spec/template/scripts/verify-maintenance-review-record"", ""submodules/yss-harness-backend-agent/scripts/verify-maintenance-review-record"", ""submodules/yss-harness-dev-agent/scripts/verify-maintenance-review-record"", ""submodules/yss-harness-frontend-agent/scripts/verify-maintenance-review-record""]","{""scripts/verify-maintenance-review-record"": ""1d5844bf221d604d08836b67945864f165e635c491461b74443c4b251c9b4704"", ""submodules/yss-harness-backend-agent/scripts/verify-maintenance-review-record"": ""1d5844bf221d604d08836b67945864f165e635c491461b74443c4b251c9b4704"", ""submodules/yss-harness-dev-agent/scripts/verify-maintenance-review-record"": ""1d5844bf221d604d08836b67945864f165e635c491461b74443c4b251c9b4704"", ""submodules/yss-harness-frontend-agent/scripts/verify-maintenance-review-record"": ""1d5844bf221d604d08836b67945864f165e635c491461b74443c4b251c9b4704""}",[],,"[""submodules/create-yss-harness-dev/template/scripts/verify-maintenance-review-record"", ""submodules/create-yss-spec/template/scripts/verify-maintenance-review-record""]",0,0,logs/validation-after-recovery-0.stdout; runs.jsonl; final-refresh-results.json; distribution-results-corrected.json,采样维护入口调用频次、目录/输入规模后未取得应增加复杂度的独立热点证据；保留现实现。 未取得可绑定此 SHA 的 V8 加载样本；临时模块可能已随夹具清理，不能把缺少可绑定样本解释成线上零调用或性能正常。,V8 观察是维护夹具入口频次，非线上调用频率；未观察到的实现未作逐函数性能通过声明。输入尺度详见 report.md。
1d5e4a4c8a0213e447cd7e04ee45b0ab4a7c9ce59ce2997192830b35386ed34d,.agents/skills/llm-wiki/scripts/advise.test.mjs,True,False,8,34,fixture-test-only,,断言/回归入口；是否启动真实环境需沿callee区分,隔离执行对应测试，区分mock/真实构建/外部资源,unknown-unless-candidate-explicitly-establishes-source,test,"{""process_spawn"": true, ""tree_io"": true, ""network"": false, ""mutation"": true, ""sleep"": false, ""loop"": false}",manual-candidate-or-automatic-classification-not-function-level-proof,测量后保留,"["".agents/skills/llm-wiki/scripts/advise.test.mjs"", ""submodules/yss-harness-backend-agent/.agents/skills/llm-wiki/scripts/advise.test.mjs"", ""submodules/yss-harness-design-agent/.agents/skills/llm-wiki/scripts/advise.test.mjs"", ""submodules/yss-harness-dev-agent/.agents/skills/llm-wiki/scripts/advise.test.mjs"", ""submodules/yss-harness-frontend-agent/.agents/skills/llm-wiki/scripts/advise.test.mjs""]","{"".agents/skills/llm-wiki/scripts/advise.test.mjs"": ""所属仓 .agents/skills 权威目录 → update-skill-lock / sync-skills → 所属 CLI sync-template"", ""submodules/yss-harness-backend-agent/.agents/skills/llm-wiki/scripts/advise.test.mjs"": ""所属仓 .agents/skills 权威目录 → update-skill-lock / sync-skills → 所属 CLI sync-template"", ""submodules/yss-harness-design-agent/.agents/skills/llm-wiki/scripts/advise.test.mjs"": ""所属仓 .agents/skills 权威目录 → update-skill-lock / sync-skills → 所属 CLI sync-template"", ""submodules/yss-harness-dev-agent/.agents/skills/llm-wiki/scripts/advise.test.mjs"": ""所属仓 .agents/skills 权威目录 → update-skill-lock / sync-skills → 所属 CLI sync-template"", ""submodules/yss-harness-frontend-agent/.agents/skills/llm-wiki/scripts/advise.test.mjs"": ""所属仓 .agents/skills 权威目录 → update-skill-lock / sync-skills → 所属 CLI sync-template""}",[],"{"".agents/skills/llm-wiki/scripts/advise.test.mjs"": ""1d5e4a4c8a0213e447cd7e04ee45b0ab4a7c9ce59ce2997192830b35386ed34d"", ""submodules/yss-harness-backend-agent/.agents/skills/llm-wiki/scripts/advise.test.mjs"": ""1d5e4a4c8a0213e447cd7e04ee45b0ab4a7c9ce59ce2997192830b35386ed34d"", ""submodules/yss-harness-design-agent/.agents/skills/llm-wiki/scripts/advise.test.mjs"": ""1d5e4a4c8a0213e447cd7e04ee45b0ab4a7c9ce59ce2997192830b35386ed34d"", ""submodules/yss-harness-dev-agent/.agents/skills/llm-wiki/scripts/advise.test.mjs"": ""1d5e4a4c8a0213e447cd7e04ee45b0ab4a7c9ce59ce2997192830b35386ed34d"", ""submodules/yss-harness-frontend-agent/.agents/skills/llm-wiki/scripts/advise.test.mjs"": ""1d5e4a4c8a0213e447cd7e04ee45b0ab4a7c9ce59ce2997192830b35386ed34d""}",[],,"[""submodules/create-yss-harness-dev/template/.agents/skills/llm-wiki/scripts/advise.test.mjs"", ""submodules/create-yss-spec/template/.agents/skills/llm-wiki/scripts/advise.test.mjs"", ""submodules/create-yss-strategic-design/template/.agents/skills/llm-wiki/scripts/advise.test.mjs""]",0,0,logs/validation-after-recovery-0.stdout; runs.jsonl; final-refresh-results.json; distribution-results-corrected.json,采样维护入口调用频次、目录/输入规模后未取得应增加复杂度的独立热点证据；保留现实现。 未取得可绑定此 SHA 的 V8 加载样本；临时模块可能已随夹具清理，不能把缺少可绑定样本解释成线上零调用或性能正常。,V8 观察是维护夹具入口频次，非线上调用频率；未观察到的实现未作逐函数性能通过声明。输入尺度详见 report.md。
1f30a39bd9d85e24f58ba214679254d90e30b649daf549433df643a74c774c32,submodules/yss-harness-backend-agent/scripts/lib/skill-supply-chain.mjs,True,False,2,2,candidate-caller,P04,命中候选函数/调用链；可能含字符串/注释，非独立瓶颈证明,沿实际调用链归因，见候选设计；不要据regex删除检查,unknown-unless-candidate-explicitly-establishes-source,library,"{""process_spawn"": true, ""tree_io"": true, ""network"": false, ""mutation"": true, ""sleep"": false, ""loop"": true}",manual-candidate-or-automatic-classification-not-function-level-proof,优化并验证,"[""submodules/yss-harness-backend-agent/scripts/lib/skill-supply-chain.mjs"", ""submodules/yss-harness-frontend-agent/scripts/lib/skill-supply-chain.mjs""]","{""submodules/yss-harness-backend-agent/scripts/lib/skill-supply-chain.mjs"": ""所属 Harness 持有 profile 变体；仅移植已核对的性能变更 → 所属 CLI sync-template"", ""submodules/yss-harness-frontend-agent/scripts/lib/skill-supply-chain.mjs"": ""所属 Harness 持有 profile 变体；仅移植已核对的性能变更 → 所属 CLI sync-template""}","[""submodules/yss-harness-backend-agent/scripts/audit-yss-backend-skills"", ""submodules/yss-harness-backend-agent/scripts/generate-yss-skill-boundaries"", ""submodules/yss-harness-backend-agent/scripts/lib/implementation-contract-compiler.mjs"", ""submodules/yss-harness-backend-agent/scripts/lib/skill-registry.mjs"", ""submodules/yss-harness-backend-agent/scripts/sync-skills"", ""submodules/yss-harness-backend-agent/scripts/update-skill-lock"", ""submodules/yss-harness-backend-agent/scripts/verify-retired-skill-ids"", ""submodules/yss-harness-backend-agent/scripts/verify-upstream-skill-source"", ""submodules/yss-harness-frontend-agent/scripts/audit-yss-backend-skills"", ""submodules/yss-harness-frontend-agent/scripts/generate-yss-skill-boundaries"", ""submodules/yss-harness-frontend-agent/scripts/lib/implementation-contract-compiler.mjs"", ""submodules/yss-harness-frontend-agent/scripts/lib/skill-registry.mjs"", ""submodules/yss-harness-frontend-agent/scripts/sync-skills"", ""submodules/yss-harness-frontend-agent/scripts/update-skill-lock"", ""submodules/yss-harness-frontend-agent/scripts/verify-retired-skill-ids"", ""submodules/yss-harness-frontend-agent/scripts/verify-upstream-skill-source""]","{""submodules/yss-harness-backend-agent/scripts/lib/skill-supply-chain.mjs"": ""8502c8c2ee3e3f69727afd585da2dd870487595f75307e8e905a2760a320e415"", ""submodules/yss-harness-frontend-agent/scripts/lib/skill-supply-chain.mjs"": ""8502c8c2ee3e3f69727afd585da2dd870487595f75307e8e905a2760a320e415""}","[""submodules/yss-harness-backend-agent/scripts/lib/skill-supply-chain.mjs"", ""submodules/yss-harness-frontend-agent/scripts/lib/skill-supply-chain.mjs""]",P04,[],0,0,logs/validation-after-recovery-0.stdout; runs.jsonl; final-refresh-results.json; distribution-results-corrected.json,权威实现或其受控 Harness 变体有本轮变更；验证以 Fresh Verification、相关场景和候选对照为依据，副本不冒充独立优化。,V8 观察是维护夹具入口频次，非线上调用频率；未观察到的实现未作逐函数性能通过声明。输入尺度详见 report.md。
1f93c512ee318ed5e3df70cc5e24ab471136a66f66d2041b0e8313a65dcde514,scripts/lib/repository-mode.mjs,True,False,8,9,static-no-confirmed-hotspot,,词法/路径分类，未证明性能正常,按真实调用频率与输入规模采样；有证据再扩大分析,unknown-unless-candidate-explicitly-establishes-source,library,"{""process_spawn"": false, ""tree_io"": false, ""network"": false, ""mutation"": false, ""sleep"": false, ""loop"": false}",manual-candidate-or-automatic-classification-not-function-level-proof,测量后保留,"[""scripts/lib/repository-mode.mjs"", ""submodules/yss-harness-backend-agent/scripts/lib/repository-mode.mjs"", ""submodules/yss-harness-design-agent/scripts/lib/repository-mode.mjs"", ""submodules/yss-harness-dev-agent/scripts/lib/repository-mode.mjs"", ""submodules/yss-harness-frontend-agent/scripts/lib/repository-mode.mjs""]","{""scripts/lib/repository-mode.mjs"": ""本体脚本权威；通过本体 CLI manifest/sync-template 分发；入口由完整核验 profile 选择"", ""submodules/yss-harness-backend-agent/scripts/lib/repository-mode.mjs"": ""所属 Harness 持有 profile 变体；仅移植已核对的性能变更 → 所属 CLI sync-template"", ""submodules/yss-harness-design-agent/scripts/lib/repository-mode.mjs"": ""所属 Harness 持有 profile 变体；仅移植已核对的性能变更 → 所属 CLI sync-template"", ""submodules/yss-harness-dev-agent/scripts/lib/repository-mode.mjs"": ""所属 Harness 持有 profile 变体；仅移植已核对的性能变更 → 所属 CLI sync-template"", ""submodules/yss-harness-frontend-agent/scripts/lib/repository-mode.mjs"": ""所属 Harness 持有 profile 变体；仅移植已核对的性能变更 → 所属 CLI sync-template""}","[""scripts/lib/skill-governance.mjs"", ""scripts/node-generate-lifecycle-artifacts.mjs"", ""scripts/node-verify-lifecycle-registry.mjs"", ""scripts/repository-mode"", ""scripts/verify-governance-release"", ""submodules/create-yss-harness-dev/template/scripts/lib/harness-profile.mjs"", ""submodules/create-yss-harness-dev/template/scripts/lib/instance-distribution.mjs"", ""submodules/create-yss-harness-dev/template/scripts/node-generate-lifecycle-artifacts.mjs"", ""submodules/create-yss-harness-dev/template/scripts/node-verify-lifecycle-registry.mjs"", ""submodules/create-yss-harness-dev/template/scripts/repository-mode"", ""submodules/create-yss-harness-dev/template/scripts/verify-governance-release"", ""submodules/create-yss-spec/template/scripts/lib/skill-governance.mjs"", ""submodules/create-yss-spec/template/scripts/node-generate-lifecycle-artifacts.mjs"", ""submodules/create-yss-spec/template/scripts/node-verify-lifecycle-registry.mjs"", ""submodules/create-yss-spec/template/scripts/repository-mode"", ""submodules/create-yss-spec/template/scripts/verify-governance-release"", ""submodules/create-yss-strategic-design/template/scripts/node-generate-lifecycle-artifacts.mjs"", ""submodules/create-yss-strategic-design/template/scripts/node-verify-lifecycle-registry.mjs"", ""submodules/create-yss-strategic-design/template/scripts/repository-mode"", ""submodules/create-yss-strategic-design/template/scripts/verify-instance-distribution"", ""submodules/yss-harness-backend-agent/scripts/lib/harness-profile.mjs"", ""submodules/yss-harness-backend-agent/scripts/lib/instance-distribution.mjs"", ""submodules/yss-harness-backend-agent/scripts/node-generate-lifecycle-artifacts.mjs"", ""submodules/yss-harness-backend-agent/scripts/node-verify-lifecycle-registry.mjs"", ""submodules/yss-harness-backend-agent/scripts/repository-mode"", ""submodules/yss-harness-backend-agent/scripts/verify-governance-release"", ""submodules/yss-harness-design-agent/scripts/node-generate-lifecycle-artifacts.mjs"", ""submodules/yss-harness-design-agent/scripts/node-verify-lifecycle-registry.mjs"", ""submodules/yss-harness-design-agent/scripts/repository-mode"", ""submodules/yss-harness-design-agent/scripts/verify-governance-release"", ""submodules/yss-harness-design-agent/scripts/verify-instance-distribution"", ""submodules/yss-harness-dev-agent/scripts/lib/harness-profile.mjs"", ""submodules/yss-harness-dev-agent/scripts/lib/instance-distribution.mjs"", ""submodules/yss-harness-dev-agent/scripts/node-generate-lifecycle-artifacts.mjs"", ""submodules/yss-harness-dev-agent/scripts/node-verify-lifecycle-registry.mjs"", ""submodules/yss-harness-dev-agent/scripts/repository-mode"", ""submodules/yss-harness-dev-agent/scripts/verify-governance-release"", ""submodules/yss-harness-frontend-agent/scripts/lib/harness-profile.mjs"", ""submodules/yss-harness-frontend-agent/scripts/lib/instance-distribution.mjs"", ""submodules/yss-harness-frontend-agent/scripts/node-generate-lifecycle-artifacts.mjs"", ""submodules/yss-harness-frontend-agent/scripts/node-verify-lifecycle-registry.mjs"", ""submodules/yss-harness-frontend-agent/scripts/repository-mode"", ""submodules/yss-harness-frontend-agent/scripts/verify-governance-release""]","{""scripts/lib/repository-mode.mjs"": ""1f93c512ee318ed5e3df70cc5e24ab471136a66f66d2041b0e8313a65dcde514"", ""submodules/yss-harness-backend-agent/scripts/lib/repository-mode.mjs"": ""1f93c512ee318ed5e3df70cc5e24ab471136a66f66d2041b0e8313a65dcde514"", ""submodules/yss-harness-design-agent/scripts/lib/repository-mode.mjs"": ""1f93c512ee318ed5e3df70cc5e24ab471136a66f66d2041b0e8313a65dcde514"", ""submodules/yss-harness-dev-agent/scripts/lib/repository-mode.mjs"": ""1f93c512ee318ed5e3df70cc5e24ab471136a66f66d2041b0e8313a65dcde514"", ""submodules/yss-harness-frontend-agent/scripts/lib/repository-mode.mjs"": ""1f93c512ee318ed5e3df70cc5e24ab471136a66f66d2041b0e8313a65dcde514""}",[],,"[""submodules/create-yss-harness-dev/template/scripts/lib/repository-mode.mjs"", ""submodules/create-yss-spec/template/scripts/lib/repository-mode.mjs"", ""submodules/create-yss-strategic-design/template/scripts/lib/repository-mode.mjs""]",10,39,logs/validation-after-recovery-0.stdout; runs.jsonl; final-refresh-results.json; distribution-results-corrected.json,采样维护入口调用频次、目录/输入规模后未取得应增加复杂度的独立热点证据；保留现实现。,V8 观察是维护夹具入口频次，非线上调用频率；未观察到的实现未作逐函数性能通过声明。输入尺度详见 report.md。
209f4279612743e7627fd099bf001142649dfaf047740c80e104721d4f0deafa,submodules/yss-harness-dev-agent/scripts/verify-approval-record,True,False,6,7,wrapper-follow-callee,,短包装/重导出入口；主要成本落在callee,计入口启动开销并追踪实际callee，保留兼容入口,unknown-unless-candidate-explicitly-establishes-source,wrapper,"{""process_spawn"": false, ""tree_io"": false, ""network"": false, ""mutation"": false, ""sleep"": false, ""loop"": false}",manual-candidate-or-automatic-classification-not-function-level-proof,测量后保留,"[""submodules/yss-harness-backend-agent/scripts/verify-approval-record"", ""submodules/yss-harness-design-agent/scripts/verify-approval-record"", ""submodules/yss-harness-dev-agent/scripts/verify-approval-record"", ""submodules/yss-harness-frontend-agent/scripts/verify-approval-record""]","{""submodules/yss-harness-backend-agent/scripts/verify-approval-record"": ""所属 Harness 持有 profile 变体；仅移植已核对的性能变更 → 所属 CLI sync-template"", ""submodules/yss-harness-design-agent/scripts/verify-approval-record"": ""所属 Harness 持有 profile 变体；仅移植已核对的性能变更 → 所属 CLI sync-template"", ""submodules/yss-harness-dev-agent/scripts/verify-approval-record"": ""所属 Harness 持有 profile 变体；仅移植已核对的性能变更 → 所属 CLI sync-template"", ""submodules/yss-harness-frontend-agent/scripts/verify-approval-record"": ""所属 Harness 持有 profile 变体；仅移植已核对的性能变更 → 所属 CLI sync-template""}","[""submodules/create-yss-harness-dev/template/scripts/verify-approval-record"", ""submodules/create-yss-harness-dev/template/scripts/verify-template-verification-scenarios"", ""submodules/create-yss-strategic-design/template/scripts/verify-approval-record"", ""submodules/create-yss-strategic-design/template/scripts/verify-template-verification-scenarios"", ""submodules/yss-harness-backend-agent/scripts/verify-approval-record"", ""submodules/yss-harness-backend-agent/scripts/verify-template-verification-scenarios"", ""submodules/yss-harness-design-agent/scripts/verify-approval-record"", ""submodules/yss-harness-design-agent/scripts/verify-template-verification-scenarios"", ""submodules/yss-harness-dev-agent/scripts/verify-approval-record"", ""submodules/yss-harness-dev-agent/scripts/verify-template-verification-scenarios"", ""submodules/yss-harness-frontend-agent/scripts/verify-approval-record"", ""submodules/yss-harness-frontend-agent/scripts/verify-template-verification-scenarios""]","{""submodules/yss-harness-backend-agent/scripts/verify-approval-record"": ""209f4279612743e7627fd099bf001142649dfaf047740c80e104721d4f0deafa"", ""submodules/yss-harness-design-agent/scripts/verify-approval-record"": ""209f4279612743e7627fd099bf001142649dfaf047740c80e104721d4f0deafa"", ""submodules/yss-harness-dev-agent/scripts/verify-approval-record"": ""209f4279612743e7627fd099bf001142649dfaf047740c80e104721d4f0deafa"", ""submodules/yss-harness-frontend-agent/scripts/verify-approval-record"": ""209f4279612743e7627fd099bf001142649dfaf047740c80e104721d4f0deafa""}",[],,"[""submodules/create-yss-harness-dev/template/scripts/verify-approval-record"", ""submodules/create-yss-strategic-design/template/scripts/verify-approval-record""]",0,0,logs/validation-after-recovery-0.stdout; runs.jsonl; final-refresh-results.json; distribution-results-corrected.json,采样维护入口调用频次、目录/输入规模后未取得应增加复杂度的独立热点证据；保留现实现。 未取得可绑定此 SHA 的 V8 加载样本；临时模块可能已随夹具清理，不能把缺少可绑定样本解释成线上零调用或性能正常。,V8 观察是维护夹具入口频次，非线上调用频率；未观察到的实现未作逐函数性能通过声明。输入尺度详见 report.md。
21569086da8908677e690ecf6ba250963e3f31abdcf1cc0f85838ea6c86715de,scripts/lib/maintenance-review.mjs,True,False,2,2,candidate-caller,P01,命中候选函数/调用链；可能含字符串/注释，非独立瓶颈证明,沿实际调用链归因，见候选设计；不要据regex删除检查,unknown-unless-candidate-explicitly-establishes-source,library,"{""process_spawn"": false, ""tree_io"": false, ""network"": false, ""mutation"": false, ""sleep"": false, ""loop"": true}",manual-candidate-or-automatic-classification-not-function-level-proof,测量后保留,"[""scripts/lib/maintenance-review.mjs""]","{""scripts/lib/maintenance-review.mjs"": ""本体脚本权威；通过本体 CLI manifest/sync-template 分发；入口由完整核验 profile 选择""}","[""scripts/lib/maintenance-intensity.mjs"", ""scripts/verify-maintenance-intensity-scenarios"", ""scripts/verify-maintenance-review-record"", ""submodules/create-yss-spec/template/scripts/lib/maintenance-intensity.mjs"", ""submodules/create-yss-spec/template/scripts/verify-maintenance-intensity-scenarios"", ""submodules/create-yss-spec/template/scripts/verify-maintenance-review-record""]","{""scripts/lib/maintenance-review.mjs"": ""21569086da8908677e690ecf6ba250963e3f31abdcf1cc0f85838ea6c86715de""}",[],P01,"[""submodules/create-yss-spec/template/scripts/lib/maintenance-review.mjs""]",11,1132,logs/validation-after-recovery-0.stdout; runs.jsonl; final-refresh-results.json; distribution-results-corrected.json,采样维护入口调用频次、目录/输入规模后未取得应增加复杂度的独立热点证据；保留现实现。,V8 观察是维护夹具入口频次，非线上调用频率；未观察到的实现未作逐函数性能通过声明。输入尺度详见 report.md。
2234439186c291dbca2990da0294e25b849dc88ca32b0e75406c71c31cf13742,submodules/yss-harness-frontend-agent/.agents/skills/yss-skill-source-index-refresh/scripts/refresh-yss-skill-index.mjs,True,False,1,1,external-runtime-needs-input,,可能外部访问/更新入口，需具体参数与本地注入fixture,本轮不触发真实外部动作；区分cache/timeout与服务耗时,unknown-unless-candidate-explicitly-establishes-source,cli,"{""process_spawn"": false, ""tree_io"": true, ""network"": true, ""mutation"": true, ""sleep"": false, ""loop"": true}",manual-candidate-or-automatic-classification-not-function-level-proof,外部环境待验证,"[""submodules/yss-harness-frontend-agent/.agents/skills/yss-skill-source-index-refresh/scripts/refresh-yss-skill-index.mjs""]","{""submodules/yss-harness-frontend-agent/.agents/skills/yss-skill-source-index-refresh/scripts/refresh-yss-skill-index.mjs"": ""所属仓 .agents/skills 权威目录 → update-skill-lock / sync-skills → 所属 CLI sync-template""}","[""submodules/yss-harness-frontend-agent/.agents/skills/yss-skill-source-index-refresh/scripts/refresh-yss-skill-index.test.mjs""]","{""submodules/yss-harness-frontend-agent/.agents/skills/yss-skill-source-index-refresh/scripts/refresh-yss-skill-index.mjs"": ""2234439186c291dbca2990da0294e25b849dc88ca32b0e75406c71c31cf13742""}",[],,[],0,0,logs/validation-after-recovery-0.stdout; runs.jsonl; final-refresh-results.json; distribution-results-corrected.json,本轮只执行维护夹具；真实依赖、实际工程、远端网络或显式 self-update 缺少已选真实环境，不把 mock 用时算作外部收益。,V8 观察是维护夹具入口频次，非线上调用频率；未观察到的实现未作逐函数性能通过声明。输入尺度详见 report.md。
25578bac0543d84e227f351a1ed8812a90e2785e493bb29dfdeeca39d9b46565,scripts/verify-repository-scope-scenarios,True,False,2,2,fixture-test-only,,断言/回归入口；是否启动真实环境需沿callee区分,隔离执行对应测试，区分mock/真实构建/外部资源,unknown-unless-candidate-explicitly-establishes-source,cli,"{""process_spawn"": false, ""tree_io"": false, ""network"": true, ""mutation"": false, ""sleep"": false, ""loop"": true}",manual-candidate-or-automatic-classification-not-function-level-proof,测量后保留,"[""scripts/verify-repository-scope-scenarios""]","{""scripts/verify-repository-scope-scenarios"": ""本体脚本权威；通过本体 CLI manifest/sync-template 分发；入口由完整核验 profile 选择""}","[""scripts/verify-template-verification-scenarios"", ""submodules/create-yss-spec/template/scripts/verify-template-verification-scenarios""]","{""scripts/verify-repository-scope-scenarios"": ""25578bac0543d84e227f351a1ed8812a90e2785e493bb29dfdeeca39d9b46565""}",[],,"[""submodules/create-yss-spec/template/scripts/verify-repository-scope-scenarios""]",1,74,logs/validation-after-recovery-0.stdout; runs.jsonl; final-refresh-results.json; distribution-results-corrected.json,采样维护入口调用频次、目录/输入规模后未取得应增加复杂度的独立热点证据；保留现实现。,V8 观察是维护夹具入口频次，非线上调用频率；未观察到的实现未作逐函数性能通过声明。输入尺度详见 report.md。
2563f64017c791dd53d7c7efb53d2ca1342d47def5fb8cbc4e0d6d451f2bc3f0,scripts/fixtures/user-decision/plan-fixture.mjs,True,False,4,4,fixture-test-only,,测试数据/服务/生成fixture，非普通产品流转入口,随调用它的场景测fixture准备/清理；不当独立业务基准,unknown-unless-candidate-explicitly-establishes-source,fixture,"{""process_spawn"": false, ""tree_io"": true, ""network"": false, ""mutation"": true, ""sleep"": false, ""loop"": true}",manual-candidate-or-automatic-classification-not-function-level-proof,测量后保留,"[""scripts/fixtures/user-decision/plan-fixture.mjs"", ""submodules/yss-harness-design-agent/scripts/fixtures/user-decision/plan-fixture.mjs""]","{""scripts/fixtures/user-decision/plan-fixture.mjs"": ""本体脚本权威；通过本体 CLI manifest/sync-template 分发；入口由完整核验 profile 选择"", ""submodules/yss-harness-design-agent/scripts/fixtures/user-decision/plan-fixture.mjs"": ""所属 Harness 持有 profile 变体；仅移植已核对的性能变更 → 所属 CLI sync-template""}","[""scripts/lib/scenario-checks.mjs"", ""scripts/verify-plan-spec-entry-scenarios"", ""submodules/create-yss-spec/template/scripts/lib/scenario-checks.mjs"", ""submodules/create-yss-spec/template/scripts/verify-plan-spec-entry-scenarios"", ""submodules/create-yss-strategic-design/template/scripts/lib/scenario-checks.mjs"", ""submodules/create-yss-strategic-design/template/scripts/verify-plan-spec-entry-scenarios"", ""submodules/yss-harness-design-agent/scripts/lib/scenario-checks.mjs"", ""submodules/yss-harness-design-agent/scripts/verify-plan-spec-entry-scenarios""]","{""scripts/fixtures/user-decision/plan-fixture.mjs"": ""2563f64017c791dd53d7c7efb53d2ca1342d47def5fb8cbc4e0d6d451f2bc3f0"", ""submodules/yss-harness-design-agent/scripts/fixtures/user-decision/plan-fixture.mjs"": ""2563f64017c791dd53d7c7efb53d2ca1342d47def5fb8cbc4e0d6d451f2bc3f0""}",[],,"[""submodules/create-yss-spec/template/scripts/fixtures/user-decision/plan-fixture.mjs"", ""submodules/create-yss-strategic-design/template/scripts/fixtures/user-decision/plan-fixture.mjs""]",8,430,logs/validation-after-recovery-0.stdout; runs.jsonl; final-refresh-results.json; distribution-results-corrected.json,采样维护入口调用频次、目录/输入规模后未取得应增加复杂度的独立热点证据；保留现实现。,V8 观察是维护夹具入口频次，非线上调用频率；未观察到的实现未作逐函数性能通过声明。输入尺度详见 report.md。
2612dc5d8e8e59c02f45e441fc01291243349467af15e3573efea1ed2cd5ccf1,scripts/lib/frontend-delivery-boundary.mjs,True,False,8,8,candidate-caller,P09,已核对spawn边界固定60秒timeout；每次实际验包/技术设计，不缓存调用方verified标记,只读源码抽样核对；隔离真实输入计时；若关联候选则采用其验证设计,unknown-unless-candidate-explicitly-establishes-source,library,"{""process_spawn"": true, ""tree_io"": false, ""network"": false, ""mutation"": false, ""sleep"": false, ""loop"": true}",manual-candidate-or-automatic-classification-not-function-level-proof,测量后保留,"[""scripts/lib/frontend-delivery-boundary.mjs""]","{""scripts/lib/frontend-delivery-boundary.mjs"": ""本体脚本权威；通过本体 CLI manifest/sync-template 分发；入口由完整核验 profile 选择""}","["".template-source/scripts/verify-delivery-harness-distribution.mjs"", ""scripts/lib/implementation-contract-compiler.mjs"", ""scripts/lib/lifecycle-transition.mjs"", ""scripts/lib/task-package.mjs"", ""scripts/sync-strategic-handoff-tools"", ""scripts/verify-frontend-delivery-scenarios"", ""scripts/verify-frontend-implementation-evidence"", ""submodules/create-yss-harness-dev/template/scripts/lib/implementation-contract-compiler.mjs"", ""submodules/create-yss-harness-dev/template/scripts/lib/lifecycle-transition.mjs"", ""submodules/create-yss-harness-dev/template/scripts/lib/task-package.mjs"", ""submodules/create-yss-harness-dev/template/scripts/verify-frontend-delivery-scenarios"", ""submodules/create-yss-harness-dev/template/scripts/verify-frontend-implementation-evidence"", ""submodules/create-yss-spec/template/scripts/lib/implementation-contract-compiler.mjs"", ""submodules/create-yss-spec/template/scripts/lib/lifecycle-transition.mjs"", ""submodules/create-yss-spec/template/scripts/lib/task-package.mjs"", ""submodules/create-yss-spec/template/scripts/sync-strategic-handoff-tools"", ""submodules/create-yss-spec/template/scripts/verify-frontend-delivery-scenarios"", ""submodules/create-yss-spec/template/scripts/verify-frontend-implementation-evidence"", ""submodules/yss-harness-backend-agent/scripts/lib/implementation-contract-compiler.mjs"", ""submodules/yss-harness-backend-agent/scripts/lib/lifecycle-transition.mjs"", ""submodules/yss-harness-backend-agent/scripts/lib/task-package.mjs"", ""submodules/yss-harness-backend-agent/scripts/verify-frontend-delivery-scenarios"", ""submodules/yss-harness-backend-agent/scripts/verify-frontend-implementation-evidence"", ""submodules/yss-harness-dev-agent/scripts/lib/implementation-contract-compiler.mjs"", ""submodules/yss-harness-dev-agent/scripts/lib/lifecycle-transition.mjs"", ""submodules/yss-harness-dev-agent/scripts/lib/task-package.mjs"", ""submodules/yss-harness-dev-agent/scripts/verify-frontend-delivery-scenarios"", ""submodules/yss-harness-dev-agent/scripts/verify-frontend-implementation-evidence"", ""submodules/yss-harness-frontend-agent/scripts/lib/implementation-contract-compiler.mjs"", ""submodules/yss-harness-frontend-agent/scripts/lib/lifecycle-transition.mjs"", ""submodules/yss-harness-frontend-agent/scripts/lib/task-package.mjs"", ""submodules/yss-harness-frontend-agent/scripts/verify-frontend-delivery-scenarios"", ""submodules/yss-harness-frontend-agent/scripts/verify-frontend-implementation-evidence""]","{""scripts/lib/frontend-delivery-boundary.mjs"": ""2612dc5d8e8e59c02f45e441fc01291243349467af15e3573efea1ed2cd5ccf1""}",[],P09,"[""submodules/create-yss-harness-dev/template/scripts/lib/frontend-delivery-boundary.mjs"", ""submodules/create-yss-spec/template/scripts/lib/frontend-delivery-boundary.mjs"", ""submodules/create-yss-strategic-design/template/scripts/lib/frontend-delivery-boundary.mjs"", ""submodules/yss-harness-backend-agent/scripts/lib/frontend-delivery-boundary.mjs"", ""submodules/yss-harness-design-agent/scripts/lib/frontend-delivery-boundary.mjs"", ""submodules/yss-harness-dev-agent/scripts/lib/frontend-delivery-boundary.mjs"", ""submodules/yss-harness-frontend-agent/scripts/lib/frontend-delivery-boundary.mjs""]",31,173,logs/validation-after-recovery-0.stdout; runs.jsonl; final-refresh-results.json; distribution-results-corrected.json,采样维护入口调用频次、目录/输入规模后未取得应增加复杂度的独立热点证据；保留现实现。,V8 观察是维护夹具入口频次，非线上调用频率；未观察到的实现未作逐函数性能通过声明。输入尺度详见 report.md。
26808ded5dcc1dcc50919766afa8b8e5dbf6c5a1dd1377ade95a097450ff6f52,submodules/yss-harness-frontend-agent/scripts/verify-digital-human-roles-scenarios,True,False,1,1,fixture-test-only,,断言/回归入口；是否启动真实环境需沿callee区分,隔离执行对应测试，区分mock/真实构建/外部资源,unknown-unless-candidate-explicitly-establishes-source,cli,"{""process_spawn"": false, ""tree_io"": false, ""network"": false, ""mutation"": false, ""sleep"": false, ""loop"": true}",manual-candidate-or-automatic-classification-not-function-level-proof,测量后保留,"[""submodules/yss-harness-frontend-agent/scripts/verify-digital-human-roles-scenarios""]","{""submodules/yss-harness-frontend-agent/scripts/verify-digital-human-roles-scenarios"": ""所属 Harness 持有 profile 变体；仅移植已核对的性能变更 → 所属 CLI sync-template""}","[""submodules/yss-harness-frontend-agent/scripts/verify-template-verification-scenarios""]","{""submodules/yss-harness-frontend-agent/scripts/verify-digital-human-roles-scenarios"": ""26808ded5dcc1dcc50919766afa8b8e5dbf6c5a1dd1377ade95a097450ff6f52""}",[],,[],0,0,logs/validation-after-recovery-0.stdout; runs.jsonl; final-refresh-results.json; distribution-results-corrected.json,采样维护入口调用频次、目录/输入规模后未取得应增加复杂度的独立热点证据；保留现实现。 未取得可绑定此 SHA 的 V8 加载样本；临时模块可能已随夹具清理，不能把缺少可绑定样本解释成线上零调用或性能正常。,V8 观察是维护夹具入口频次，非线上调用频率；未观察到的实现未作逐函数性能通过声明。输入尺度详见 report.md。
26ad6b7e776c8bcc26046f3075bcbc68291fba255a22fb81f87f2adaa20bd882,submodules/yss-harness-design-agent/.agents/skills/yss-antdv-next-design/scripts/collect-antdv-next-facts.mjs,True,False,2,8,static-no-confirmed-hotspot,,词法/路径分类，未证明性能正常,按真实调用频率与输入规模采样；有证据再扩大分析,unknown-unless-candidate-explicitly-establishes-source,cli,"{""process_spawn"": true, ""tree_io"": true, ""network"": false, ""mutation"": true, ""sleep"": false, ""loop"": true}",manual-candidate-or-automatic-classification-not-function-level-proof,测量后保留,"[""submodules/yss-harness-design-agent/.agents/skills/yss-antdv-next-design/scripts/collect-antdv-next-facts.mjs""]","{""submodules/yss-harness-design-agent/.agents/skills/yss-antdv-next-design/scripts/collect-antdv-next-facts.mjs"": ""所属仓 .agents/skills 权威目录 → update-skill-lock / sync-skills → 所属 CLI sync-template""}",[],"{""submodules/yss-harness-design-agent/.agents/skills/yss-antdv-next-design/scripts/collect-antdv-next-facts.mjs"": ""26ad6b7e776c8bcc26046f3075bcbc68291fba255a22fb81f87f2adaa20bd882""}",[],,"[""submodules/create-yss-strategic-design/template/.agents/skills/yss-antdv-next-design/scripts/collect-antdv-next-facts.mjs""]",0,0,logs/validation-after-recovery-0.stdout; runs.jsonl; final-refresh-results.json; distribution-results-corrected.json,采样维护入口调用频次、目录/输入规模后未取得应增加复杂度的独立热点证据；保留现实现。 未取得可绑定此 SHA 的 V8 加载样本；临时模块可能已随夹具清理，不能把缺少可绑定样本解释成线上零调用或性能正常。,V8 观察是维护夹具入口频次，非线上调用频率；未观察到的实现未作逐函数性能通过声明。输入尺度详见 report.md。
284037d47d17ed2a04ffc30a8b6d4a43586805f66875dc0109aa604cd571a41e,scripts/verify-template,True,False,8,9,wrapper-follow-callee,,短包装/重导出入口；主要成本落在callee,计入口启动开销并追踪实际callee，保留兼容入口,unknown-unless-candidate-explicitly-establishes-source,wrapper,"{""process_spawn"": false, ""tree_io"": false, ""network"": false, ""mutation"": false, ""sleep"": false, ""loop"": false}",manual-candidate-or-automatic-classification-not-function-level-proof,测量后保留,"[""scripts/verify-template"", ""submodules/yss-harness-backend-agent/scripts/verify-template"", ""submodules/yss-harness-design-agent/scripts/verify-template"", ""submodules/yss-harness-dev-agent/scripts/verify-template"", ""submodules/yss-harness-frontend-agent/scripts/verify-template""]","{""scripts/verify-template"": ""本体脚本权威；通过本体 CLI manifest/sync-template 分发；入口由完整核验 profile 选择"", ""submodules/yss-harness-backend-agent/scripts/verify-template"": ""所属 Harness 持有 profile 变体；仅移植已核对的性能变更 → 所属 CLI sync-template"", ""submodules/yss-harness-design-agent/scripts/verify-template"": ""所属 Harness 持有 profile 变体；仅移植已核对的性能变更 → 所属 CLI sync-template"", ""submodules/yss-harness-dev-agent/scripts/verify-template"": ""所属 Harness 持有 profile 变体；仅移植已核对的性能变更 → 所属 CLI sync-template"", ""submodules/yss-harness-frontend-agent/scripts/verify-template"": ""所属 Harness 持有 profile 变体；仅移植已核对的性能变更 → 所属 CLI sync-template""}","[""scripts/lib/maintenance-intensity.mjs"", ""scripts/verify-maintenance-intensity-scenarios"", ""scripts/verify-maintenance-review-workflow-scenarios"", ""scripts/verify-subagent-task-package-scenarios"", ""submodules/create-yss-harness-dev/template/scripts/verify-subagent-task-package-scenarios"", ""submodules/create-yss-spec/template/scripts/lib/maintenance-intensity.mjs"", ""submodules/create-yss-spec/template/scripts/verify-maintenance-intensity-scenarios"", ""submodules/create-yss-spec/template/scripts/verify-maintenance-review-workflow-scenarios"", ""submodules/create-yss-spec/template/scripts/verify-subagent-task-package-scenarios"", ""submodules/create-yss-strategic-design/template/scripts/verify-subagent-task-package-scenarios"", ""submodules/yss-harness-backend-agent/scripts/verify-subagent-task-package-scenarios"", ""submodules/yss-harness-design-agent/scripts/verify-subagent-task-package-scenarios"", ""submodules/yss-harness-dev-agent/scripts/verify-subagent-task-package-scenarios"", ""submodules/yss-harness-frontend-agent/scripts/verify-subagent-task-package-scenarios""]","{""scripts/verify-template"": ""284037d47d17ed2a04ffc30a8b6d4a43586805f66875dc0109aa604cd571a41e"", ""submodules/yss-harness-backend-agent/scripts/verify-template"": ""284037d47d17ed2a04ffc30a8b6d4a43586805f66875dc0109aa604cd571a41e"", ""submodules/yss-harness-design-agent/scripts/verify-template"": ""284037d47d17ed2a04ffc30a8b6d4a43586805f66875dc0109aa604cd571a41e"", ""submodules/yss-harness-dev-agent/scripts/verify-template"": ""284037d47d17ed2a04ffc30a8b6d4a43586805f66875dc0109aa604cd571a41e"", ""submodules/yss-harness-frontend-agent/scripts/verify-template"": ""284037d47d17ed2a04ffc30a8b6d4a43586805f66875dc0109aa604cd571a41e""}",[],,"[""submodules/create-yss-harness-dev/template/scripts/verify-template"", ""submodules/create-yss-spec/template/scripts/verify-template"", ""submodules/create-yss-strategic-design/template/scripts/verify-template""]",0,0,logs/validation-after-recovery-0.stdout; runs.jsonl; final-refresh-results.json; distribution-results-corrected.json,采样维护入口调用频次、目录/输入规模后未取得应增加复杂度的独立热点证据；保留现实现。 未取得可绑定此 SHA 的 V8 加载样本；临时模块可能已随夹具清理，不能把缺少可绑定样本解释成线上零调用或性能正常。,V8 观察是维护夹具入口频次，非线上调用频率；未观察到的实现未作逐函数性能通过声明。输入尺度详见 report.md。
29ace0db500839dc5aa6fbdf0e07ff390f357ea9418658301790408451adc0ac,scripts/query-lifecycle-context,True,False,4,4,candidate-caller,P03,命中候选函数/调用链；可能含字符串/注释，非独立瓶颈证明,沿实际调用链归因，见候选设计；不要据regex删除检查,unknown-unless-candidate-explicitly-establishes-source,cli,"{""process_spawn"": false, ""tree_io"": false, ""network"": false, ""mutation"": false, ""sleep"": false, ""loop"": false}",manual-candidate-or-automatic-classification-not-function-level-proof,测量后保留,"[""scripts/query-lifecycle-context"", ""submodules/yss-harness-design-agent/scripts/query-lifecycle-context""]","{""scripts/query-lifecycle-context"": ""本体脚本权威；通过本体 CLI manifest/sync-template 分发；入口由完整核验 profile 选择"", ""submodules/yss-harness-design-agent/scripts/query-lifecycle-context"": ""所属 Harness 持有 profile 变体；仅移植已核对的性能变更 → 所属 CLI sync-template""}","[""scripts/lib/scenario-checks.mjs"", ""scripts/verify-lifecycle-context-query-scenarios"", ""submodules/create-yss-spec/template/scripts/lib/scenario-checks.mjs"", ""submodules/create-yss-spec/template/scripts/verify-lifecycle-context-query-scenarios""]","{""scripts/query-lifecycle-context"": ""29ace0db500839dc5aa6fbdf0e07ff390f357ea9418658301790408451adc0ac"", ""submodules/yss-harness-design-agent/scripts/query-lifecycle-context"": ""29ace0db500839dc5aa6fbdf0e07ff390f357ea9418658301790408451adc0ac""}",[],P03,"[""submodules/create-yss-spec/template/scripts/query-lifecycle-context"", ""submodules/create-yss-strategic-design/template/scripts/query-lifecycle-context""]",1,1,logs/validation-after-recovery-0.stdout; runs.jsonl; final-refresh-results.json; distribution-results-corrected.json,采样维护入口调用频次、目录/输入规模后未取得应增加复杂度的独立热点证据；保留现实现。,V8 观察是维护夹具入口频次，非线上调用频率；未观察到的实现未作逐函数性能通过声明。输入尺度详见 report.md。
2a0ed7e29d31a463826e0ee4d93d9fb27d34cc7ae60259d8de72a350fb80d820,scripts/export-yss-skills,True,False,8,9,wrapper-follow-callee,,短包装/重导出入口；主要成本落在callee,计入口启动开销并追踪实际callee，保留兼容入口,unknown-unless-candidate-explicitly-establishes-source,wrapper,"{""process_spawn"": false, ""tree_io"": false, ""network"": false, ""mutation"": false, ""sleep"": false, ""loop"": false}",manual-candidate-or-automatic-classification-not-function-level-proof,测量后保留,"[""scripts/export-yss-skills"", ""submodules/yss-harness-backend-agent/scripts/export-yss-skills"", ""submodules/yss-harness-design-agent/scripts/export-yss-skills"", ""submodules/yss-harness-dev-agent/scripts/export-yss-skills"", ""submodules/yss-harness-frontend-agent/scripts/export-yss-skills""]","{""scripts/export-yss-skills"": ""本体脚本权威；通过本体 CLI manifest/sync-template 分发；入口由完整核验 profile 选择"", ""submodules/yss-harness-backend-agent/scripts/export-yss-skills"": ""所属 Harness 持有 profile 变体；仅移植已核对的性能变更 → 所属 CLI sync-template"", ""submodules/yss-harness-design-agent/scripts/export-yss-skills"": ""所属 Harness 持有 profile 变体；仅移植已核对的性能变更 → 所属 CLI sync-template"", ""submodules/yss-harness-dev-agent/scripts/export-yss-skills"": ""所属 Harness 持有 profile 变体；仅移植已核对的性能变更 → 所属 CLI sync-template"", ""submodules/yss-harness-frontend-agent/scripts/export-yss-skills"": ""所属 Harness 持有 profile 变体；仅移植已核对的性能变更 → 所属 CLI sync-template""}","[""scripts/lib/export-skills.mjs"", ""submodules/create-yss-harness-dev/template/scripts/lib/export-skills.mjs"", ""submodules/create-yss-spec/template/scripts/lib/export-skills.mjs"", ""submodules/create-yss-strategic-design/template/scripts/lib/export-skills.mjs"", ""submodules/yss-harness-backend-agent/scripts/lib/export-skills.mjs"", ""submodules/yss-harness-design-agent/scripts/lib/export-skills.mjs"", ""submodules/yss-harness-dev-agent/scripts/lib/export-skills.mjs"", ""submodules/yss-harness-frontend-agent/scripts/lib/export-skills.mjs""]","{""scripts/export-yss-skills"": ""2a0ed7e29d31a463826e0ee4d93d9fb27d34cc7ae60259d8de72a350fb80d820"", ""submodules/yss-harness-backend-agent/scripts/export-yss-skills"": ""2a0ed7e29d31a463826e0ee4d93d9fb27d34cc7ae60259d8de72a350fb80d820"", ""submodules/yss-harness-design-agent/scripts/export-yss-skills"": ""2a0ed7e29d31a463826e0ee4d93d9fb27d34cc7ae60259d8de72a350fb80d820"", ""submodules/yss-harness-dev-agent/scripts/export-yss-skills"": ""2a0ed7e29d31a463826e0ee4d93d9fb27d34cc7ae60259d8de72a350fb80d820"", ""submodules/yss-harness-frontend-agent/scripts/export-yss-skills"": ""2a0ed7e29d31a463826e0ee4d93d9fb27d34cc7ae60259d8de72a350fb80d820""}",[],,"[""submodules/create-yss-harness-dev/template/scripts/export-yss-skills"", ""submodules/create-yss-spec/template/scripts/export-yss-skills"", ""submodules/create-yss-strategic-design/template/scripts/export-yss-skills""]",2,2,logs/validation-after-recovery-0.stdout; runs.jsonl; final-refresh-results.json; distribution-results-corrected.json,采样维护入口调用频次、目录/输入规模后未取得应增加复杂度的独立热点证据；保留现实现。,V8 观察是维护夹具入口频次，非线上调用频率；未观察到的实现未作逐函数性能通过声明。输入尺度详见 report.md。
2a8356cf8e99904ce1af63ffa41bbdeca96403e0343114a386d02ce38a07b64d,scripts/verify-subagent-task-package,True,False,8,9,wrapper-follow-callee,,短包装/重导出入口；主要成本落在callee,计入口启动开销并追踪实际callee，保留兼容入口,unknown-unless-candidate-explicitly-establishes-source,wrapper,"{""process_spawn"": true, ""tree_io"": false, ""network"": false, ""mutation"": false, ""sleep"": false, ""loop"": false}",manual-candidate-or-automatic-classification-not-function-level-proof,测量后保留,"[""scripts/verify-subagent-task-package"", ""submodules/yss-harness-backend-agent/scripts/verify-subagent-task-package"", ""submodules/yss-harness-design-agent/scripts/verify-subagent-task-package"", ""submodules/yss-harness-dev-agent/scripts/verify-subagent-task-package"", ""submodules/yss-harness-frontend-agent/scripts/verify-subagent-task-package""]","{""scripts/verify-subagent-task-package"": ""本体脚本权威；通过本体 CLI manifest/sync-template 分发；入口由完整核验 profile 选择"", ""submodules/yss-harness-backend-agent/scripts/verify-subagent-task-package"": ""所属 Harness 持有 profile 变体；仅移植已核对的性能变更 → 所属 CLI sync-template"", ""submodules/yss-harness-design-agent/scripts/verify-subagent-task-package"": ""所属 Harness 持有 profile 变体；仅移植已核对的性能变更 → 所属 CLI sync-template"", ""submodules/yss-harness-dev-agent/scripts/verify-subagent-task-package"": ""所属 Harness 持有 profile 变体；仅移植已核对的性能变更 → 所属 CLI sync-template"", ""submodules/yss-harness-frontend-agent/scripts/verify-subagent-task-package"": ""所属 Harness 持有 profile 变体；仅移植已核对的性能变更 → 所属 CLI sync-template""}","[""scripts/verify-subagent-task-package-scenarios"", ""submodules/create-yss-harness-dev/template/scripts/verify-subagent-task-package-scenarios"", ""submodules/create-yss-spec/template/scripts/verify-subagent-task-package-scenarios"", ""submodules/create-yss-strategic-design/template/scripts/verify-subagent-task-package-scenarios"", ""submodules/yss-harness-backend-agent/scripts/verify-subagent-task-package-scenarios"", ""submodules/yss-harness-design-agent/scripts/verify-subagent-task-package-scenarios"", ""submodules/yss-harness-dev-agent/scripts/verify-subagent-task-package-scenarios"", ""submodules/yss-harness-frontend-agent/scripts/verify-subagent-task-package-scenarios""]","{""scripts/verify-subagent-task-package"": ""2a8356cf8e99904ce1af63ffa41bbdeca96403e0343114a386d02ce38a07b64d"", ""submodules/yss-harness-backend-agent/scripts/verify-subagent-task-package"": ""2a8356cf8e99904ce1af63ffa41bbdeca96403e0343114a386d02ce38a07b64d"", ""submodules/yss-harness-design-agent/scripts/verify-subagent-task-package"": ""2a8356cf8e99904ce1af63ffa41bbdeca96403e0343114a386d02ce38a07b64d"", ""submodules/yss-harness-dev-agent/scripts/verify-subagent-task-package"": ""2a8356cf8e99904ce1af63ffa41bbdeca96403e0343114a386d02ce38a07b64d"", ""submodules/yss-harness-frontend-agent/scripts/verify-subagent-task-package"": ""2a8356cf8e99904ce1af63ffa41bbdeca96403e0343114a386d02ce38a07b64d""}",[],,"[""submodules/create-yss-harness-dev/template/scripts/verify-subagent-task-package"", ""submodules/create-yss-spec/template/scripts/verify-subagent-task-package"", ""submodules/create-yss-strategic-design/template/scripts/verify-subagent-task-package""]",2,2,logs/validation-after-recovery-0.stdout; runs.jsonl; final-refresh-results.json; distribution-results-corrected.json,采样维护入口调用频次、目录/输入规模后未取得应增加复杂度的独立热点证据；保留现实现。,V8 观察是维护夹具入口频次，非线上调用频率；未观察到的实现未作逐函数性能通过声明。输入尺度详见 report.md。
2e5103f86c10e7f49286ac93c95cfea73a3efc785a8c21c1ad74d486a982d86a,scripts/verify-strategic-handoff-package-scenarios,True,False,8,8,fixture-test-only,,断言/回归入口；是否启动真实环境需沿callee区分,隔离执行对应测试，区分mock/真实构建/外部资源,unknown-unless-candidate-explicitly-establishes-source,cli,"{""process_spawn"": true, ""tree_io"": true, ""network"": false, ""mutation"": true, ""sleep"": false, ""loop"": true}",manual-candidate-or-automatic-classification-not-function-level-proof,测量后保留,"[""scripts/verify-strategic-handoff-package-scenarios""]","{""scripts/verify-strategic-handoff-package-scenarios"": ""本体脚本权威；通过本体 CLI manifest/sync-template 分发；入口由完整核验 profile 选择""}","[""scripts/sync-strategic-handoff-tools"", ""submodules/create-yss-spec/template/scripts/sync-strategic-handoff-tools""]","{""scripts/verify-strategic-handoff-package-scenarios"": ""2e5103f86c10e7f49286ac93c95cfea73a3efc785a8c21c1ad74d486a982d86a""}",[],,"[""submodules/create-yss-harness-dev/template/scripts/verify-strategic-handoff-package-scenarios"", ""submodules/create-yss-spec/template/scripts/verify-strategic-handoff-package-scenarios"", ""submodules/create-yss-strategic-design/template/scripts/verify-strategic-handoff-package-scenarios"", ""submodules/yss-harness-backend-agent/scripts/verify-strategic-handoff-package-scenarios"", ""submodules/yss-harness-design-agent/scripts/verify-strategic-handoff-package-scenarios"", ""submodules/yss-harness-dev-agent/scripts/verify-strategic-handoff-package-scenarios"", ""submodules/yss-harness-frontend-agent/scripts/verify-strategic-handoff-package-scenarios""]",1,62,logs/validation-after-recovery-0.stdout; runs.jsonl; final-refresh-results.json; distribution-results-corrected.json,采样维护入口调用频次、目录/输入规模后未取得应增加复杂度的独立热点证据；保留现实现。,V8 观察是维护夹具入口频次，非线上调用频率；未观察到的实现未作逐函数性能通过声明。输入尺度详见 report.md。
2f28d169df4bf92466938c3c09073f0d521fbeb56fe7e6cc32a676a85a16b14b,submodules/yss-harness-design-agent/scripts/lib/harness-skill-scope.mjs,True,False,4,4,static-no-confirmed-hotspot,,词法/路径分类，未证明性能正常,按真实调用频率与输入规模采样；有证据再扩大分析,unknown-unless-candidate-explicitly-establishes-source,library,"{""process_spawn"": false, ""tree_io"": true, ""network"": false, ""mutation"": false, ""sleep"": false, ""loop"": true}",manual-candidate-or-automatic-classification-not-function-level-proof,测量后保留,"[""submodules/yss-harness-backend-agent/scripts/lib/harness-skill-scope.mjs"", ""submodules/yss-harness-design-agent/scripts/lib/harness-skill-scope.mjs"", ""submodules/yss-harness-frontend-agent/scripts/lib/harness-skill-scope.mjs""]","{""submodules/yss-harness-backend-agent/scripts/lib/harness-skill-scope.mjs"": ""所属 Harness 持有 profile 变体；仅移植已核对的性能变更 → 所属 CLI sync-template"", ""submodules/yss-harness-design-agent/scripts/lib/harness-skill-scope.mjs"": ""所属 Harness 持有 profile 变体；仅移植已核对的性能变更 → 所属 CLI sync-template"", ""submodules/yss-harness-frontend-agent/scripts/lib/harness-skill-scope.mjs"": ""所属 Harness 持有 profile 变体；仅移植已核对的性能变更 → 所属 CLI sync-template""}","[""submodules/create-yss-strategic-design/template/scripts/lib/skill-governance.mjs"", ""submodules/yss-harness-backend-agent/scripts/lib/harness-execution-scope.mjs"", ""submodules/yss-harness-backend-agent/scripts/lib/skill-governance.mjs"", ""submodules/yss-harness-design-agent/scripts/lib/skill-governance.mjs"", ""submodules/yss-harness-frontend-agent/scripts/lib/harness-execution-scope.mjs"", ""submodules/yss-harness-frontend-agent/scripts/lib/skill-governance.mjs""]","{""submodules/yss-harness-backend-agent/scripts/lib/harness-skill-scope.mjs"": ""2f28d169df4bf92466938c3c09073f0d521fbeb56fe7e6cc32a676a85a16b14b"", ""submodules/yss-harness-design-agent/scripts/lib/harness-skill-scope.mjs"": ""2f28d169df4bf92466938c3c09073f0d521fbeb56fe7e6cc32a676a85a16b14b"", ""submodules/yss-harness-frontend-agent/scripts/lib/harness-skill-scope.mjs"": ""2f28d169df4bf92466938c3c09073f0d521fbeb56fe7e6cc32a676a85a16b14b""}",[],,"[""submodules/create-yss-strategic-design/template/scripts/lib/harness-skill-scope.mjs""]",0,0,logs/validation-after-recovery-0.stdout; runs.jsonl; final-refresh-results.json; distribution-results-corrected.json,采样维护入口调用频次、目录/输入规模后未取得应增加复杂度的独立热点证据；保留现实现。 未取得可绑定此 SHA 的 V8 加载样本；临时模块可能已随夹具清理，不能把缺少可绑定样本解释成线上零调用或性能正常。,V8 观察是维护夹具入口频次，非线上调用频率；未观察到的实现未作逐函数性能通过声明。输入尺度详见 report.md。
2f75905eb13a3a41d50dbb0d54c50c5303c84a468fcb4e98fd420588521d0cef,.template-source/cli-core/update.mjs,False,True,3,3,candidate,P11,直接引用源码已人工核对,见关联候选验证设计,unknown-unless-candidate-explicitly-establishes-source,library,"{""process_spawn"": true, ""tree_io"": false, ""network"": false, ""mutation"": false, ""sleep"": false, ""loop"": true}",manual-candidate-or-automatic-classification-not-function-level-proof,优化并验证,"["".template-source/cli-core/update.mjs""]","{"".template-source/cli-core/update.mjs"": ""本体 canonical core → sync-core → 专职 CLI vendor（临时仓已验证，正式锁待提交）""}","["".template-source/cli-core/cli.mjs"", ""submodules/create-yss-harness-backend/vendor/cli-core/cli.mjs"", ""submodules/create-yss-harness-frontend/vendor/cli-core/cli.mjs""]","{"".template-source/cli-core/update.mjs"": ""11b9862fe60fcb693504d136567cce36e33a9b5cca3321938429769a02a5d3b3""}","["".template-source/cli-core/update.mjs""]",P11,"[""submodules/create-yss-harness-backend/vendor/cli-core/update.mjs"", ""submodules/create-yss-harness-frontend/vendor/cli-core/update.mjs""]",157,176,logs/validation-after-recovery-0.stdout; runs.jsonl; final-refresh-results.json; distribution-results-corrected.json,权威实现或其受控 Harness 变体有本轮变更；验证以 Fresh Verification、相关场景和候选对照为依据，副本不冒充独立优化。,V8 观察是维护夹具入口频次，非线上调用频率；未观察到的实现未作逐函数性能通过声明。输入尺度详见 report.md。
30134befb14ad4cafb2393ec5ff74c2ab243c0e807166d3763b823a7bce66d13,scripts/verify-retired-skill-ids,True,False,2,2,static-no-confirmed-hotspot,,词法/路径分类，未证明性能正常,按真实调用频率与输入规模采样；有证据再扩大分析,unknown-unless-candidate-explicitly-establishes-source,cli,"{""process_spawn"": true, ""tree_io"": false, ""network"": false, ""mutation"": false, ""sleep"": false, ""loop"": true}",manual-candidate-or-automatic-classification-not-function-level-proof,测量后保留,"[""scripts/verify-retired-skill-ids""]","{""scripts/verify-retired-skill-ids"": ""本体脚本权威；通过本体 CLI manifest/sync-template 分发；入口由完整核验 profile 选择""}","[""scripts/verify-retired-skill-ids"", ""scripts/verify-template-verification-scenarios"", ""submodules/create-yss-spec/template/scripts/verify-retired-skill-ids"", ""submodules/create-yss-spec/template/scripts/verify-template-verification-scenarios""]","{""scripts/verify-retired-skill-ids"": ""30134befb14ad4cafb2393ec5ff74c2ab243c0e807166d3763b823a7bce66d13""}",[],,"[""submodules/create-yss-spec/template/scripts/verify-retired-skill-ids""]",1,4064,logs/validation-after-recovery-0.stdout; runs.jsonl; final-refresh-results.json; distribution-results-corrected.json,采样维护入口调用频次、目录/输入规模后未取得应增加复杂度的独立热点证据；保留现实现。,V8 观察是维护夹具入口频次，非线上调用频率；未观察到的实现未作逐函数性能通过声明。输入尺度详见 report.md。
30ce91c22e5fdd1c9702c27c82a6b213f3573dfd1b5a100dde73b270181c7f2c,scripts/lib/harness-execution-scope.mjs,True,False,6,6,static-no-confirmed-hotspot,,词法/路径分类，未证明性能正常,按真实调用频率与输入规模采样；有证据再扩大分析,unknown-unless-candidate-explicitly-establishes-source,library,"{""process_spawn"": false, ""tree_io"": false, ""network"": false, ""mutation"": false, ""sleep"": false, ""loop"": true}",manual-candidate-or-automatic-classification-not-function-level-proof,测量后保留,"[""scripts/lib/harness-execution-scope.mjs"", ""submodules/yss-harness-design-agent/scripts/lib/harness-execution-scope.mjs"", ""submodules/yss-harness-dev-agent/scripts/lib/harness-execution-scope.mjs""]","{""scripts/lib/harness-execution-scope.mjs"": ""本体脚本权威；通过本体 CLI manifest/sync-template 分发；入口由完整核验 profile 选择"", ""submodules/yss-harness-design-agent/scripts/lib/harness-execution-scope.mjs"": ""所属 Harness 持有 profile 变体；仅移植已核对的性能变更 → 所属 CLI sync-template"", ""submodules/yss-harness-dev-agent/scripts/lib/harness-execution-scope.mjs"": ""所属 Harness 持有 profile 变体；仅移植已核对的性能变更 → 所属 CLI sync-template""}","["".template-source/scripts/verify-delivery-harness-distribution.mjs"", ""scripts/lib/frontend-delivery-boundary.mjs"", ""scripts/lib/implementation-contract-compiler.mjs"", ""scripts/lib/task-package.mjs"", ""submodules/create-yss-harness-dev/template/scripts/lib/frontend-delivery-boundary.mjs"", ""submodules/create-yss-harness-dev/template/scripts/lib/implementation-contract-compiler.mjs"", ""submodules/create-yss-harness-dev/template/scripts/lib/task-package.mjs"", ""submodules/create-yss-spec/template/scripts/lib/frontend-delivery-boundary.mjs"", ""submodules/create-yss-spec/template/scripts/lib/implementation-contract-compiler.mjs"", ""submodules/create-yss-spec/template/scripts/lib/task-package.mjs"", ""submodules/create-yss-strategic-design/template/scripts/lib/frontend-delivery-boundary.mjs"", ""submodules/yss-harness-design-agent/scripts/lib/frontend-delivery-boundary.mjs"", ""submodules/yss-harness-dev-agent/scripts/lib/frontend-delivery-boundary.mjs"", ""submodules/yss-harness-dev-agent/scripts/lib/implementation-contract-compiler.mjs"", ""submodules/yss-harness-dev-agent/scripts/lib/task-package.mjs""]","{""scripts/lib/harness-execution-scope.mjs"": ""30ce91c22e5fdd1c9702c27c82a6b213f3573dfd1b5a100dde73b270181c7f2c"", ""submodules/yss-harness-design-agent/scripts/lib/harness-execution-scope.mjs"": ""30ce91c22e5fdd1c9702c27c82a6b213f3573dfd1b5a100dde73b270181c7f2c"", ""submodules/yss-harness-dev-agent/scripts/lib/harness-execution-scope.mjs"": ""30ce91c22e5fdd1c9702c27c82a6b213f3573dfd1b5a100dde73b270181c7f2c""}",[],,"[""submodules/create-yss-harness-dev/template/scripts/lib/harness-execution-scope.mjs"", ""submodules/create-yss-spec/template/scripts/lib/harness-execution-scope.mjs"", ""submodules/create-yss-strategic-design/template/scripts/lib/harness-execution-scope.mjs""]",31,897,logs/validation-after-recovery-0.stdout; runs.jsonl; final-refresh-results.json; distribution-results-corrected.json,采样维护入口调用频次、目录/输入规模后未取得应增加复杂度的独立热点证据；保留现实现。,V8 观察是维护夹具入口频次，非线上调用频率；未观察到的实现未作逐函数性能通过声明。输入尺度详见 report.md。
30d8881b3c6408d92a4a4c9bb3561bb9a3a7fd5835d128d37932c6c06bdf3adf,scripts/verify-frontend-implementation-evidence,True,False,5,5,candidate-caller,P01,命中候选函数/调用链；可能含字符串/注释，非独立瓶颈证明,沿实际调用链归因，见候选设计；不要据regex删除检查,unknown-unless-candidate-explicitly-establishes-source,cli,"{""process_spawn"": true, ""tree_io"": false, ""network"": false, ""mutation"": false, ""sleep"": false, ""loop"": true}",manual-candidate-or-automatic-classification-not-function-level-proof,测量后保留,"[""scripts/verify-frontend-implementation-evidence"", ""submodules/yss-harness-dev-agent/scripts/verify-frontend-implementation-evidence"", ""submodules/yss-harness-frontend-agent/scripts/verify-frontend-implementation-evidence""]","{""scripts/verify-frontend-implementation-evidence"": ""本体脚本权威；通过本体 CLI manifest/sync-template 分发；入口由完整核验 profile 选择"", ""submodules/yss-harness-dev-agent/scripts/verify-frontend-implementation-evidence"": ""所属 Harness 持有 profile 变体；仅移植已核对的性能变更 → 所属 CLI sync-template"", ""submodules/yss-harness-frontend-agent/scripts/verify-frontend-implementation-evidence"": ""所属 Harness 持有 profile 变体；仅移植已核对的性能变更 → 所属 CLI sync-template""}","[""scripts/lib/scenario-checks.mjs"", ""scripts/verify-frontend-implementation-evidence"", ""scripts/verify-frontend-implementation-evidence-scenarios"", ""scripts/verify-template-verification-scenarios"", ""submodules/create-yss-harness-dev/template/scripts/verify-frontend-implementation-evidence"", ""submodules/create-yss-harness-dev/template/scripts/verify-frontend-implementation-evidence-scenarios"", ""submodules/create-yss-harness-dev/template/scripts/verify-template-verification-scenarios"", ""submodules/create-yss-spec/template/scripts/lib/scenario-checks.mjs"", ""submodules/create-yss-spec/template/scripts/verify-frontend-implementation-evidence"", ""submodules/create-yss-spec/template/scripts/verify-frontend-implementation-evidence-scenarios"", ""submodules/create-yss-spec/template/scripts/verify-template-verification-scenarios"", ""submodules/yss-harness-dev-agent/scripts/verify-frontend-implementation-evidence"", ""submodules/yss-harness-dev-agent/scripts/verify-frontend-implementation-evidence-scenarios"", ""submodules/yss-harness-dev-agent/scripts/verify-template-verification-scenarios"", ""submodules/yss-harness-frontend-agent/scripts/verify-frontend-implementation-evidence"", ""submodules/yss-harness-frontend-agent/scripts/verify-frontend-implementation-evidence-scenarios"", ""submodules/yss-harness-frontend-agent/scripts/verify-template-verification-scenarios""]","{""scripts/verify-frontend-implementation-evidence"": ""30d8881b3c6408d92a4a4c9bb3561bb9a3a7fd5835d128d37932c6c06bdf3adf"", ""submodules/yss-harness-dev-agent/scripts/verify-frontend-implementation-evidence"": ""30d8881b3c6408d92a4a4c9bb3561bb9a3a7fd5835d128d37932c6c06bdf3adf"", ""submodules/yss-harness-frontend-agent/scripts/verify-frontend-implementation-evidence"": ""30d8881b3c6408d92a4a4c9bb3561bb9a3a7fd5835d128d37932c6c06bdf3adf""}",[],P01,"[""submodules/create-yss-harness-dev/template/scripts/verify-frontend-implementation-evidence"", ""submodules/create-yss-spec/template/scripts/verify-frontend-implementation-evidence""]",8,47,logs/validation-after-recovery-0.stdout; runs.jsonl; final-refresh-results.json; distribution-results-corrected.json,采样维护入口调用频次、目录/输入规模后未取得应增加复杂度的独立热点证据；保留现实现。,V8 观察是维护夹具入口频次，非线上调用频率；未观察到的实现未作逐函数性能通过声明。输入尺度详见 report.md。
31c9fb72b483cf46f6d86d6247605ed40ee7c5dbdb4f9e07faae58156bfdb353,submodules/yss-harness-design-agent/scripts/verify-strategic-design-handoff-scenarios,True,False,2,2,fixture-test-only,,断言/回归入口；是否启动真实环境需沿callee区分,隔离执行对应测试，区分mock/真实构建/外部资源,unknown-unless-candidate-explicitly-establishes-source,cli,"{""process_spawn"": true, ""tree_io"": true, ""network"": false, ""mutation"": true, ""sleep"": false, ""loop"": true}",manual-candidate-or-automatic-classification-not-function-level-proof,测量后保留,"[""submodules/yss-harness-design-agent/scripts/verify-strategic-design-handoff-scenarios""]","{""submodules/yss-harness-design-agent/scripts/verify-strategic-design-handoff-scenarios"": ""所属 Harness 持有 profile 变体；仅移植已核对的性能变更 → 所属 CLI sync-template""}","[""submodules/create-yss-strategic-design/template/scripts/verify-template-verification-scenarios"", ""submodules/yss-harness-design-agent/scripts/verify-template-verification-scenarios""]","{""submodules/yss-harness-design-agent/scripts/verify-strategic-design-handoff-scenarios"": ""31c9fb72b483cf46f6d86d6247605ed40ee7c5dbdb4f9e07faae58156bfdb353""}",[],,"[""submodules/create-yss-strategic-design/template/scripts/verify-strategic-design-handoff-scenarios""]",0,0,logs/validation-after-recovery-0.stdout; runs.jsonl; final-refresh-results.json; distribution-results-corrected.json,采样维护入口调用频次、目录/输入规模后未取得应增加复杂度的独立热点证据；保留现实现。 未取得可绑定此 SHA 的 V8 加载样本；临时模块可能已随夹具清理，不能把缺少可绑定样本解释成线上零调用或性能正常。,V8 观察是维护夹具入口频次，非线上调用频率；未观察到的实现未作逐函数性能通过声明。输入尺度详见 report.md。
32cb834346aafbf657768c602171a2c069844080d5f83eb00da9519b9500eade,.agents/skills/yss-skill-source-index-refresh/scripts/refresh-yss-skill-index.mjs,True,False,2,8,external-runtime-needs-input,,可能外部访问/更新入口，需具体参数与本地注入fixture,本轮不触发真实外部动作；区分cache/timeout与服务耗时,unknown-unless-candidate-explicitly-establishes-source,cli,"{""process_spawn"": true, ""tree_io"": true, ""network"": true, ""mutation"": true, ""sleep"": false, ""loop"": true}",manual-candidate-or-automatic-classification-not-function-level-proof,外部环境待验证,"["".agents/skills/yss-skill-source-index-refresh/scripts/refresh-yss-skill-index.mjs""]","{"".agents/skills/yss-skill-source-index-refresh/scripts/refresh-yss-skill-index.mjs"": ""所属仓 .agents/skills 权威目录 → update-skill-lock / sync-skills → 所属 CLI sync-template""}","["".agents/skills/yss-skill-source-index-refresh/scripts/refresh-yss-skill-index.test.mjs"", ""submodules/create-yss-spec/template/.agents/skills/yss-skill-source-index-refresh/scripts/refresh-yss-skill-index.test.mjs""]","{"".agents/skills/yss-skill-source-index-refresh/scripts/refresh-yss-skill-index.mjs"": ""32cb834346aafbf657768c602171a2c069844080d5f83eb00da9519b9500eade""}",[],,"[""submodules/create-yss-spec/template/.agents/skills/yss-skill-source-index-refresh/scripts/refresh-yss-skill-index.mjs""]",1,416,logs/validation-after-recovery-0.stdout; runs.jsonl; final-refresh-results.json; distribution-results-corrected.json,本轮只执行维护夹具；真实依赖、实际工程、远端网络或显式 self-update 缺少已选真实环境，不把 mock 用时算作外部收益。,V8 观察是维护夹具入口频次，非线上调用频率；未观察到的实现未作逐函数性能通过声明。输入尺度详见 report.md。
3338d55a9a6b32a2ed6b80965bb2f259402c4404f08660a80e257b6c7e035e72,scripts/verify-user-decision-scenarios,True,False,2,2,fixture-test-only,,断言/回归入口；是否启动真实环境需沿callee区分,隔离执行对应测试，区分mock/真实构建/外部资源,unknown-unless-candidate-explicitly-establishes-source,cli,"{""process_spawn"": true, ""tree_io"": true, ""network"": false, ""mutation"": true, ""sleep"": false, ""loop"": true}",manual-candidate-or-automatic-classification-not-function-level-proof,测量后保留,"[""scripts/verify-user-decision-scenarios""]","{""scripts/verify-user-decision-scenarios"": ""本体脚本权威；通过本体 CLI manifest/sync-template 分发；入口由完整核验 profile 选择""}",[],"{""scripts/verify-user-decision-scenarios"": ""3338d55a9a6b32a2ed6b80965bb2f259402c4404f08660a80e257b6c7e035e72""}",[],,"[""submodules/create-yss-spec/template/scripts/verify-user-decision-scenarios""]",1,201,logs/validation-after-recovery-0.stdout; runs.jsonl; final-refresh-results.json; distribution-results-corrected.json,采样维护入口调用频次、目录/输入规模后未取得应增加复杂度的独立热点证据；保留现实现。,V8 观察是维护夹具入口频次，非线上调用频率；未观察到的实现未作逐函数性能通过声明。输入尺度详见 report.md。
33bd782d45b949c56c9c858bcf591c61e944452f5328dfc725283b25dd67180a,scripts/verify-yss-prototype-contract-scenarios,True,False,2,2,fixture-test-only,,断言/回归入口；是否启动真实环境需沿callee区分,隔离执行对应测试，区分mock/真实构建/外部资源,unknown-unless-candidate-explicitly-establishes-source,wrapper,"{""process_spawn"": false, ""tree_io"": false, ""network"": false, ""mutation"": false, ""sleep"": false, ""loop"": false}",manual-candidate-or-automatic-classification-not-function-level-proof,测量后保留,"[""scripts/verify-yss-prototype-contract-scenarios""]","{""scripts/verify-yss-prototype-contract-scenarios"": ""本体脚本权威；通过本体 CLI manifest/sync-template 分发；入口由完整核验 profile 选择""}","[""scripts/verify-template-verification-scenarios"", ""submodules/create-yss-spec/template/scripts/verify-template-verification-scenarios""]","{""scripts/verify-yss-prototype-contract-scenarios"": ""33bd782d45b949c56c9c858bcf591c61e944452f5328dfc725283b25dd67180a""}",[],,"[""submodules/create-yss-spec/template/scripts/verify-yss-prototype-contract-scenarios""]",1,1,logs/validation-after-recovery-0.stdout; runs.jsonl; final-refresh-results.json; distribution-results-corrected.json,采样维护入口调用频次、目录/输入规模后未取得应增加复杂度的独立热点证据；保留现实现。,V8 观察是维护夹具入口频次，非线上调用频率；未观察到的实现未作逐函数性能通过声明。输入尺度详见 report.md。
344595570555e1c51e8ea576b6257a14811328024f1fd1b1fd58029478efbfe9,submodules/yss-harness-backend-agent/scripts/verify-harness-profile-scenarios,True,False,1,1,fixture-test-only,,断言/回归入口；是否启动真实环境需沿callee区分,隔离执行对应测试，区分mock/真实构建/外部资源,unknown-unless-candidate-explicitly-establishes-source,cli,"{""process_spawn"": false, ""tree_io"": false, ""network"": false, ""mutation"": false, ""sleep"": false, ""loop"": true}",manual-candidate-or-automatic-classification-not-function-level-proof,测量后保留,"[""submodules/yss-harness-backend-agent/scripts/verify-harness-profile-scenarios""]","{""submodules/yss-harness-backend-agent/scripts/verify-harness-profile-scenarios"": ""所属 Harness 持有 profile 变体；仅移植已核对的性能变更 → 所属 CLI sync-template""}","[""submodules/yss-harness-backend-agent/scripts/verify-template-verification-scenarios""]","{""submodules/yss-harness-backend-agent/scripts/verify-harness-profile-scenarios"": ""344595570555e1c51e8ea576b6257a14811328024f1fd1b1fd58029478efbfe9""}",[],,[],0,0,logs/validation-after-recovery-0.stdout; runs.jsonl; final-refresh-results.json; distribution-results-corrected.json,采样维护入口调用频次、目录/输入规模后未取得应增加复杂度的独立热点证据；保留现实现。 未取得可绑定此 SHA 的 V8 加载样本；临时模块可能已随夹具清理，不能把缺少可绑定样本解释成线上零调用或性能正常。,V8 观察是维护夹具入口频次，非线上调用频率；未观察到的实现未作逐函数性能通过声明。输入尺度详见 report.md。
35c0f73274e72d08e5990cc165f0b43bbe0ed8717b9c7929e89ad6db6a64e4a7,submodules/yss-harness-design-agent/scripts/verify-harness-profile,True,False,2,2,wrapper-follow-callee,,短包装/重导出入口；主要成本落在callee,计入口启动开销并追踪实际callee，保留兼容入口,unknown-unless-candidate-explicitly-establishes-source,wrapper,"{""process_spawn"": false, ""tree_io"": false, ""network"": false, ""mutation"": false, ""sleep"": false, ""loop"": false}",manual-candidate-or-automatic-classification-not-function-level-proof,测量后保留,"[""submodules/yss-harness-design-agent/scripts/verify-harness-profile""]","{""submodules/yss-harness-design-agent/scripts/verify-harness-profile"": ""所属 Harness 持有 profile 变体；仅移植已核对的性能变更 → 所属 CLI sync-template""}","[""submodules/create-yss-strategic-design/template/scripts/verify-template-verification-scenarios"", ""submodules/yss-harness-design-agent/scripts/verify-template-verification-scenarios""]","{""submodules/yss-harness-design-agent/scripts/verify-harness-profile"": ""35c0f73274e72d08e5990cc165f0b43bbe0ed8717b9c7929e89ad6db6a64e4a7""}",[],,"[""submodules/create-yss-strategic-design/template/scripts/verify-harness-profile""]",0,0,logs/validation-after-recovery-0.stdout; runs.jsonl; final-refresh-results.json; distribution-results-corrected.json,采样维护入口调用频次、目录/输入规模后未取得应增加复杂度的独立热点证据；保留现实现。 未取得可绑定此 SHA 的 V8 加载样本；临时模块可能已随夹具清理，不能把缺少可绑定样本解释成线上零调用或性能正常。,V8 观察是维护夹具入口频次，非线上调用频率；未观察到的实现未作逐函数性能通过声明。输入尺度详见 report.md。
3653a15c47982734926ecd6da82f1de96bc8b24770e8eb9553eb5ff7937aac9b,submodules/create-yss-spec/scripts/sync-template.js,True,False,1,1,candidate,P06,直接引用源码已人工核对,见关联候选验证设计,unknown-unless-candidate-explicitly-establishes-source,cli,"{""process_spawn"": true, ""tree_io"": true, ""network"": true, ""mutation"": true, ""sleep"": false, ""loop"": true}",manual-candidate-or-automatic-classification-not-function-level-proof,测量后保留,"[""submodules/create-yss-spec/scripts/sync-template.js""]","{""submodules/create-yss-spec/scripts/sync-template.js"": ""所属 CLI 自有源码；test:unit / test:prepared / sync-template；不以同名合并来源""}",[],"{""submodules/create-yss-spec/scripts/sync-template.js"": ""3653a15c47982734926ecd6da82f1de96bc8b24770e8eb9553eb5ff7937aac9b""}",[],P06,[],0,0,logs/validation-after-recovery-0.stdout; runs.jsonl; final-refresh-results.json; distribution-results-corrected.json,采样维护入口调用频次、目录/输入规模后未取得应增加复杂度的独立热点证据；保留现实现。 未取得可绑定此 SHA 的 V8 加载样本；临时模块可能已随夹具清理，不能把缺少可绑定样本解释成线上零调用或性能正常。,V8 观察是维护夹具入口频次，非线上调用频率；未观察到的实现未作逐函数性能通过声明。输入尺度详见 report.md。
36570e9d8289ccac4d7f60f4b37b5f5aa7d062472699ae2ac26a9c5b98da260f,submodules/yss-harness-backend-agent/scripts/lib/instance-distribution.mjs,True,False,2,2,static-no-confirmed-hotspot,,词法/路径分类，未证明性能正常,按真实调用频率与输入规模采样；有证据再扩大分析,unknown-unless-candidate-explicitly-establishes-source,library,"{""process_spawn"": false, ""tree_io"": false, ""network"": false, ""mutation"": false, ""sleep"": false, ""loop"": true}",manual-candidate-or-automatic-classification-not-function-level-proof,测量后保留,"[""submodules/yss-harness-backend-agent/scripts/lib/instance-distribution.mjs"", ""submodules/yss-harness-frontend-agent/scripts/lib/instance-distribution.mjs""]","{""submodules/yss-harness-backend-agent/scripts/lib/instance-distribution.mjs"": ""所属 Harness 持有 profile 变体；仅移植已核对的性能变更 → 所属 CLI sync-template"", ""submodules/yss-harness-frontend-agent/scripts/lib/instance-distribution.mjs"": ""所属 Harness 持有 profile 变体；仅移植已核对的性能变更 → 所属 CLI sync-template""}","[""submodules/yss-harness-backend-agent/scripts/verify-instance-distribution"", ""submodules/yss-harness-backend-agent/scripts/verify-instance-distribution-scenarios"", ""submodules/yss-harness-frontend-agent/scripts/verify-instance-distribution"", ""submodules/yss-harness-frontend-agent/scripts/verify-instance-distribution-scenarios""]","{""submodules/yss-harness-backend-agent/scripts/lib/instance-distribution.mjs"": ""36570e9d8289ccac4d7f60f4b37b5f5aa7d062472699ae2ac26a9c5b98da260f"", ""submodules/yss-harness-frontend-agent/scripts/lib/instance-distribution.mjs"": ""36570e9d8289ccac4d7f60f4b37b5f5aa7d062472699ae2ac26a9c5b98da260f""}",[],,[],0,0,logs/validation-after-recovery-0.stdout; runs.jsonl; final-refresh-results.json; distribution-results-corrected.json,采样维护入口调用频次、目录/输入规模后未取得应增加复杂度的独立热点证据；保留现实现。 未取得可绑定此 SHA 的 V8 加载样本；临时模块可能已随夹具清理，不能把缺少可绑定样本解释成线上零调用或性能正常。,V8 观察是维护夹具入口频次，非线上调用频率；未观察到的实现未作逐函数性能通过声明。输入尺度详见 report.md。
36a046dd0eebd0b5c40905c6b194c140e1b56de5cb324f533561bd69f283e8f4,submodules/yss-harness-dev-agent/scripts/verify-maintenance-checkpoint,True,False,6,7,wrapper-follow-callee,,短包装/重导出入口；主要成本落在callee,计入口启动开销并追踪实际callee，保留兼容入口,unknown-unless-candidate-explicitly-establishes-source,wrapper,"{""process_spawn"": false, ""tree_io"": false, ""network"": false, ""mutation"": false, ""sleep"": false, ""loop"": false}",manual-candidate-or-automatic-classification-not-function-level-proof,测量后保留,"[""submodules/yss-harness-backend-agent/scripts/verify-maintenance-checkpoint"", ""submodules/yss-harness-design-agent/scripts/verify-maintenance-checkpoint"", ""submodules/yss-harness-dev-agent/scripts/verify-maintenance-checkpoint"", ""submodules/yss-harness-frontend-agent/scripts/verify-maintenance-checkpoint""]","{""submodules/yss-harness-backend-agent/scripts/verify-maintenance-checkpoint"": ""所属 Harness 持有 profile 变体；仅移植已核对的性能变更 → 所属 CLI sync-template"", ""submodules/yss-harness-design-agent/scripts/verify-maintenance-checkpoint"": ""所属 Harness 持有 profile 变体；仅移植已核对的性能变更 → 所属 CLI sync-template"", ""submodules/yss-harness-dev-agent/scripts/verify-maintenance-checkpoint"": ""所属 Harness 持有 profile 变体；仅移植已核对的性能变更 → 所属 CLI sync-template"", ""submodules/yss-harness-frontend-agent/scripts/verify-maintenance-checkpoint"": ""所属 Harness 持有 profile 变体；仅移植已核对的性能变更 → 所属 CLI sync-template""}","[""submodules/create-yss-harness-dev/template/scripts/run-template-verification"", ""submodules/create-yss-harness-dev/template/scripts/verify-maintenance-checkpoint"", ""submodules/create-yss-harness-dev/template/scripts/verify-template-verification-scenarios"", ""submodules/create-yss-strategic-design/template/scripts/run-template-verification"", ""submodules/create-yss-strategic-design/template/scripts/verify-maintenance-checkpoint"", ""submodules/yss-harness-backend-agent/scripts/run-template-verification"", ""submodules/yss-harness-backend-agent/scripts/verify-maintenance-checkpoint"", ""submodules/yss-harness-backend-agent/scripts/verify-template-verification-scenarios"", ""submodules/yss-harness-design-agent/scripts/run-template-verification"", ""submodules/yss-harness-design-agent/scripts/verify-maintenance-checkpoint"", ""submodules/yss-harness-dev-agent/scripts/run-template-verification"", ""submodules/yss-harness-dev-agent/scripts/verify-maintenance-checkpoint"", ""submodules/yss-harness-dev-agent/scripts/verify-template-verification-scenarios"", ""submodules/yss-harness-frontend-agent/scripts/run-template-verification"", ""submodules/yss-harness-frontend-agent/scripts/verify-maintenance-checkpoint"", ""submodules/yss-harness-frontend-agent/scripts/verify-template-verification-scenarios""]","{""submodules/yss-harness-backend-agent/scripts/verify-maintenance-checkpoint"": ""36a046dd0eebd0b5c40905c6b194c140e1b56de5cb324f533561bd69f283e8f4"", ""submodules/yss-harness-design-agent/scripts/verify-maintenance-checkpoint"": ""36a046dd0eebd0b5c40905c6b194c140e1b56de5cb324f533561bd69f283e8f4"", ""submodules/yss-harness-dev-agent/scripts/verify-maintenance-checkpoint"": ""36a046dd0eebd0b5c40905c6b194c140e1b56de5cb324f533561bd69f283e8f4"", ""submodules/yss-harness-frontend-agent/scripts/verify-maintenance-checkpoint"": ""36a046dd0eebd0b5c40905c6b194c140e1b56de5cb324f533561bd69f283e8f4""}",[],,"[""submodules/create-yss-harness-dev/template/scripts/verify-maintenance-checkpoint"", ""submodules/create-yss-strategic-design/template/scripts/verify-maintenance-checkpoint""]",0,0,logs/validation-after-recovery-0.stdout; runs.jsonl; final-refresh-results.json; distribution-results-corrected.json,采样维护入口调用频次、目录/输入规模后未取得应增加复杂度的独立热点证据；保留现实现。 未取得可绑定此 SHA 的 V8 加载样本；临时模块可能已随夹具清理，不能把缺少可绑定样本解释成线上零调用或性能正常。,V8 观察是维护夹具入口频次，非线上调用频率；未观察到的实现未作逐函数性能通过声明。输入尺度详见 report.md。
3869983e04808831a711590cc9adbae482596e5d4568cf03a3cc770f6ec4578a,submodules/yss-harness-frontend-agent/scripts/lib/scenario-checks.mjs,True,False,1,1,fixture-test-only,,测试检查/合成Git仓工具，按实际回归场景测量，不独立产品基准,只读源码抽样核对；隔离真实输入计时；若关联候选则采用其验证设计,unknown-unless-candidate-explicitly-establishes-source,library,"{""process_spawn"": true, ""tree_io"": false, ""network"": false, ""mutation"": false, ""sleep"": false, ""loop"": true}",manual-candidate-or-automatic-classification-not-function-level-proof,测量后保留,"[""submodules/yss-harness-frontend-agent/scripts/lib/scenario-checks.mjs""]","{""submodules/yss-harness-frontend-agent/scripts/lib/scenario-checks.mjs"": ""所属 Harness 持有 profile 变体；仅移植已核对的性能变更 → 所属 CLI sync-template""}","[""submodules/yss-harness-frontend-agent/scripts/verify-lifecycle-scenarios"", ""submodules/yss-harness-frontend-agent/scripts/verify-matt-yss-integration-scenarios"", ""submodules/yss-harness-frontend-agent/scripts/verify-openapi-json-handoff-scenarios"", ""submodules/yss-harness-frontend-agent/scripts/verify-openapi-yaml-first-scenarios"", ""submodules/yss-harness-frontend-agent/scripts/verify-prototype-backend-scaffold-scenarios"", ""submodules/yss-harness-frontend-agent/scripts/verify-yss-dto-openapi-scenarios"", ""submodules/yss-harness-frontend-agent/scripts/verify-yss-implementation-contract-compiler-scenarios""]","{""submodules/yss-harness-frontend-agent/scripts/lib/scenario-checks.mjs"": ""3869983e04808831a711590cc9adbae482596e5d4568cf03a3cc770f6ec4578a""}",[],,[],0,0,logs/validation-after-recovery-0.stdout; runs.jsonl; final-refresh-results.json; distribution-results-corrected.json,采样维护入口调用频次、目录/输入规模后未取得应增加复杂度的独立热点证据；保留现实现。 未取得可绑定此 SHA 的 V8 加载样本；临时模块可能已随夹具清理，不能把缺少可绑定样本解释成线上零调用或性能正常。,V8 观察是维护夹具入口频次，非线上调用频率；未观察到的实现未作逐函数性能通过声明。输入尺度详见 report.md。
38dff12fe6fe43fecf2b4243f9e65f04e42f81bcaccc44bc224df9704ce542b8,.template-source/cli-core/transaction.mjs,False,True,3,3,candidate,P08,直接引用源码已人工核对,见关联候选验证设计,unknown-unless-candidate-explicitly-establishes-source,library,"{""process_spawn"": true, ""tree_io"": true, ""network"": false, ""mutation"": true, ""sleep"": false, ""loop"": true}",manual-candidate-or-automatic-classification-not-function-level-proof,优化并验证,"["".template-source/cli-core/transaction.mjs""]","{"".template-source/cli-core/transaction.mjs"": ""本体 canonical core → sync-core → 专职 CLI vendor（临时仓已验证，正式锁待提交）""}","["".template-source/cli-core/engine.mjs"", ""submodules/create-yss-harness-backend/vendor/cli-core/engine.mjs"", ""submodules/create-yss-harness-frontend/vendor/cli-core/engine.mjs""]","{"".template-source/cli-core/transaction.mjs"": ""6a27d7d9bbaa97ab69ed4b643c0c61b87a0738cf23871a1cfa55f7b5603f5d26""}","["".template-source/cli-core/transaction.mjs""]",P08,"[""submodules/create-yss-harness-backend/vendor/cli-core/transaction.mjs"", ""submodules/create-yss-harness-frontend/vendor/cli-core/transaction.mjs""]",157,88866,logs/validation-after-recovery-0.stdout; runs.jsonl; final-refresh-results.json; distribution-results-corrected.json,权威实现或其受控 Harness 变体有本轮变更；验证以 Fresh Verification、相关场景和候选对照为依据，副本不冒充独立优化。,V8 观察是维护夹具入口频次，非线上调用频率；未观察到的实现未作逐函数性能通过声明。输入尺度详见 report.md。
3934050dd58db0f71b20de39024d6bd1ebb0959cd37afde3f8334784b3fb7462,submodules/yss-harness-design-agent/scripts/lib/scenario-checks.mjs,True,False,2,2,fixture-test-only,,测试检查/合成Git仓工具，按实际回归场景测量，不独立产品基准,只读源码抽样核对；隔离真实输入计时；若关联候选则采用其验证设计,unknown-unless-candidate-explicitly-establishes-source,library,"{""process_spawn"": true, ""tree_io"": true, ""network"": false, ""mutation"": true, ""sleep"": false, ""loop"": true}",manual-candidate-or-automatic-classification-not-function-level-proof,测量后保留,"[""submodules/yss-harness-design-agent/scripts/lib/scenario-checks.mjs""]","{""submodules/yss-harness-design-agent/scripts/lib/scenario-checks.mjs"": ""所属 Harness 持有 profile 变体；仅移植已核对的性能变更 → 所属 CLI sync-template""}","[""submodules/create-yss-strategic-design/template/scripts/verify-lifecycle-scenarios"", ""submodules/create-yss-strategic-design/template/scripts/verify-matt-yss-integration-scenarios"", ""submodules/yss-harness-design-agent/scripts/verify-lifecycle-scenarios"", ""submodules/yss-harness-design-agent/scripts/verify-matt-yss-integration-scenarios"", ""submodules/yss-harness-design-agent/scripts/verify-openapi-json-handoff-scenarios"", ""submodules/yss-harness-design-agent/scripts/verify-openapi-yaml-first-scenarios"", ""submodules/yss-harness-design-agent/scripts/verify-prototype-backend-scaffold-scenarios"", ""submodules/yss-harness-design-agent/scripts/verify-yss-dto-openapi-scenarios"", ""submodules/yss-harness-design-agent/scripts/verify-yss-router-scenarios""]","{""submodules/yss-harness-design-agent/scripts/lib/scenario-checks.mjs"": ""3934050dd58db0f71b20de39024d6bd1ebb0959cd37afde3f8334784b3fb7462""}",[],,"[""submodules/create-yss-strategic-design/template/scripts/lib/scenario-checks.mjs""]",0,0,logs/validation-after-recovery-0.stdout; runs.jsonl; final-refresh-results.json; distribution-results-corrected.json,采样维护入口调用频次、目录/输入规模后未取得应增加复杂度的独立热点证据；保留现实现。 未取得可绑定此 SHA 的 V8 加载样本；临时模块可能已随夹具清理，不能把缺少可绑定样本解释成线上零调用或性能正常。,V8 观察是维护夹具入口频次，非线上调用频率；未观察到的实现未作逐函数性能通过声明。输入尺度详见 report.md。
395f63026a687fd20c169c0070ba7437c664e8d498ddf0ee594c4fa46f9c345d,scripts/lib/technical-design-boundary.mjs,True,False,5,5,candidate-caller,P09,已核对spawn边界固定60秒timeout；每次实际验包/技术设计，不缓存调用方verified标记,只读源码抽样核对；隔离真实输入计时；若关联候选则采用其验证设计,unknown-unless-candidate-explicitly-establishes-source,library,"{""process_spawn"": true, ""tree_io"": false, ""network"": false, ""mutation"": false, ""sleep"": false, ""loop"": false}",manual-candidate-or-automatic-classification-not-function-level-proof,测量后保留,"[""scripts/lib/technical-design-boundary.mjs"", ""submodules/yss-harness-backend-agent/scripts/lib/technical-design-boundary.mjs"", ""submodules/yss-harness-dev-agent/scripts/lib/technical-design-boundary.mjs""]","{""scripts/lib/technical-design-boundary.mjs"": ""本体脚本权威；通过本体 CLI manifest/sync-template 分发；入口由完整核验 profile 选择"", ""submodules/yss-harness-backend-agent/scripts/lib/technical-design-boundary.mjs"": ""所属 Harness 持有 profile 变体；仅移植已核对的性能变更 → 所属 CLI sync-template"", ""submodules/yss-harness-dev-agent/scripts/lib/technical-design-boundary.mjs"": ""所属 Harness 持有 profile 变体；仅移植已核对的性能变更 → 所属 CLI sync-template""}","[""scripts/lib/implementation-contract-compiler.mjs"", ""submodules/create-yss-harness-dev/template/scripts/lib/implementation-contract-compiler.mjs"", ""submodules/create-yss-spec/template/scripts/lib/implementation-contract-compiler.mjs"", ""submodules/yss-harness-backend-agent/scripts/lib/implementation-contract-compiler.mjs"", ""submodules/yss-harness-dev-agent/scripts/lib/implementation-contract-compiler.mjs""]","{""scripts/lib/technical-design-boundary.mjs"": ""395f63026a687fd20c169c0070ba7437c664e8d498ddf0ee594c4fa46f9c345d"", ""submodules/yss-harness-backend-agent/scripts/lib/technical-design-boundary.mjs"": ""395f63026a687fd20c169c0070ba7437c664e8d498ddf0ee594c4fa46f9c345d"", ""submodules/yss-harness-dev-agent/scripts/lib/technical-design-boundary.mjs"": ""395f63026a687fd20c169c0070ba7437c664e8d498ddf0ee594c4fa46f9c345d""}",[],P09,"[""submodules/create-yss-harness-dev/template/scripts/lib/technical-design-boundary.mjs"", ""submodules/create-yss-spec/template/scripts/lib/technical-design-boundary.mjs""]",4,38,logs/validation-after-recovery-0.stdout; runs.jsonl; final-refresh-results.json; distribution-results-corrected.json,采样维护入口调用频次、目录/输入规模后未取得应增加复杂度的独立热点证据；保留现实现。,V8 观察是维护夹具入口频次，非线上调用频率；未观察到的实现未作逐函数性能通过声明。输入尺度详见 report.md。
3a344737ee954a655983182f4bf2adce3ec257752ba1b5502b04ec8267aa0d06,scripts/verify-digital-human-roles,True,False,8,9,wrapper-follow-callee,,短包装/重导出入口；主要成本落在callee,计入口启动开销并追踪实际callee，保留兼容入口,unknown-unless-candidate-explicitly-establishes-source,wrapper,"{""process_spawn"": false, ""tree_io"": false, ""network"": false, ""mutation"": false, ""sleep"": false, ""loop"": false}",manual-candidate-or-automatic-classification-not-function-level-proof,测量后保留,"[""scripts/verify-digital-human-roles"", ""submodules/yss-harness-backend-agent/scripts/verify-digital-human-roles"", ""submodules/yss-harness-design-agent/scripts/verify-digital-human-roles"", ""submodules/yss-harness-dev-agent/scripts/verify-digital-human-roles"", ""submodules/yss-harness-frontend-agent/scripts/verify-digital-human-roles""]","{""scripts/verify-digital-human-roles"": ""本体脚本权威；通过本体 CLI manifest/sync-template 分发；入口由完整核验 profile 选择"", ""submodules/yss-harness-backend-agent/scripts/verify-digital-human-roles"": ""所属 Harness 持有 profile 变体；仅移植已核对的性能变更 → 所属 CLI sync-template"", ""submodules/yss-harness-design-agent/scripts/verify-digital-human-roles"": ""所属 Harness 持有 profile 变体；仅移植已核对的性能变更 → 所属 CLI sync-template"", ""submodules/yss-harness-dev-agent/scripts/verify-digital-human-roles"": ""所属 Harness 持有 profile 变体；仅移植已核对的性能变更 → 所属 CLI sync-template"", ""submodules/yss-harness-frontend-agent/scripts/verify-digital-human-roles"": ""所属 Harness 持有 profile 变体；仅移植已核对的性能变更 → 所属 CLI sync-template""}","[""scripts/verify-template-verification-scenarios"", ""submodules/create-yss-harness-dev/template/scripts/verify-template-verification-scenarios"", ""submodules/create-yss-spec/template/scripts/verify-template-verification-scenarios"", ""submodules/create-yss-strategic-design/template/scripts/verify-template-verification-scenarios"", ""submodules/yss-harness-backend-agent/scripts/verify-template-verification-scenarios"", ""submodules/yss-harness-design-agent/scripts/verify-template-verification-scenarios"", ""submodules/yss-harness-dev-agent/scripts/verify-template-verification-scenarios"", ""submodules/yss-harness-frontend-agent/scripts/verify-template-verification-scenarios""]","{""scripts/verify-digital-human-roles"": ""3a344737ee954a655983182f4bf2adce3ec257752ba1b5502b04ec8267aa0d06"", ""submodules/yss-harness-backend-agent/scripts/verify-digital-human-roles"": ""3a344737ee954a655983182f4bf2adce3ec257752ba1b5502b04ec8267aa0d06"", ""submodules/yss-harness-design-agent/scripts/verify-digital-human-roles"": ""3a344737ee954a655983182f4bf2adce3ec257752ba1b5502b04ec8267aa0d06"", ""submodules/yss-harness-dev-agent/scripts/verify-digital-human-roles"": ""3a344737ee954a655983182f4bf2adce3ec257752ba1b5502b04ec8267aa0d06"", ""submodules/yss-harness-frontend-agent/scripts/verify-digital-human-roles"": ""3a344737ee954a655983182f4bf2adce3ec257752ba1b5502b04ec8267aa0d06""}",[],,"[""submodules/create-yss-harness-dev/template/scripts/verify-digital-human-roles"", ""submodules/create-yss-spec/template/scripts/verify-digital-human-roles"", ""submodules/create-yss-strategic-design/template/scripts/verify-digital-human-roles""]",1,1,logs/validation-after-recovery-0.stdout; runs.jsonl; final-refresh-results.json; distribution-results-corrected.json,采样维护入口调用频次、目录/输入规模后未取得应增加复杂度的独立热点证据；保留现实现。,V8 观察是维护夹具入口频次，非线上调用频率；未观察到的实现未作逐函数性能通过声明。输入尺度详见 report.md。
3a7656c9a1dc5b011e0c176fb0b3b7bcb240c27a074677053d72a5a23fa9aa6a,scripts/verify-maintenance-intensity-scenarios,True,False,2,2,fixture-test-only,,断言/回归入口；是否启动真实环境需沿callee区分,隔离执行对应测试，区分mock/真实构建/外部资源,unknown-unless-candidate-explicitly-establishes-source,cli,"{""process_spawn"": false, ""tree_io"": true, ""network"": false, ""mutation"": true, ""sleep"": false, ""loop"": true}",manual-candidate-or-automatic-classification-not-function-level-proof,测量后保留,"[""scripts/verify-maintenance-intensity-scenarios""]","{""scripts/verify-maintenance-intensity-scenarios"": ""本体脚本权威；通过本体 CLI manifest/sync-template 分发；入口由完整核验 profile 选择""}","[""scripts/verify-template-verification-scenarios"", ""submodules/create-yss-spec/template/scripts/verify-template-verification-scenarios""]","{""scripts/verify-maintenance-intensity-scenarios"": ""3a7656c9a1dc5b011e0c176fb0b3b7bcb240c27a074677053d72a5a23fa9aa6a""}",[],,"[""submodules/create-yss-spec/template/scripts/verify-maintenance-intensity-scenarios""]",1,105,logs/validation-after-recovery-0.stdout; runs.jsonl; final-refresh-results.json; distribution-results-corrected.json,采样维护入口调用频次、目录/输入规模后未取得应增加复杂度的独立热点证据；保留现实现。,V8 观察是维护夹具入口频次，非线上调用频率；未观察到的实现未作逐函数性能通过声明。输入尺度详见 report.md。
3c1602ba9390be4959fd569c1eac6ab01c915f9eac0d2ab7d69b85682688e8c4,submodules/yss-harness-dev-agent/scripts/lib/task-package.mjs,True,False,4,4,static-no-confirmed-hotspot,,词法/路径分类，未证明性能正常,按真实调用频率与输入规模采样；有证据再扩大分析,unknown-unless-candidate-explicitly-establishes-source,library,"{""process_spawn"": false, ""tree_io"": false, ""network"": false, ""mutation"": false, ""sleep"": false, ""loop"": true}",manual-candidate-or-automatic-classification-not-function-level-proof,测量后保留,"[""submodules/yss-harness-backend-agent/scripts/lib/task-package.mjs"", ""submodules/yss-harness-dev-agent/scripts/lib/task-package.mjs"", ""submodules/yss-harness-frontend-agent/scripts/lib/task-package.mjs""]","{""submodules/yss-harness-backend-agent/scripts/lib/task-package.mjs"": ""所属 Harness 持有 profile 变体；仅移植已核对的性能变更 → 所属 CLI sync-template"", ""submodules/yss-harness-dev-agent/scripts/lib/task-package.mjs"": ""所属 Harness 持有 profile 变体；仅移植已核对的性能变更 → 所属 CLI sync-template"", ""submodules/yss-harness-frontend-agent/scripts/lib/task-package.mjs"": ""所属 Harness 持有 profile 变体；仅移植已核对的性能变更 → 所属 CLI sync-template""}","[""submodules/create-yss-harness-dev/template/scripts/verify-digital-human-task-package"", ""submodules/create-yss-harness-dev/template/scripts/verify-subagent-task-package-scenarios"", ""submodules/yss-harness-backend-agent/scripts/verify-digital-human-task-package"", ""submodules/yss-harness-backend-agent/scripts/verify-subagent-task-package-scenarios"", ""submodules/yss-harness-dev-agent/scripts/verify-digital-human-task-package"", ""submodules/yss-harness-dev-agent/scripts/verify-subagent-task-package-scenarios"", ""submodules/yss-harness-frontend-agent/scripts/verify-digital-human-task-package"", ""submodules/yss-harness-frontend-agent/scripts/verify-subagent-task-package-scenarios""]","{""submodules/yss-harness-backend-agent/scripts/lib/task-package.mjs"": ""3c1602ba9390be4959fd569c1eac6ab01c915f9eac0d2ab7d69b85682688e8c4"", ""submodules/yss-harness-dev-agent/scripts/lib/task-package.mjs"": ""3c1602ba9390be4959fd569c1eac6ab01c915f9eac0d2ab7d69b85682688e8c4"", ""submodules/yss-harness-frontend-agent/scripts/lib/task-package.mjs"": ""3c1602ba9390be4959fd569c1eac6ab01c915f9eac0d2ab7d69b85682688e8c4""}",[],,"[""submodules/create-yss-harness-dev/template/scripts/lib/task-package.mjs""]",0,0,logs/validation-after-recovery-0.stdout; runs.jsonl; final-refresh-results.json; distribution-results-corrected.json,采样维护入口调用频次、目录/输入规模后未取得应增加复杂度的独立热点证据；保留现实现。 未取得可绑定此 SHA 的 V8 加载样本；临时模块可能已随夹具清理，不能把缺少可绑定样本解释成线上零调用或性能正常。,V8 观察是维护夹具入口频次，非线上调用频率；未观察到的实现未作逐函数性能通过声明。输入尺度详见 report.md。
3e1874cf46ce3dc6ac64e58d5e7a7c3e4efc51149d874e0250dd5d6237f1ec98,submodules/yss-harness-frontend-agent/scripts/verify-lifecycle-transition-scenarios,True,False,1,1,fixture-test-only,,断言/回归入口；是否启动真实环境需沿callee区分,隔离执行对应测试，区分mock/真实构建/外部资源,unknown-unless-candidate-explicitly-establishes-source,cli,"{""process_spawn"": false, ""tree_io"": false, ""network"": false, ""mutation"": false, ""sleep"": false, ""loop"": true}",manual-candidate-or-automatic-classification-not-function-level-proof,测量后保留,"[""submodules/yss-harness-frontend-agent/scripts/verify-lifecycle-transition-scenarios""]","{""submodules/yss-harness-frontend-agent/scripts/verify-lifecycle-transition-scenarios"": ""所属 Harness 持有 profile 变体；仅移植已核对的性能变更 → 所属 CLI sync-template""}","[""submodules/yss-harness-frontend-agent/scripts/verify-template-verification-scenarios""]","{""submodules/yss-harness-frontend-agent/scripts/verify-lifecycle-transition-scenarios"": ""3e1874cf46ce3dc6ac64e58d5e7a7c3e4efc51149d874e0250dd5d6237f1ec98""}",[],,[],0,0,logs/validation-after-recovery-0.stdout; runs.jsonl; final-refresh-results.json; distribution-results-corrected.json,采样维护入口调用频次、目录/输入规模后未取得应增加复杂度的独立热点证据；保留现实现。 未取得可绑定此 SHA 的 V8 加载样本；临时模块可能已随夹具清理，不能把缺少可绑定样本解释成线上零调用或性能正常。,V8 观察是维护夹具入口频次，非线上调用频率；未观察到的实现未作逐函数性能通过声明。输入尺度详见 report.md。
3e63fdb95276a81916110766aca34945b7ff75d63d78b0350c2b9bb25aa5a0b1,.agents/skills/yss-web-controller/scripts/generate_controller.test.mjs,True,False,5,19,fixture-test-only,,断言/回归入口；是否启动真实环境需沿callee区分,隔离执行对应测试，区分mock/真实构建/外部资源,unknown-unless-candidate-explicitly-establishes-source,test,"{""process_spawn"": false, ""tree_io"": true, ""network"": false, ""mutation"": true, ""sleep"": false, ""loop"": true}",manual-candidate-or-automatic-classification-not-function-level-proof,测量后保留,"["".agents/skills/yss-web-controller/scripts/generate_controller.test.mjs"", ""submodules/yss-harness-backend-agent/.agents/skills/yss-web-controller/scripts/generate_controller.test.mjs"", ""submodules/yss-harness-dev-agent/.agents/skills/yss-web-controller/scripts/generate_controller.test.mjs""]","{"".agents/skills/yss-web-controller/scripts/generate_controller.test.mjs"": ""所属仓 .agents/skills 权威目录 → update-skill-lock / sync-skills → 所属 CLI sync-template"", ""submodules/yss-harness-backend-agent/.agents/skills/yss-web-controller/scripts/generate_controller.test.mjs"": ""所属仓 .agents/skills 权威目录 → update-skill-lock / sync-skills → 所属 CLI sync-template"", ""submodules/yss-harness-dev-agent/.agents/skills/yss-web-controller/scripts/generate_controller.test.mjs"": ""所属仓 .agents/skills 权威目录 → update-skill-lock / sync-skills → 所属 CLI sync-template""}",[],"{"".agents/skills/yss-web-controller/scripts/generate_controller.test.mjs"": ""3e63fdb95276a81916110766aca34945b7ff75d63d78b0350c2b9bb25aa5a0b1"", ""submodules/yss-harness-backend-agent/.agents/skills/yss-web-controller/scripts/generate_controller.test.mjs"": ""3e63fdb95276a81916110766aca34945b7ff75d63d78b0350c2b9bb25aa5a0b1"", ""submodules/yss-harness-dev-agent/.agents/skills/yss-web-controller/scripts/generate_controller.test.mjs"": ""3e63fdb95276a81916110766aca34945b7ff75d63d78b0350c2b9bb25aa5a0b1""}",[],,"[""submodules/create-yss-harness-dev/template/.agents/skills/yss-web-controller/scripts/generate_controller.test.mjs"", ""submodules/create-yss-spec/template/.agents/skills/yss-web-controller/scripts/generate_controller.test.mjs""]",0,0,logs/validation-after-recovery-0.stdout; runs.jsonl; final-refresh-results.json; distribution-results-corrected.json,采样维护入口调用频次、目录/输入规模后未取得应增加复杂度的独立热点证据；保留现实现。 未取得可绑定此 SHA 的 V8 加载样本；临时模块可能已随夹具清理，不能把缺少可绑定样本解释成线上零调用或性能正常。,V8 观察是维护夹具入口频次，非线上调用频率；未观察到的实现未作逐函数性能通过声明。输入尺度详见 report.md。
3eb81355ad66e7a0c79aa00ad4ad04fc95e43ad1b52eb3f50c6906c4478ba5af,scripts/lib/backend-architecture.mjs,True,False,6,6,static-no-confirmed-hotspot,,词法/路径分类，未证明性能正常,按真实调用频率与输入规模采样；有证据再扩大分析,unknown-unless-candidate-explicitly-establishes-source,library,"{""process_spawn"": false, ""tree_io"": false, ""network"": false, ""mutation"": false, ""sleep"": false, ""loop"": true}",manual-candidate-or-automatic-classification-not-function-level-proof,测量后保留,"[""scripts/lib/backend-architecture.mjs"", ""submodules/yss-harness-backend-agent/scripts/lib/backend-architecture.mjs"", ""submodules/yss-harness-dev-agent/scripts/lib/backend-architecture.mjs"", ""submodules/yss-harness-frontend-agent/scripts/lib/backend-architecture.mjs""]","{""scripts/lib/backend-architecture.mjs"": ""本体脚本权威；通过本体 CLI manifest/sync-template 分发；入口由完整核验 profile 选择"", ""submodules/yss-harness-backend-agent/scripts/lib/backend-architecture.mjs"": ""所属 Harness 持有 profile 变体；仅移植已核对的性能变更 → 所属 CLI sync-template"", ""submodules/yss-harness-dev-agent/scripts/lib/backend-architecture.mjs"": ""所属 Harness 持有 profile 变体；仅移植已核对的性能变更 → 所属 CLI sync-template"", ""submodules/yss-harness-frontend-agent/scripts/lib/backend-architecture.mjs"": ""所属 Harness 持有 profile 变体；仅移植已核对的性能变更 → 所属 CLI sync-template""}","["".agents/skills/yss-ddd-scaffold-generator/scripts/generate_scaffold.mjs"", "".agents/skills/yss-ddd-scaffold-generator/scripts/run_first_slice_verification.mjs"", "".agents/skills/yss-ddd-scaffold-generator/scripts/run_scaffold_verification.mjs"", "".agents/skills/yss-layered-mvc-scaffold-generator/scripts/generate_scaffold.mjs"", "".agents/skills/yss-web-controller/scripts/generate_controller.mjs"", ""scripts/lib/implementation-contract-compiler.mjs"", ""scripts/verify-scaffold-architecture-decisions"", ""submodules/create-yss-harness-dev/template/.agents/skills/yss-ddd-scaffold-generator/scripts/generate_scaffold.mjs"", ""submodules/create-yss-harness-dev/template/.agents/skills/yss-ddd-scaffold-generator/scripts/run_first_slice_verification.mjs"", ""submodules/create-yss-harness-dev/template/.agents/skills/yss-ddd-scaffold-generator/scripts/run_scaffold_verification.mjs"", ""submodules/create-yss-harness-dev/template/.agents/skills/yss-layered-mvc-scaffold-generator/scripts/generate_scaffold.mjs"", ""submodules/create-yss-harness-dev/template/.agents/skills/yss-web-controller/scripts/generate_controller.mjs"", ""submodules/create-yss-harness-dev/template/scripts/lib/implementation-contract-compiler.mjs"", ""submodules/create-yss-harness-dev/template/scripts/verify-scaffold-architecture-decisions"", ""submodules/create-yss-spec/template/.agents/skills/yss-ddd-scaffold-generator/scripts/generate_scaffold.mjs"", ""submodules/create-yss-spec/template/.agents/skills/yss-ddd-scaffold-generator/scripts/run_first_slice_verification.mjs"", ""submodules/create-yss-spec/template/.agents/skills/yss-ddd-scaffold-generator/scripts/run_scaffold_verification.mjs"", ""submodules/create-yss-spec/template/.agents/skills/yss-layered-mvc-scaffold-generator/scripts/generate_scaffold.mjs"", ""submodules/create-yss-spec/template/.agents/skills/yss-web-controller/scripts/generate_controller.mjs"", ""submodules/create-yss-spec/template/scripts/lib/implementation-contract-compiler.mjs"", ""submodules/create-yss-spec/template/scripts/verify-scaffold-architecture-decisions"", ""submodules/yss-harness-backend-agent/.agents/skills/yss-ddd-scaffold-generator/scripts/generate_scaffold.mjs"", ""submodules/yss-harness-backend-agent/.agents/skills/yss-ddd-scaffold-generator/scripts/run_first_slice_verification.mjs"", ""submodules/yss-harness-backend-agent/.agents/skills/yss-ddd-scaffold-generator/scripts/run_scaffold_verification.mjs"", ""submodules/yss-harness-backend-agent/.agents/skills/yss-layered-mvc-scaffold-generator/scripts/generate_scaffold.mjs"", ""submodules/yss-harness-backend-agent/.agents/skills/yss-web-controller/scripts/generate_controller.mjs"", ""submodules/yss-harness-backend-agent/scripts/lib/implementation-contract-compiler.mjs"", ""submodules/yss-harness-backend-agent/scripts/verify-scaffold-architecture-decisions"", ""submodules/yss-harness-dev-agent/.agents/skills/yss-ddd-scaffold-generator/scripts/generate_scaffold.mjs"", ""submodules/yss-harness-dev-agent/.agents/skills/yss-ddd-scaffold-generator/scripts/run_first_slice_verification.mjs"", ""submodules/yss-harness-dev-agent/.agents/skills/yss-ddd-scaffold-generator/scripts/run_scaffold_verification.mjs"", ""submodules/yss-harness-dev-agent/.agents/skills/yss-layered-mvc-scaffold-generator/scripts/generate_scaffold.mjs"", ""submodules/yss-harness-dev-agent/.agents/skills/yss-web-controller/scripts/generate_controller.mjs"", ""submodules/yss-harness-dev-agent/scripts/lib/implementation-contract-compiler.mjs"", ""submodules/yss-harness-dev-agent/scripts/verify-scaffold-architecture-decisions"", ""submodules/yss-harness-frontend-agent/scripts/lib/implementation-contract-compiler.mjs"", ""submodules/yss-harness-frontend-agent/scripts/verify-scaffold-architecture-decisions""]","{""scripts/lib/backend-architecture.mjs"": ""3eb81355ad66e7a0c79aa00ad4ad04fc95e43ad1b52eb3f50c6906c4478ba5af"", ""submodules/yss-harness-backend-agent/scripts/lib/backend-architecture.mjs"": ""3eb81355ad66e7a0c79aa00ad4ad04fc95e43ad1b52eb3f50c6906c4478ba5af"", ""submodules/yss-harness-dev-agent/scripts/lib/backend-architecture.mjs"": ""3eb81355ad66e7a0c79aa00ad4ad04fc95e43ad1b52eb3f50c6906c4478ba5af"", ""submodules/yss-harness-frontend-agent/scripts/lib/backend-architecture.mjs"": ""3eb81355ad66e7a0c79aa00ad4ad04fc95e43ad1b52eb3f50c6906c4478ba5af""}",[],,"[""submodules/create-yss-harness-dev/template/scripts/lib/backend-architecture.mjs"", ""submodules/create-yss-spec/template/scripts/lib/backend-architecture.mjs""]",50,1655,logs/validation-after-recovery-0.stdout; runs.jsonl; final-refresh-results.json; distribution-results-corrected.json,采样维护入口调用频次、目录/输入规模后未取得应增加复杂度的独立热点证据；保留现实现。,V8 观察是维护夹具入口频次，非线上调用频率；未观察到的实现未作逐函数性能通过声明。输入尺度详见 report.md。
3face49f4c46e9f56edc988690e7e1d9b660f535c89e139d0a0018a048ab9a75,scripts/inspect-maintenance-candidate,True,False,2,2,wrapper-follow-callee,,短包装/重导出入口；主要成本落在callee,计入口启动开销并追踪实际callee，保留兼容入口,unknown-unless-candidate-explicitly-establishes-source,wrapper,"{""process_spawn"": false, ""tree_io"": false, ""network"": false, ""mutation"": false, ""sleep"": false, ""loop"": false}",manual-candidate-or-automatic-classification-not-function-level-proof,测量后保留,"[""scripts/inspect-maintenance-candidate""]","{""scripts/inspect-maintenance-candidate"": ""本体脚本权威；通过本体 CLI manifest/sync-template 分发；入口由完整核验 profile 选择""}","[""scripts/inspect-maintenance-candidate"", ""submodules/create-yss-spec/template/scripts/inspect-maintenance-candidate""]","{""scripts/inspect-maintenance-candidate"": ""3face49f4c46e9f56edc988690e7e1d9b660f535c89e139d0a0018a048ab9a75""}",[],,"[""submodules/create-yss-spec/template/scripts/inspect-maintenance-candidate""]",0,0,logs/validation-after-recovery-0.stdout; runs.jsonl; final-refresh-results.json; distribution-results-corrected.json,采样维护入口调用频次、目录/输入规模后未取得应增加复杂度的独立热点证据；保留现实现。 未取得可绑定此 SHA 的 V8 加载样本；临时模块可能已随夹具清理，不能把缺少可绑定样本解释成线上零调用或性能正常。,V8 观察是维护夹具入口频次，非线上调用频率；未观察到的实现未作逐函数性能通过声明。输入尺度详见 report.md。
406073f67ea3bc72628f3fe38fe59a14ffd189be30067892d0d0d539452cb934,submodules/yss-harness-dev-agent/scripts/verify-upstream-skill-source,True,False,5,6,candidate-caller,P04,命中候选函数/调用链；可能含字符串/注释，非独立瓶颈证明,沿实际调用链归因，见候选设计；不要据regex删除检查,unknown-unless-candidate-explicitly-establishes-source,cli,"{""process_spawn"": true, ""tree_io"": false, ""network"": false, ""mutation"": false, ""sleep"": false, ""loop"": true}",manual-candidate-or-automatic-classification-not-function-level-proof,测量后保留,"[""submodules/yss-harness-backend-agent/scripts/verify-upstream-skill-source"", ""submodules/yss-harness-design-agent/scripts/verify-upstream-skill-source"", ""submodules/yss-harness-dev-agent/scripts/verify-upstream-skill-source"", ""submodules/yss-harness-frontend-agent/scripts/verify-upstream-skill-source""]","{""submodules/yss-harness-backend-agent/scripts/verify-upstream-skill-source"": ""所属 Harness 持有 profile 变体；仅移植已核对的性能变更 → 所属 CLI sync-template"", ""submodules/yss-harness-design-agent/scripts/verify-upstream-skill-source"": ""所属 Harness 持有 profile 变体；仅移植已核对的性能变更 → 所属 CLI sync-template"", ""submodules/yss-harness-dev-agent/scripts/verify-upstream-skill-source"": ""所属 Harness 持有 profile 变体；仅移植已核对的性能变更 → 所属 CLI sync-template"", ""submodules/yss-harness-frontend-agent/scripts/verify-upstream-skill-source"": ""所属 Harness 持有 profile 变体；仅移植已核对的性能变更 → 所属 CLI sync-template""}","[""submodules/create-yss-harness-dev/template/scripts/verify-upstream-skill-source"", ""submodules/yss-harness-backend-agent/scripts/verify-upstream-skill-source"", ""submodules/yss-harness-design-agent/scripts/verify-upstream-skill-source"", ""submodules/yss-harness-dev-agent/scripts/verify-upstream-skill-source"", ""submodules/yss-harness-frontend-agent/scripts/verify-upstream-skill-source""]","{""submodules/yss-harness-backend-agent/scripts/verify-upstream-skill-source"": ""406073f67ea3bc72628f3fe38fe59a14ffd189be30067892d0d0d539452cb934"", ""submodules/yss-harness-design-agent/scripts/verify-upstream-skill-source"": ""406073f67ea3bc72628f3fe38fe59a14ffd189be30067892d0d0d539452cb934"", ""submodules/yss-harness-dev-agent/scripts/verify-upstream-skill-source"": ""406073f67ea3bc72628f3fe38fe59a14ffd189be30067892d0d0d539452cb934"", ""submodules/yss-harness-frontend-agent/scripts/verify-upstream-skill-source"": ""406073f67ea3bc72628f3fe38fe59a14ffd189be30067892d0d0d539452cb934""}",[],P04,"[""submodules/create-yss-harness-dev/template/scripts/verify-upstream-skill-source""]",0,0,logs/validation-after-recovery-0.stdout; runs.jsonl; final-refresh-results.json; distribution-results-corrected.json,采样维护入口调用频次、目录/输入规模后未取得应增加复杂度的独立热点证据；保留现实现。 未取得可绑定此 SHA 的 V8 加载样本；临时模块可能已随夹具清理，不能把缺少可绑定样本解释成线上零调用或性能正常。,V8 观察是维护夹具入口频次，非线上调用频率；未观察到的实现未作逐函数性能通过声明。输入尺度详见 report.md。
419be37886b313981f0686c9b49d99195499bcbc1acda4ef800d8d96c780196e,scripts/lib/repository-scope-policy.mjs,True,False,7,8,static-no-confirmed-hotspot,,词法/路径分类，未证明性能正常,按真实调用频率与输入规模采样；有证据再扩大分析,unknown-unless-candidate-explicitly-establishes-source,library,"{""process_spawn"": true, ""tree_io"": true, ""network"": false, ""mutation"": false, ""sleep"": false, ""loop"": true}",manual-candidate-or-automatic-classification-not-function-level-proof,测量后保留,"[""scripts/lib/repository-scope-policy.mjs"", ""submodules/yss-harness-backend-agent/scripts/lib/repository-scope-policy.mjs"", ""submodules/yss-harness-design-agent/scripts/lib/repository-scope-policy.mjs"", ""submodules/yss-harness-dev-agent/scripts/lib/repository-scope-policy.mjs"", ""submodules/yss-harness-frontend-agent/scripts/lib/repository-scope-policy.mjs""]","{""scripts/lib/repository-scope-policy.mjs"": ""本体脚本权威；通过本体 CLI manifest/sync-template 分发；入口由完整核验 profile 选择"", ""submodules/yss-harness-backend-agent/scripts/lib/repository-scope-policy.mjs"": ""所属 Harness 持有 profile 变体；仅移植已核对的性能变更 → 所属 CLI sync-template"", ""submodules/yss-harness-design-agent/scripts/lib/repository-scope-policy.mjs"": ""所属 Harness 持有 profile 变体；仅移植已核对的性能变更 → 所属 CLI sync-template"", ""submodules/yss-harness-dev-agent/scripts/lib/repository-scope-policy.mjs"": ""所属 Harness 持有 profile 变体；仅移植已核对的性能变更 → 所属 CLI sync-template"", ""submodules/yss-harness-frontend-agent/scripts/lib/repository-scope-policy.mjs"": ""所属 Harness 持有 profile 变体；仅移植已核对的性能变更 → 所属 CLI sync-template""}","["".agents/skills/yss-ddd-scaffold-generator/scripts/generate_scaffold.mjs"", "".agents/skills/yss-ddd-scaffold-generator/scripts/scaffold-generator.test.mjs"", "".agents/skills/yss-layered-mvc-scaffold-generator/scripts/generate_scaffold.mjs"", ""scripts/repository-scope-policy"", ""scripts/sync-strategic-handoff-tools"", ""scripts/verify-repository-scope-scenarios"", ""submodules/create-yss-harness-dev/template/.agents/skills/yss-ddd-scaffold-generator/scripts/generate_scaffold.mjs"", ""submodules/create-yss-harness-dev/template/.agents/skills/yss-ddd-scaffold-generator/scripts/scaffold-generator.test.mjs"", ""submodules/create-yss-harness-dev/template/.agents/skills/yss-layered-mvc-scaffold-generator/scripts/generate_scaffold.mjs"", ""submodules/create-yss-harness-dev/template/scripts/repository-scope-policy"", ""submodules/create-yss-harness-dev/template/scripts/verify-repository-scope-scenarios"", ""submodules/create-yss-spec/template/.agents/skills/yss-ddd-scaffold-generator/scripts/generate_scaffold.mjs"", ""submodules/create-yss-spec/template/.agents/skills/yss-ddd-scaffold-generator/scripts/scaffold-generator.test.mjs"", ""submodules/create-yss-spec/template/.agents/skills/yss-layered-mvc-scaffold-generator/scripts/generate_scaffold.mjs"", ""submodules/create-yss-spec/template/scripts/repository-scope-policy"", ""submodules/create-yss-spec/template/scripts/sync-strategic-handoff-tools"", ""submodules/create-yss-spec/template/scripts/verify-repository-scope-scenarios"", ""submodules/yss-harness-backend-agent/.agents/skills/yss-ddd-scaffold-generator/scripts/generate_scaffold.mjs"", ""submodules/yss-harness-backend-agent/.agents/skills/yss-ddd-scaffold-generator/scripts/scaffold-generator.test.mjs"", ""submodules/yss-harness-backend-agent/.agents/skills/yss-layered-mvc-scaffold-generator/scripts/generate_scaffold.mjs"", ""submodules/yss-harness-backend-agent/scripts/repository-scope-policy"", ""submodules/yss-harness-backend-agent/scripts/verify-repository-scope-scenarios"", ""submodules/yss-harness-design-agent/scripts/repository-scope-policy"", ""submodules/yss-harness-design-agent/scripts/verify-repository-scope-scenarios"", ""submodules/yss-harness-dev-agent/.agents/skills/yss-ddd-scaffold-generator/scripts/generate_scaffold.mjs"", ""submodules/yss-harness-dev-agent/.agents/skills/yss-ddd-scaffold-generator/scripts/scaffold-generator.test.mjs"", ""submodules/yss-harness-dev-agent/.agents/skills/yss-layered-mvc-scaffold-generator/scripts/generate_scaffold.mjs"", ""submodules/yss-harness-dev-agent/scripts/repository-scope-policy"", ""submodules/yss-harness-dev-agent/scripts/verify-repository-scope-scenarios"", ""submodules/yss-harness-frontend-agent/scripts/repository-scope-policy"", ""submodules/yss-harness-frontend-agent/scripts/verify-repository-scope-scenarios""]","{""scripts/lib/repository-scope-policy.mjs"": ""419be37886b313981f0686c9b49d99195499bcbc1acda4ef800d8d96c780196e"", ""submodules/yss-harness-backend-agent/scripts/lib/repository-scope-policy.mjs"": ""419be37886b313981f0686c9b49d99195499bcbc1acda4ef800d8d96c780196e"", ""submodules/yss-harness-design-agent/scripts/lib/repository-scope-policy.mjs"": ""419be37886b313981f0686c9b49d99195499bcbc1acda4ef800d8d96c780196e"", ""submodules/yss-harness-dev-agent/scripts/lib/repository-scope-policy.mjs"": ""419be37886b313981f0686c9b49d99195499bcbc1acda4ef800d8d96c780196e"", ""submodules/yss-harness-frontend-agent/scripts/lib/repository-scope-policy.mjs"": ""419be37886b313981f0686c9b49d99195499bcbc1acda4ef800d8d96c780196e""}",[],,"[""submodules/create-yss-harness-dev/template/scripts/lib/repository-scope-policy.mjs"", ""submodules/create-yss-spec/template/scripts/lib/repository-scope-policy.mjs""]",41,5065,logs/validation-after-recovery-0.stdout; runs.jsonl; final-refresh-results.json; distribution-results-corrected.json,采样维护入口调用频次、目录/输入规模后未取得应增加复杂度的独立热点证据；保留现实现。,V8 观察是维护夹具入口频次，非线上调用频率；未观察到的实现未作逐函数性能通过声明。输入尺度详见 report.md。
41e7d324f144855e064bbfb4ada8b148ec58ad9d9a9536c820c45fe367249d00,submodules/create-yss-strategic-design/src/template-hash.js,False,True,1,1,candidate-caller,P04,命中候选函数/调用链；可能含字符串/注释，非独立瓶颈证明,沿实际调用链归因，见候选设计；不要据regex删除检查,unknown-unless-candidate-explicitly-establishes-source,library,"{""process_spawn"": false, ""tree_io"": true, ""network"": false, ""mutation"": false, ""sleep"": false, ""loop"": true}",manual-candidate-or-automatic-classification-not-function-level-proof,测量后保留,"[""submodules/create-yss-strategic-design/src/template-hash.js""]","{""submodules/create-yss-strategic-design/src/template-hash.js"": ""所属 CLI 自有源码；test:unit / test:prepared / sync-template；不以同名合并来源""}","[""submodules/create-yss-strategic-design/scripts/sync-template.js""]","{""submodules/create-yss-strategic-design/src/template-hash.js"": ""41e7d324f144855e064bbfb4ada8b148ec58ad9d9a9536c820c45fe367249d00""}",[],P04,[],0,0,logs/validation-after-recovery-0.stdout; runs.jsonl; final-refresh-results.json; distribution-results-corrected.json,采样维护入口调用频次、目录/输入规模后未取得应增加复杂度的独立热点证据；保留现实现。 未取得可绑定此 SHA 的 V8 加载样本；临时模块可能已随夹具清理，不能把缺少可绑定样本解释成线上零调用或性能正常。,V8 观察是维护夹具入口频次，非线上调用频率；未观察到的实现未作逐函数性能通过声明。输入尺度详见 report.md。
4209eeb6e44f0bd35118f824c3f411b6f9a98c90ecf9dc2f63751575aab7d9ae,submodules/yss-harness-backend-agent/scripts/lib/harness-execution-scope.mjs,True,False,2,2,static-no-confirmed-hotspot,,词法/路径分类，未证明性能正常,按真实调用频率与输入规模采样；有证据再扩大分析,unknown-unless-candidate-explicitly-establishes-source,library,"{""process_spawn"": false, ""tree_io"": false, ""network"": false, ""mutation"": false, ""sleep"": false, ""loop"": true}",manual-candidate-or-automatic-classification-not-function-level-proof,测量后保留,"[""submodules/yss-harness-backend-agent/scripts/lib/harness-execution-scope.mjs"", ""submodules/yss-harness-frontend-agent/scripts/lib/harness-execution-scope.mjs""]","{""submodules/yss-harness-backend-agent/scripts/lib/harness-execution-scope.mjs"": ""所属 Harness 持有 profile 变体；仅移植已核对的性能变更 → 所属 CLI sync-template"", ""submodules/yss-harness-frontend-agent/scripts/lib/harness-execution-scope.mjs"": ""所属 Harness 持有 profile 变体；仅移植已核对的性能变更 → 所属 CLI sync-template""}","[""submodules/yss-harness-backend-agent/scripts/lib/frontend-delivery-boundary.mjs"", ""submodules/yss-harness-backend-agent/scripts/lib/implementation-contract-compiler.mjs"", ""submodules/yss-harness-backend-agent/scripts/lib/task-package.mjs"", ""submodules/yss-harness-frontend-agent/scripts/lib/frontend-delivery-boundary.mjs"", ""submodules/yss-harness-frontend-agent/scripts/lib/implementation-contract-compiler.mjs"", ""submodules/yss-harness-frontend-agent/scripts/lib/task-package.mjs""]","{""submodules/yss-harness-backend-agent/scripts/lib/harness-execution-scope.mjs"": ""4209eeb6e44f0bd35118f824c3f411b6f9a98c90ecf9dc2f63751575aab7d9ae"", ""submodules/yss-harness-frontend-agent/scripts/lib/harness-execution-scope.mjs"": ""4209eeb6e44f0bd35118f824c3f411b6f9a98c90ecf9dc2f63751575aab7d9ae""}",[],,[],0,0,logs/validation-after-recovery-0.stdout; runs.jsonl; final-refresh-results.json; distribution-results-corrected.json,采样维护入口调用频次、目录/输入规模后未取得应增加复杂度的独立热点证据；保留现实现。 未取得可绑定此 SHA 的 V8 加载样本；临时模块可能已随夹具清理，不能把缺少可绑定样本解释成线上零调用或性能正常。,V8 观察是维护夹具入口频次，非线上调用频率；未观察到的实现未作逐函数性能通过声明。输入尺度详见 report.md。
42a609c34038bf4f7ff4a305a16ffb82be5f7c475dcafd42eac06afd97f51bc7,submodules/yss-harness-dev-agent/scripts/lib/lifecycle-transition.mjs,True,False,3,3,static-no-confirmed-hotspot,,词法/路径分类，未证明性能正常,按真实调用频率与输入规模采样；有证据再扩大分析,unknown-unless-candidate-explicitly-establishes-source,library,"{""process_spawn"": false, ""tree_io"": false, ""network"": false, ""mutation"": false, ""sleep"": false, ""loop"": false}",manual-candidate-or-automatic-classification-not-function-level-proof,测量后保留,"[""submodules/yss-harness-backend-agent/scripts/lib/lifecycle-transition.mjs"", ""submodules/yss-harness-dev-agent/scripts/lib/lifecycle-transition.mjs""]","{""submodules/yss-harness-backend-agent/scripts/lib/lifecycle-transition.mjs"": ""所属 Harness 持有 profile 变体；仅移植已核对的性能变更 → 所属 CLI sync-template"", ""submodules/yss-harness-dev-agent/scripts/lib/lifecycle-transition.mjs"": ""所属 Harness 持有 profile 变体；仅移植已核对的性能变更 → 所属 CLI sync-template""}","[""submodules/create-yss-harness-dev/template/scripts/lib/scenario-checks.mjs"", ""submodules/create-yss-harness-dev/template/scripts/lib/task-package.mjs"", ""submodules/create-yss-harness-dev/template/scripts/verify-frontend-delivery-scenarios"", ""submodules/create-yss-harness-dev/template/scripts/verify-lifecycle-transition-scenarios"", ""submodules/yss-harness-backend-agent/scripts/lib/scenario-checks.mjs"", ""submodules/yss-harness-backend-agent/scripts/lib/task-package.mjs"", ""submodules/yss-harness-backend-agent/scripts/verify-frontend-delivery-scenarios"", ""submodules/yss-harness-backend-agent/scripts/verify-lifecycle-transition-scenarios"", ""submodules/yss-harness-dev-agent/scripts/lib/scenario-checks.mjs"", ""submodules/yss-harness-dev-agent/scripts/lib/task-package.mjs"", ""submodules/yss-harness-dev-agent/scripts/verify-frontend-delivery-scenarios"", ""submodules/yss-harness-dev-agent/scripts/verify-lifecycle-transition-scenarios""]","{""submodules/yss-harness-backend-agent/scripts/lib/lifecycle-transition.mjs"": ""42a609c34038bf4f7ff4a305a16ffb82be5f7c475dcafd42eac06afd97f51bc7"", ""submodules/yss-harness-dev-agent/scripts/lib/lifecycle-transition.mjs"": ""42a609c34038bf4f7ff4a305a16ffb82be5f7c475dcafd42eac06afd97f51bc7""}",[],,"[""submodules/create-yss-harness-dev/template/scripts/lib/lifecycle-transition.mjs""]",0,0,logs/validation-after-recovery-0.stdout; runs.jsonl; final-refresh-results.json; distribution-results-corrected.json,采样维护入口调用频次、目录/输入规模后未取得应增加复杂度的独立热点证据；保留现实现。 未取得可绑定此 SHA 的 V8 加载样本；临时模块可能已随夹具清理，不能把缺少可绑定样本解释成线上零调用或性能正常。,V8 观察是维护夹具入口频次，非线上调用频率；未观察到的实现未作逐函数性能通过声明。输入尺度详见 report.md。
449b3786b9c261d08e98dd4685dffec826215c1a004804652887ebe62050de6c,.agents/skills/yss-ddd-scaffold-generator/scripts/run_scaffold_verification.mjs,True,False,2,9,candidate,P10,直接引用源码已人工核对,见关联候选验证设计,unknown-unless-candidate-explicitly-establishes-source,cli,"{""process_spawn"": true, ""tree_io"": true, ""network"": false, ""mutation"": true, ""sleep"": false, ""loop"": true}",manual-candidate-or-automatic-classification-not-function-level-proof,优化并验证,"["".agents/skills/yss-ddd-scaffold-generator/scripts/run_scaffold_verification.mjs""]","{"".agents/skills/yss-ddd-scaffold-generator/scripts/run_scaffold_verification.mjs"": ""所属仓 .agents/skills 权威目录 → update-skill-lock / sync-skills → 所属 CLI sync-template""}","["".agents/skills/yss-ddd-scaffold-generator/scripts/generate_and_verify_scaffold.mjs"", "".agents/skills/yss-ddd-scaffold-generator/scripts/run_first_slice_verification.mjs"", "".agents/skills/yss-ddd-scaffold-generator/scripts/scaffold-generator.test.mjs"", "".agents/skills/yss-layered-mvc-scaffold-generator/scripts/run_scaffold_verification.mjs"", "".agents/skills/yss-mvc-data-analysis-project-initializer/scripts/run_scaffold_verification.mjs"", ""submodules/create-yss-spec/template/.agents/skills/yss-ddd-scaffold-generator/scripts/generate_and_verify_scaffold.mjs"", ""submodules/create-yss-spec/template/.agents/skills/yss-ddd-scaffold-generator/scripts/run_first_slice_verification.mjs"", ""submodules/create-yss-spec/template/.agents/skills/yss-ddd-scaffold-generator/scripts/scaffold-generator.test.mjs"", ""submodules/create-yss-spec/template/.agents/skills/yss-layered-mvc-scaffold-generator/scripts/run_scaffold_verification.mjs"", ""submodules/create-yss-spec/template/.agents/skills/yss-mvc-data-analysis-project-initializer/scripts/run_scaffold_verification.mjs""]","{"".agents/skills/yss-ddd-scaffold-generator/scripts/run_scaffold_verification.mjs"": ""458b24b9204179bb0fd4efb71d8109c717fd81044fc84f8d42f99c9c15972fbe""}","["".agents/skills/yss-ddd-scaffold-generator/scripts/run_scaffold_verification.mjs""]",P10,"[""submodules/create-yss-spec/template/.agents/skills/yss-ddd-scaffold-generator/scripts/run_scaffold_verification.mjs""]",2,570,logs/validation-after-recovery-0.stdout; runs.jsonl; final-refresh-results.json; distribution-results-corrected.json,权威实现或其受控 Harness 变体有本轮变更；验证以 Fresh Verification、相关场景和候选对照为依据，副本不冒充独立优化。,V8 观察是维护夹具入口频次，非线上调用频率；未观察到的实现未作逐函数性能通过声明。输入尺度详见 report.md。
45a6a54ef4d2d568af48dd24d1107c8d4416a999be93a3184d9ea50482e86e04,submodules/yss-harness-dev-agent/scripts/verify-repository-scope-scenarios,True,False,2,2,fixture-test-only,,断言/回归入口；是否启动真实环境需沿callee区分,隔离执行对应测试，区分mock/真实构建/外部资源,unknown-unless-candidate-explicitly-establishes-source,cli,"{""process_spawn"": false, ""tree_io"": false, ""network"": true, ""mutation"": false, ""sleep"": false, ""loop"": true}",manual-candidate-or-automatic-classification-not-function-level-proof,测量后保留,"[""submodules/yss-harness-dev-agent/scripts/verify-repository-scope-scenarios""]","{""submodules/yss-harness-dev-agent/scripts/verify-repository-scope-scenarios"": ""所属 Harness 持有 profile 变体；仅移植已核对的性能变更 → 所属 CLI sync-template""}","[""submodules/create-yss-harness-dev/template/scripts/verify-template-verification-scenarios"", ""submodules/yss-harness-dev-agent/scripts/verify-template-verification-scenarios""]","{""submodules/yss-harness-dev-agent/scripts/verify-repository-scope-scenarios"": ""45a6a54ef4d2d568af48dd24d1107c8d4416a999be93a3184d9ea50482e86e04""}",[],,"[""submodules/create-yss-harness-dev/template/scripts/verify-repository-scope-scenarios""]",0,0,logs/validation-after-recovery-0.stdout; runs.jsonl; final-refresh-results.json; distribution-results-corrected.json,采样维护入口调用频次、目录/输入规模后未取得应增加复杂度的独立热点证据；保留现实现。 未取得可绑定此 SHA 的 V8 加载样本；临时模块可能已随夹具清理，不能把缺少可绑定样本解释成线上零调用或性能正常。,V8 观察是维护夹具入口频次，非线上调用频率；未观察到的实现未作逐函数性能通过声明。输入尺度详见 report.md。
45cb98a29a6e7a3cad8bd7cd96505318410cd4c240d30bc4e0fe7cf2334bcaf8,submodules/yss-harness-dev-agent/scripts/lib/skill-registry.mjs,True,False,4,4,static-no-confirmed-hotspot,,词法/路径分类，未证明性能正常,按真实调用频率与输入规模采样；有证据再扩大分析,unknown-unless-candidate-explicitly-establishes-source,library,"{""process_spawn"": false, ""tree_io"": false, ""network"": false, ""mutation"": false, ""sleep"": false, ""loop"": true}",manual-candidate-or-automatic-classification-not-function-level-proof,测量后保留,"[""submodules/yss-harness-backend-agent/scripts/lib/skill-registry.mjs"", ""submodules/yss-harness-dev-agent/scripts/lib/skill-registry.mjs"", ""submodules/yss-harness-frontend-agent/scripts/lib/skill-registry.mjs""]","{""submodules/yss-harness-backend-agent/scripts/lib/skill-registry.mjs"": ""所属 Harness 持有 profile 变体；仅移植已核对的性能变更 → 所属 CLI sync-template"", ""submodules/yss-harness-dev-agent/scripts/lib/skill-registry.mjs"": ""所属 Harness 持有 profile 变体；仅移植已核对的性能变更 → 所属 CLI sync-template"", ""submodules/yss-harness-frontend-agent/scripts/lib/skill-registry.mjs"": ""所属 Harness 持有 profile 变体；仅移植已核对的性能变更 → 所属 CLI sync-template""}","[""submodules/create-yss-harness-dev/template/scripts/audit-yss-backend-skills"", ""submodules/create-yss-harness-dev/template/scripts/generate-yss-skill-boundaries"", ""submodules/create-yss-harness-dev/template/scripts/lib/backend-architecture.mjs"", ""submodules/create-yss-harness-dev/template/scripts/lib/digital-human-roles.mjs"", ""submodules/create-yss-harness-dev/template/scripts/lib/entry-alignment.mjs"", ""submodules/create-yss-harness-dev/template/scripts/lib/implementation-contract-compiler.mjs"", ""submodules/create-yss-harness-dev/template/scripts/lib/skill-governance.mjs"", ""submodules/create-yss-harness-dev/template/scripts/verify-digital-human-roles-scenarios"", ""submodules/create-yss-harness-dev/template/scripts/verify-scaffold-architecture-decisions"", ""submodules/create-yss-harness-dev/template/scripts/verify-skill-registry"", ""submodules/yss-harness-backend-agent/scripts/audit-yss-backend-skills"", ""submodules/yss-harness-backend-agent/scripts/generate-yss-skill-boundaries"", ""submodules/yss-harness-backend-agent/scripts/lib/backend-architecture.mjs"", ""submodules/yss-harness-backend-agent/scripts/lib/digital-human-roles.mjs"", ""submodules/yss-harness-backend-agent/scripts/lib/entry-alignment.mjs"", ""submodules/yss-harness-backend-agent/scripts/lib/implementation-contract-compiler.mjs"", ""submodules/yss-harness-backend-agent/scripts/lib/skill-governance.mjs"", ""submodules/yss-harness-backend-agent/scripts/verify-digital-human-roles-scenarios"", ""submodules/yss-harness-backend-agent/scripts/verify-scaffold-architecture-decisions"", ""submodules/yss-harness-backend-agent/scripts/verify-skill-registry"", ""submodules/yss-harness-dev-agent/scripts/audit-yss-backend-skills"", ""submodules/yss-harness-dev-agent/scripts/generate-yss-skill-boundaries"", ""submodules/yss-harness-dev-agent/scripts/lib/backend-architecture.mjs"", ""submodules/yss-harness-dev-agent/scripts/lib/digital-human-roles.mjs"", ""submodules/yss-harness-dev-agent/scripts/lib/entry-alignment.mjs"", ""submodules/yss-harness-dev-agent/scripts/lib/implementation-contract-compiler.mjs"", ""submodules/yss-harness-dev-agent/scripts/lib/skill-governance.mjs"", ""submodules/yss-harness-dev-agent/scripts/verify-digital-human-roles-scenarios"", ""submodules/yss-harness-dev-agent/scripts/verify-scaffold-architecture-decisions"", ""submodules/yss-harness-dev-agent/scripts/verify-skill-registry"", ""submodules/yss-harness-frontend-agent/scripts/audit-yss-backend-skills"", ""submodules/yss-harness-frontend-agent/scripts/generate-yss-skill-boundaries"", ""submodules/yss-harness-frontend-agent/scripts/lib/backend-architecture.mjs"", ""submodules/yss-harness-frontend-agent/scripts/lib/digital-human-roles.mjs"", ""submodules/yss-harness-frontend-agent/scripts/lib/entry-alignment.mjs"", ""submodules/yss-harness-frontend-agent/scripts/lib/implementation-contract-compiler.mjs"", ""submodules/yss-harness-frontend-agent/scripts/lib/skill-governance.mjs"", ""submodules/yss-harness-frontend-agent/scripts/verify-digital-human-roles-scenarios"", ""submodules/yss-harness-frontend-agent/scripts/verify-scaffold-architecture-decisions"", ""submodules/yss-harness-frontend-agent/scripts/verify-skill-registry""]","{""submodules/yss-harness-backend-agent/scripts/lib/skill-registry.mjs"": ""45cb98a29a6e7a3cad8bd7cd96505318410cd4c240d30bc4e0fe7cf2334bcaf8"", ""submodules/yss-harness-dev-agent/scripts/lib/skill-registry.mjs"": ""45cb98a29a6e7a3cad8bd7cd96505318410cd4c240d30bc4e0fe7cf2334bcaf8"", ""submodules/yss-harness-frontend-agent/scripts/lib/skill-registry.mjs"": ""45cb98a29a6e7a3cad8bd7cd96505318410cd4c240d30bc4e0fe7cf2334bcaf8""}",[],,"[""submodules/create-yss-harness-dev/template/scripts/lib/skill-registry.mjs""]",0,0,logs/validation-after-recovery-0.stdout; runs.jsonl; final-refresh-results.json; distribution-results-corrected.json,采样维护入口调用频次、目录/输入规模后未取得应增加复杂度的独立热点证据；保留现实现。 未取得可绑定此 SHA 的 V8 加载样本；临时模块可能已随夹具清理，不能把缺少可绑定样本解释成线上零调用或性能正常。,V8 观察是维护夹具入口频次，非线上调用频率；未观察到的实现未作逐函数性能通过声明。输入尺度详见 report.md。
46233019073fa84566ae46bdf57092540879a7283adc0d7b103a3bd6f0e7fe34,scripts/verify-user-decision,True,False,5,5,wrapper-follow-callee,,短包装/重导出入口；主要成本落在callee,计入口启动开销并追踪实际callee，保留兼容入口,unknown-unless-candidate-explicitly-establishes-source,wrapper,"{""process_spawn"": false, ""tree_io"": false, ""network"": false, ""mutation"": false, ""sleep"": false, ""loop"": true}",manual-candidate-or-automatic-classification-not-function-level-proof,测量后保留,"[""scripts/verify-user-decision"", ""submodules/yss-harness-backend-agent/scripts/verify-user-decision"", ""submodules/yss-harness-dev-agent/scripts/verify-user-decision""]","{""scripts/verify-user-decision"": ""本体脚本权威；通过本体 CLI manifest/sync-template 分发；入口由完整核验 profile 选择"", ""submodules/yss-harness-backend-agent/scripts/verify-user-decision"": ""所属 Harness 持有 profile 变体；仅移植已核对的性能变更 → 所属 CLI sync-template"", ""submodules/yss-harness-dev-agent/scripts/verify-user-decision"": ""所属 Harness 持有 profile 变体；仅移植已核对的性能变更 → 所属 CLI sync-template""}","[""scripts/verify-user-decision"", ""scripts/verify-user-decision-scenarios"", ""submodules/create-yss-harness-dev/template/scripts/verify-user-decision"", ""submodules/create-yss-spec/template/scripts/verify-user-decision"", ""submodules/create-yss-spec/template/scripts/verify-user-decision-scenarios"", ""submodules/yss-harness-backend-agent/scripts/verify-user-decision"", ""submodules/yss-harness-dev-agent/scripts/verify-user-decision""]","{""scripts/verify-user-decision"": ""46233019073fa84566ae46bdf57092540879a7283adc0d7b103a3bd6f0e7fe34"", ""submodules/yss-harness-backend-agent/scripts/verify-user-decision"": ""46233019073fa84566ae46bdf57092540879a7283adc0d7b103a3bd6f0e7fe34"", ""submodules/yss-harness-dev-agent/scripts/verify-user-decision"": ""46233019073fa84566ae46bdf57092540879a7283adc0d7b103a3bd6f0e7fe34""}",[],,"[""submodules/create-yss-harness-dev/template/scripts/verify-user-decision"", ""submodules/create-yss-spec/template/scripts/verify-user-decision""]",1,2,logs/validation-after-recovery-0.stdout; runs.jsonl; final-refresh-results.json; distribution-results-corrected.json,采样维护入口调用频次、目录/输入规模后未取得应增加复杂度的独立热点证据；保留现实现。,V8 观察是维护夹具入口频次，非线上调用频率；未观察到的实现未作逐函数性能通过声明。输入尺度详见 report.md。
477b1af17e538328e28c1093104f9bda6797ce68f2edc635b94033bdec34b77b,.template-source/cli-core/cli.mjs,False,True,3,3,static-no-confirmed-hotspot,,词法/路径分类，未证明性能正常,按真实调用频率与输入规模采样；有证据再扩大分析,unknown-unless-candidate-explicitly-establishes-source,library,"{""process_spawn"": false, ""tree_io"": false, ""network"": false, ""mutation"": false, ""sleep"": false, ""loop"": true}",manual-candidate-or-automatic-classification-not-function-level-proof,测量后保留,"["".template-source/cli-core/cli.mjs""]","{"".template-source/cli-core/cli.mjs"": ""本体 canonical core → sync-core → 专职 CLI vendor（临时仓已验证，正式锁待提交）""}","[""audit-supplemental-entrypoints"", ""submodules/create-yss-harness-backend/bin/create-yss-harness-backend.js"", ""submodules/create-yss-harness-frontend/bin/create-yss-harness-frontend.js""]","{"".template-source/cli-core/cli.mjs"": ""477b1af17e538328e28c1093104f9bda6797ce68f2edc635b94033bdec34b77b""}",[],,"[""submodules/create-yss-harness-backend/vendor/cli-core/cli.mjs"", ""submodules/create-yss-harness-frontend/vendor/cli-core/cli.mjs""]",157,471,logs/validation-after-recovery-0.stdout; runs.jsonl; final-refresh-results.json; distribution-results-corrected.json,采样维护入口调用频次、目录/输入规模后未取得应增加复杂度的独立热点证据；保留现实现。,V8 观察是维护夹具入口频次，非线上调用频率；未观察到的实现未作逐函数性能通过声明。输入尺度详见 report.md。
47dfb4a60fe354c3f51aeecdaffc392668c9559f035771eff21e4261b6ef1a6e,submodules/yss-harness-dev-agent/scripts/lib/lifecycle-registry.mjs,True,False,4,5,static-no-confirmed-hotspot,,词法/路径分类，未证明性能正常,按真实调用频率与输入规模采样；有证据再扩大分析,unknown-unless-candidate-explicitly-establishes-source,library,"{""process_spawn"": false, ""tree_io"": false, ""network"": false, ""mutation"": true, ""sleep"": false, ""loop"": true}",manual-candidate-or-automatic-classification-not-function-level-proof,测量后保留,"[""submodules/yss-harness-backend-agent/scripts/lib/lifecycle-registry.mjs"", ""submodules/yss-harness-dev-agent/scripts/lib/lifecycle-registry.mjs"", ""submodules/yss-harness-frontend-agent/scripts/lib/lifecycle-registry.mjs""]","{""submodules/yss-harness-backend-agent/scripts/lib/lifecycle-registry.mjs"": ""所属 Harness 持有 profile 变体；仅移植已核对的性能变更 → 所属 CLI sync-template"", ""submodules/yss-harness-dev-agent/scripts/lib/lifecycle-registry.mjs"": ""所属 Harness 持有 profile 变体；仅移植已核对的性能变更 → 所属 CLI sync-template"", ""submodules/yss-harness-frontend-agent/scripts/lib/lifecycle-registry.mjs"": ""所属 Harness 持有 profile 变体；仅移植已核对的性能变更 → 所属 CLI sync-template""}","[""submodules/create-yss-harness-dev/template/scripts/lib/approval-record.mjs"", ""submodules/create-yss-harness-dev/template/scripts/lib/digital-human-roles.mjs"", ""submodules/create-yss-harness-dev/template/scripts/lib/entry-alignment.mjs"", ""submodules/create-yss-harness-dev/template/scripts/lib/harness-profile.mjs"", ""submodules/create-yss-harness-dev/template/scripts/lib/instance-distribution.mjs"", ""submodules/create-yss-harness-dev/template/scripts/lib/task-package-schema.mjs"", ""submodules/create-yss-harness-dev/template/scripts/lib/task-package.mjs"", ""submodules/create-yss-harness-dev/template/scripts/lib/user-decision.mjs"", ""submodules/create-yss-harness-dev/template/scripts/node-generate-lifecycle-artifacts.mjs"", ""submodules/create-yss-harness-dev/template/scripts/node-verify-lifecycle-registry.mjs"", ""submodules/create-yss-harness-dev/template/scripts/verify-digital-human-roles-scenarios"", ""submodules/create-yss-harness-dev/template/scripts/verify-subagent-task-package-scenarios"", ""submodules/yss-harness-backend-agent/scripts/lib/approval-record.mjs"", ""submodules/yss-harness-backend-agent/scripts/lib/digital-human-roles.mjs"", ""submodules/yss-harness-backend-agent/scripts/lib/entry-alignment.mjs"", ""submodules/yss-harness-backend-agent/scripts/lib/harness-profile.mjs"", ""submodules/yss-harness-backend-agent/scripts/lib/instance-distribution.mjs"", ""submodules/yss-harness-backend-agent/scripts/lib/task-package-schema.mjs"", ""submodules/yss-harness-backend-agent/scripts/lib/task-package.mjs"", ""submodules/yss-harness-backend-agent/scripts/lib/user-decision.mjs"", ""submodules/yss-harness-backend-agent/scripts/node-generate-lifecycle-artifacts.mjs"", ""submodules/yss-harness-backend-agent/scripts/node-verify-lifecycle-registry.mjs"", ""submodules/yss-harness-backend-agent/scripts/verify-digital-human-roles-scenarios"", ""submodules/yss-harness-backend-agent/scripts/verify-subagent-task-package-scenarios"", ""submodules/yss-harness-dev-agent/scripts/lib/approval-record.mjs"", ""submodules/yss-harness-dev-agent/scripts/lib/digital-human-roles.mjs"", ""submodules/yss-harness-dev-agent/scripts/lib/entry-alignment.mjs"", ""submodules/yss-harness-dev-agent/scripts/lib/harness-profile.mjs"", ""submodules/yss-harness-dev-agent/scripts/lib/instance-distribution.mjs"", ""submodules/yss-harness-dev-agent/scripts/lib/task-package-schema.mjs"", ""submodules/yss-harness-dev-agent/scripts/lib/task-package.mjs"", ""submodules/yss-harness-dev-agent/scripts/lib/user-decision.mjs"", ""submodules/yss-harness-dev-agent/scripts/node-generate-lifecycle-artifacts.mjs"", ""submodules/yss-harness-dev-agent/scripts/node-verify-lifecycle-registry.mjs"", ""submodules/yss-harness-dev-agent/scripts/verify-digital-human-roles-scenarios"", ""submodules/yss-harness-dev-agent/scripts/verify-subagent-task-package-scenarios"", ""submodules/yss-harness-frontend-agent/scripts/lib/approval-record.mjs"", ""submodules/yss-harness-frontend-agent/scripts/lib/digital-human-roles.mjs"", ""submodules/yss-harness-frontend-agent/scripts/lib/entry-alignment.mjs"", ""submodules/yss-harness-frontend-agent/scripts/lib/harness-profile.mjs"", ""submodules/yss-harness-frontend-agent/scripts/lib/instance-distribution.mjs"", ""submodules/yss-harness-frontend-agent/scripts/lib/task-package-schema.mjs"", ""submodules/yss-harness-frontend-agent/scripts/lib/task-package.mjs"", ""submodules/yss-harness-frontend-agent/scripts/node-generate-lifecycle-artifacts.mjs"", ""submodules/yss-harness-frontend-agent/scripts/node-verify-lifecycle-registry.mjs"", ""submodules/yss-harness-frontend-agent/scripts/verify-digital-human-roles-scenarios"", ""submodules/yss-harness-frontend-agent/scripts/verify-subagent-task-package-scenarios""]","{""submodules/yss-harness-backend-agent/scripts/lib/lifecycle-registry.mjs"": ""47dfb4a60fe354c3f51aeecdaffc392668c9559f035771eff21e4261b6ef1a6e"", ""submodules/yss-harness-dev-agent/scripts/lib/lifecycle-registry.mjs"": ""47dfb4a60fe354c3f51aeecdaffc392668c9559f035771eff21e4261b6ef1a6e"", ""submodules/yss-harness-frontend-agent/scripts/lib/lifecycle-registry.mjs"": ""47dfb4a60fe354c3f51aeecdaffc392668c9559f035771eff21e4261b6ef1a6e""}",[],,"[""submodules/create-yss-harness-dev/template/scripts/lib/lifecycle-registry.mjs""]",0,0,logs/validation-after-recovery-0.stdout; runs.jsonl; final-refresh-results.json; distribution-results-corrected.json,采样维护入口调用频次、目录/输入规模后未取得应增加复杂度的独立热点证据；保留现实现。 未取得可绑定此 SHA 的 V8 加载样本；临时模块可能已随夹具清理，不能把缺少可绑定样本解释成线上零调用或性能正常。,V8 观察是维护夹具入口频次，非线上调用频率；未观察到的实现未作逐函数性能通过声明。输入尺度详见 report.md。
483eb1aebd4a761748280cf1c87d078162a4d8760b518b3fceeaa297629d2d71,.agents/skills/yss-design-system/scripts/validate-frontmatter.mjs,True,False,7,36,static-no-confirmed-hotspot,,词法/路径分类，未证明性能正常,按真实调用频率与输入规模采样；有证据再扩大分析,unknown-unless-candidate-explicitly-establishes-source,cli,"{""process_spawn"": true, ""tree_io"": false, ""network"": false, ""mutation"": false, ""sleep"": false, ""loop"": true}",manual-candidate-or-automatic-classification-not-function-level-proof,测量后保留,"["".agents/skills/yss-design-system/scripts/validate-frontmatter.mjs"", ""submodules/yss-harness-design-agent/.agents/skills/yss-design-system/scripts/validate-frontmatter.mjs"", ""submodules/yss-harness-dev-agent/.agents/skills/yss-design-system/scripts/validate-frontmatter.mjs"", ""submodules/yss-harness-frontend-agent/.agents/skills/yss-design-system/scripts/validate-frontmatter.mjs""]","{"".agents/skills/yss-design-system/scripts/validate-frontmatter.mjs"": ""所属仓 .agents/skills 权威目录 → update-skill-lock / sync-skills → 所属 CLI sync-template"", ""submodules/yss-harness-design-agent/.agents/skills/yss-design-system/scripts/validate-frontmatter.mjs"": ""所属仓 .agents/skills 权威目录 → update-skill-lock / sync-skills → 所属 CLI sync-template"", ""submodules/yss-harness-dev-agent/.agents/skills/yss-design-system/scripts/validate-frontmatter.mjs"": ""所属仓 .agents/skills 权威目录 → update-skill-lock / sync-skills → 所属 CLI sync-template"", ""submodules/yss-harness-frontend-agent/.agents/skills/yss-design-system/scripts/validate-frontmatter.mjs"": ""所属仓 .agents/skills 权威目录 → update-skill-lock / sync-skills → 所属 CLI sync-template""}","["".agents/skills/yss-design-system/scripts/validate-frontmatter.test.mjs"", ""submodules/create-yss-harness-dev/template/.agents/skills/yss-design-system/scripts/validate-frontmatter.test.mjs"", ""submodules/create-yss-spec/template/.agents/skills/yss-design-system/scripts/validate-frontmatter.test.mjs"", ""submodules/create-yss-strategic-design/template/.agents/skills/yss-design-system/scripts/validate-frontmatter.test.mjs"", ""submodules/yss-harness-design-agent/.agents/skills/yss-design-system/scripts/validate-frontmatter.test.mjs"", ""submodules/yss-harness-dev-agent/.agents/skills/yss-design-system/scripts/validate-frontmatter.test.mjs"", ""submodules/yss-harness-frontend-agent/.agents/skills/yss-design-system/scripts/validate-frontmatter.test.mjs""]","{"".agents/skills/yss-design-system/scripts/validate-frontmatter.mjs"": ""483eb1aebd4a761748280cf1c87d078162a4d8760b518b3fceeaa297629d2d71"", ""submodules/yss-harness-design-agent/.agents/skills/yss-design-system/scripts/validate-frontmatter.mjs"": ""483eb1aebd4a761748280cf1c87d078162a4d8760b518b3fceeaa297629d2d71"", ""submodules/yss-harness-dev-agent/.agents/skills/yss-design-system/scripts/validate-frontmatter.mjs"": ""483eb1aebd4a761748280cf1c87d078162a4d8760b518b3fceeaa297629d2d71"", ""submodules/yss-harness-frontend-agent/.agents/skills/yss-design-system/scripts/validate-frontmatter.mjs"": ""483eb1aebd4a761748280cf1c87d078162a4d8760b518b3fceeaa297629d2d71""}",[],,"[""submodules/create-yss-harness-dev/template/.agents/skills/yss-design-system/scripts/validate-frontmatter.mjs"", ""submodules/create-yss-spec/template/.agents/skills/yss-design-system/scripts/validate-frontmatter.mjs"", ""submodules/create-yss-strategic-design/template/.agents/skills/yss-design-system/scripts/validate-frontmatter.mjs""]",0,0,logs/validation-after-recovery-0.stdout; runs.jsonl; final-refresh-results.json; distribution-results-corrected.json,采样维护入口调用频次、目录/输入规模后未取得应增加复杂度的独立热点证据；保留现实现。 未取得可绑定此 SHA 的 V8 加载样本；临时模块可能已随夹具清理，不能把缺少可绑定样本解释成线上零调用或性能正常。,V8 观察是维护夹具入口频次，非线上调用频率；未观察到的实现未作逐函数性能通过声明。输入尺度详见 report.md。
486bac492f2b0b33d670f0a188b8f70da6f49860f2681ae98d9aa516328f6b89,submodules/yss-harness-frontend-agent/scripts/verify-repository-scope-scenarios,True,False,1,1,fixture-test-only,,断言/回归入口；是否启动真实环境需沿callee区分,隔离执行对应测试，区分mock/真实构建/外部资源,unknown-unless-candidate-explicitly-establishes-source,cli,"{""process_spawn"": false, ""tree_io"": false, ""network"": true, ""mutation"": false, ""sleep"": false, ""loop"": true}",manual-candidate-or-automatic-classification-not-function-level-proof,测量后保留,"[""submodules/yss-harness-frontend-agent/scripts/verify-repository-scope-scenarios""]","{""submodules/yss-harness-frontend-agent/scripts/verify-repository-scope-scenarios"": ""所属 Harness 持有 profile 变体；仅移植已核对的性能变更 → 所属 CLI sync-template""}","[""submodules/yss-harness-frontend-agent/scripts/verify-template-verification-scenarios""]","{""submodules/yss-harness-frontend-agent/scripts/verify-repository-scope-scenarios"": ""486bac492f2b0b33d670f0a188b8f70da6f49860f2681ae98d9aa516328f6b89""}",[],,[],0,0,logs/validation-after-recovery-0.stdout; runs.jsonl; final-refresh-results.json; distribution-results-corrected.json,采样维护入口调用频次、目录/输入规模后未取得应增加复杂度的独立热点证据；保留现实现。 未取得可绑定此 SHA 的 V8 加载样本；临时模块可能已随夹具清理，不能把缺少可绑定样本解释成线上零调用或性能正常。,V8 观察是维护夹具入口频次，非线上调用频率；未观察到的实现未作逐函数性能通过声明。输入尺度详见 report.md。
4a4ee3d44ecace6556cef828ecd9e6b399dbf4c891d340f219dd8f91c74ddd86,submodules/yss-harness-design-agent/scripts/lib/maintenance-intensity.mjs,True,False,2,2,static-no-confirmed-hotspot,,词法/路径分类，未证明性能正常,按真实调用频率与输入规模采样；有证据再扩大分析,unknown-unless-candidate-explicitly-establishes-source,library,"{""process_spawn"": false, ""tree_io"": false, ""network"": false, ""mutation"": false, ""sleep"": false, ""loop"": true}",manual-candidate-or-automatic-classification-not-function-level-proof,测量后保留,"[""submodules/yss-harness-design-agent/scripts/lib/maintenance-intensity.mjs""]","{""submodules/yss-harness-design-agent/scripts/lib/maintenance-intensity.mjs"": ""所属 Harness 持有 profile 变体；仅移植已核对的性能变更 → 所属 CLI sync-template""}","[""submodules/create-yss-strategic-design/template/scripts/lib/task-package.mjs"", ""submodules/create-yss-strategic-design/template/scripts/verify-maintenance-checkpoint"", ""submodules/create-yss-strategic-design/template/scripts/verify-maintenance-intensity-scenarios"", ""submodules/yss-harness-design-agent/scripts/lib/task-package.mjs"", ""submodules/yss-harness-design-agent/scripts/verify-maintenance-checkpoint"", ""submodules/yss-harness-design-agent/scripts/verify-maintenance-intensity-scenarios""]","{""submodules/yss-harness-design-agent/scripts/lib/maintenance-intensity.mjs"": ""4a4ee3d44ecace6556cef828ecd9e6b399dbf4c891d340f219dd8f91c74ddd86""}",[],,"[""submodules/create-yss-strategic-design/template/scripts/lib/maintenance-intensity.mjs""]",0,0,logs/validation-after-recovery-0.stdout; runs.jsonl; final-refresh-results.json; distribution-results-corrected.json,采样维护入口调用频次、目录/输入规模后未取得应增加复杂度的独立热点证据；保留现实现。 未取得可绑定此 SHA 的 V8 加载样本；临时模块可能已随夹具清理，不能把缺少可绑定样本解释成线上零调用或性能正常。,V8 观察是维护夹具入口频次，非线上调用频率；未观察到的实现未作逐函数性能通过声明。输入尺度详见 report.md。
4bcb69e8dd32b016211d5d44bad16ca413f002f24ad6cf0cd3fc4f426589a562,scripts/prepare-maintenance-review,True,False,2,2,static-no-confirmed-hotspot,,维护冻结/证据路径；大diff或候选包需RSS规模测量，非日常产品流程优先项,只读源码抽样核对；隔离真实输入计时；若关联候选则采用其验证设计,unknown-unless-candidate-explicitly-establishes-source,cli,"{""process_spawn"": false, ""tree_io"": true, ""network"": false, ""mutation"": true, ""sleep"": false, ""loop"": true}",manual-candidate-or-automatic-classification-not-function-level-proof,测量后保留,"[""scripts/prepare-maintenance-review""]","{""scripts/prepare-maintenance-review"": ""本体脚本权威；通过本体 CLI manifest/sync-template 分发；入口由完整核验 profile 选择""}",[],"{""scripts/prepare-maintenance-review"": ""4bcb69e8dd32b016211d5d44bad16ca413f002f24ad6cf0cd3fc4f426589a562""}",[],,"[""submodules/create-yss-spec/template/scripts/prepare-maintenance-review""]",0,0,logs/validation-after-recovery-0.stdout; runs.jsonl; final-refresh-results.json; distribution-results-corrected.json,采样维护入口调用频次、目录/输入规模后未取得应增加复杂度的独立热点证据；保留现实现。 未取得可绑定此 SHA 的 V8 加载样本；临时模块可能已随夹具清理，不能把缺少可绑定样本解释成线上零调用或性能正常。,V8 观察是维护夹具入口频次，非线上调用频率；未观察到的实现未作逐函数性能通过声明。输入尺度详见 report.md。
4c0a124db8292449d69b76a4e2c233200f6f89dbfa65a3a9df7ecca2a832711d,scripts/verify-lifecycle-transition-scenarios,True,False,2,2,fixture-test-only,,断言/回归入口；是否启动真实环境需沿callee区分,隔离执行对应测试，区分mock/真实构建/外部资源,unknown-unless-candidate-explicitly-establishes-source,cli,"{""process_spawn"": false, ""tree_io"": true, ""network"": true, ""mutation"": true, ""sleep"": false, ""loop"": true}",manual-candidate-or-automatic-classification-not-function-level-proof,测量后保留,"[""scripts/verify-lifecycle-transition-scenarios""]","{""scripts/verify-lifecycle-transition-scenarios"": ""本体脚本权威；通过本体 CLI manifest/sync-template 分发；入口由完整核验 profile 选择""}","[""scripts/verify-template-verification-scenarios"", ""submodules/create-yss-spec/template/scripts/verify-template-verification-scenarios""]","{""scripts/verify-lifecycle-transition-scenarios"": ""4c0a124db8292449d69b76a4e2c233200f6f89dbfa65a3a9df7ecca2a832711d""}",[],,"[""submodules/create-yss-spec/template/scripts/verify-lifecycle-transition-scenarios""]",1,395,logs/validation-after-recovery-0.stdout; runs.jsonl; final-refresh-results.json; distribution-results-corrected.json,采样维护入口调用频次、目录/输入规模后未取得应增加复杂度的独立热点证据；保留现实现。,V8 观察是维护夹具入口频次，非线上调用频率；未观察到的实现未作逐函数性能通过声明。输入尺度详见 report.md。
4c149e2a0d5de2a6149ef0b7561641391459b8830c61e78451c7deb9c31c7946,submodules/yss-harness-backend-agent/scripts/lib/entry-alignment.mjs,True,False,2,2,static-no-confirmed-hotspot,,词法/路径分类，未证明性能正常,按真实调用频率与输入规模采样；有证据再扩大分析,unknown-unless-candidate-explicitly-establishes-source,library,"{""process_spawn"": false, ""tree_io"": false, ""network"": false, ""mutation"": false, ""sleep"": false, ""loop"": true}",manual-candidate-or-automatic-classification-not-function-level-proof,测量后保留,"[""submodules/yss-harness-backend-agent/scripts/lib/entry-alignment.mjs"", ""submodules/yss-harness-frontend-agent/scripts/lib/entry-alignment.mjs""]","{""submodules/yss-harness-backend-agent/scripts/lib/entry-alignment.mjs"": ""所属 Harness 持有 profile 变体；仅移植已核对的性能变更 → 所属 CLI sync-template"", ""submodules/yss-harness-frontend-agent/scripts/lib/entry-alignment.mjs"": ""所属 Harness 持有 profile 变体；仅移植已核对的性能变更 → 所属 CLI sync-template""}","[""submodules/yss-harness-backend-agent/scripts/verify-entry-alignment"", ""submodules/yss-harness-frontend-agent/scripts/verify-entry-alignment""]","{""submodules/yss-harness-backend-agent/scripts/lib/entry-alignment.mjs"": ""4c149e2a0d5de2a6149ef0b7561641391459b8830c61e78451c7deb9c31c7946"", ""submodules/yss-harness-frontend-agent/scripts/lib/entry-alignment.mjs"": ""4c149e2a0d5de2a6149ef0b7561641391459b8830c61e78451c7deb9c31c7946""}",[],,[],0,0,logs/validation-after-recovery-0.stdout; runs.jsonl; final-refresh-results.json; distribution-results-corrected.json,采样维护入口调用频次、目录/输入规模后未取得应增加复杂度的独立热点证据；保留现实现。 未取得可绑定此 SHA 的 V8 加载样本；临时模块可能已随夹具清理，不能把缺少可绑定样本解释成线上零调用或性能正常。,V8 观察是维护夹具入口频次，非线上调用频率；未观察到的实现未作逐函数性能通过声明。输入尺度详见 report.md。
4c5c89e66bd71383d8e99a7711370728d0fcf463644977a2af3b14b496dd1ffd,scripts/lib/maintenance-candidate.mjs,True,False,2,2,static-no-confirmed-hotspot,,维护冻结/证据路径；大diff或候选包需RSS规模测量，非日常产品流程优先项,只读源码抽样核对；隔离真实输入计时；若关联候选则采用其验证设计,unknown-unless-candidate-explicitly-establishes-source,library,"{""process_spawn"": true, ""tree_io"": true, ""network"": false, ""mutation"": true, ""sleep"": false, ""loop"": true}",manual-candidate-or-automatic-classification-not-function-level-proof,测量后保留,"[""scripts/lib/maintenance-candidate.mjs""]","{""scripts/lib/maintenance-candidate.mjs"": ""本体脚本权威；通过本体 CLI manifest/sync-template 分发；入口由完整核验 profile 选择""}","[""scripts/capture-maintenance-candidate"", ""scripts/inspect-maintenance-candidate"", ""scripts/verify-maintenance-review-workflow-scenarios"", ""submodules/create-yss-spec/template/scripts/capture-maintenance-candidate"", ""submodules/create-yss-spec/template/scripts/inspect-maintenance-candidate"", ""submodules/create-yss-spec/template/scripts/verify-maintenance-review-workflow-scenarios""]","{""scripts/lib/maintenance-candidate.mjs"": ""4c5c89e66bd71383d8e99a7711370728d0fcf463644977a2af3b14b496dd1ffd""}",[],,"[""submodules/create-yss-spec/template/scripts/lib/maintenance-candidate.mjs""]",1,104,logs/validation-after-recovery-0.stdout; runs.jsonl; final-refresh-results.json; distribution-results-corrected.json,采样维护入口调用频次、目录/输入规模后未取得应增加复杂度的独立热点证据；保留现实现。,V8 观察是维护夹具入口频次，非线上调用频率；未观察到的实现未作逐函数性能通过声明。输入尺度详见 report.md。
4c70e74933aa37ad5c6f02c1989ce1544eea956fed61b18bf7e1fd949dd135ac,scripts/node-generate-lifecycle-artifacts.mjs,True,False,8,9,static-no-confirmed-hotspot,,词法/路径分类，未证明性能正常,按真实调用频率与输入规模采样；有证据再扩大分析,unknown-unless-candidate-explicitly-establishes-source,cli,"{""process_spawn"": false, ""tree_io"": false, ""network"": false, ""mutation"": false, ""sleep"": false, ""loop"": true}",manual-candidate-or-automatic-classification-not-function-level-proof,测量后保留,"[""scripts/node-generate-lifecycle-artifacts.mjs"", ""submodules/yss-harness-backend-agent/scripts/node-generate-lifecycle-artifacts.mjs"", ""submodules/yss-harness-design-agent/scripts/node-generate-lifecycle-artifacts.mjs"", ""submodules/yss-harness-dev-agent/scripts/node-generate-lifecycle-artifacts.mjs"", ""submodules/yss-harness-frontend-agent/scripts/node-generate-lifecycle-artifacts.mjs""]","{""scripts/node-generate-lifecycle-artifacts.mjs"": ""本体脚本权威；通过本体 CLI manifest/sync-template 分发；入口由完整核验 profile 选择"", ""submodules/yss-harness-backend-agent/scripts/node-generate-lifecycle-artifacts.mjs"": ""所属 Harness 持有 profile 变体；仅移植已核对的性能变更 → 所属 CLI sync-template"", ""submodules/yss-harness-design-agent/scripts/node-generate-lifecycle-artifacts.mjs"": ""所属 Harness 持有 profile 变体；仅移植已核对的性能变更 → 所属 CLI sync-template"", ""submodules/yss-harness-dev-agent/scripts/node-generate-lifecycle-artifacts.mjs"": ""所属 Harness 持有 profile 变体；仅移植已核对的性能变更 → 所属 CLI sync-template"", ""submodules/yss-harness-frontend-agent/scripts/node-generate-lifecycle-artifacts.mjs"": ""所属 Harness 持有 profile 变体；仅移植已核对的性能变更 → 所属 CLI sync-template""}","[""scripts/generate-lifecycle-artifacts"", ""scripts/node-verify-lifecycle-registry.mjs"", ""submodules/create-yss-harness-dev/template/scripts/generate-lifecycle-artifacts"", ""submodules/create-yss-harness-dev/template/scripts/node-verify-lifecycle-registry.mjs"", ""submodules/create-yss-spec/template/scripts/generate-lifecycle-artifacts"", ""submodules/create-yss-spec/template/scripts/node-verify-lifecycle-registry.mjs"", ""submodules/create-yss-strategic-design/template/scripts/generate-lifecycle-artifacts"", ""submodules/create-yss-strategic-design/template/scripts/node-verify-lifecycle-registry.mjs"", ""submodules/yss-harness-backend-agent/scripts/generate-lifecycle-artifacts"", ""submodules/yss-harness-backend-agent/scripts/node-verify-lifecycle-registry.mjs"", ""submodules/yss-harness-design-agent/scripts/generate-lifecycle-artifacts"", ""submodules/yss-harness-design-agent/scripts/node-verify-lifecycle-registry.mjs"", ""submodules/yss-harness-dev-agent/scripts/generate-lifecycle-artifacts"", ""submodules/yss-harness-dev-agent/scripts/node-verify-lifecycle-registry.mjs"", ""submodules/yss-harness-frontend-agent/scripts/generate-lifecycle-artifacts"", ""submodules/yss-harness-frontend-agent/scripts/node-verify-lifecycle-registry.mjs""]","{""scripts/node-generate-lifecycle-artifacts.mjs"": ""4c70e74933aa37ad5c6f02c1989ce1544eea956fed61b18bf7e1fd949dd135ac"", ""submodules/yss-harness-backend-agent/scripts/node-generate-lifecycle-artifacts.mjs"": ""4c70e74933aa37ad5c6f02c1989ce1544eea956fed61b18bf7e1fd949dd135ac"", ""submodules/yss-harness-design-agent/scripts/node-generate-lifecycle-artifacts.mjs"": ""4c70e74933aa37ad5c6f02c1989ce1544eea956fed61b18bf7e1fd949dd135ac"", ""submodules/yss-harness-dev-agent/scripts/node-generate-lifecycle-artifacts.mjs"": ""4c70e74933aa37ad5c6f02c1989ce1544eea956fed61b18bf7e1fd949dd135ac"", ""submodules/yss-harness-frontend-agent/scripts/node-generate-lifecycle-artifacts.mjs"": ""4c70e74933aa37ad5c6f02c1989ce1544eea956fed61b18bf7e1fd949dd135ac""}",[],,"[""submodules/create-yss-harness-dev/template/scripts/node-generate-lifecycle-artifacts.mjs"", ""submodules/create-yss-spec/template/scripts/node-generate-lifecycle-artifacts.mjs"", ""submodules/create-yss-strategic-design/template/scripts/node-generate-lifecycle-artifacts.mjs""]",3,3,logs/validation-after-recovery-0.stdout; runs.jsonl; final-refresh-results.json; distribution-results-corrected.json,采样维护入口调用频次、目录/输入规模后未取得应增加复杂度的独立热点证据；保留现实现。,V8 观察是维护夹具入口频次，非线上调用频率；未观察到的实现未作逐函数性能通过声明。输入尺度详见 report.md。
4c75c85e6df14752fdecb1a2a8fd23e566b716b9dedaf88e1c11c584703f41d7,submodules/yss-harness-backend-agent/scripts/lib/skill-governance.mjs,True,False,1,1,static-no-confirmed-hotspot,,词法/路径分类，未证明性能正常,按真实调用频率与输入规模采样；有证据再扩大分析,unknown-unless-candidate-explicitly-establishes-source,library,"{""process_spawn"": false, ""tree_io"": false, ""network"": false, ""mutation"": false, ""sleep"": false, ""loop"": true}",manual-candidate-or-automatic-classification-not-function-level-proof,测量后保留,"[""submodules/yss-harness-backend-agent/scripts/lib/skill-governance.mjs""]","{""submodules/yss-harness-backend-agent/scripts/lib/skill-governance.mjs"": ""所属 Harness 持有 profile 变体；仅移植已核对的性能变更 → 所属 CLI sync-template""}","[""submodules/yss-harness-backend-agent/scripts/verify-skill-governance""]","{""submodules/yss-harness-backend-agent/scripts/lib/skill-governance.mjs"": ""4c75c85e6df14752fdecb1a2a8fd23e566b716b9dedaf88e1c11c584703f41d7""}",[],,[],0,0,logs/validation-after-recovery-0.stdout; runs.jsonl; final-refresh-results.json; distribution-results-corrected.json,采样维护入口调用频次、目录/输入规模后未取得应增加复杂度的独立热点证据；保留现实现。 未取得可绑定此 SHA 的 V8 加载样本；临时模块可能已随夹具清理，不能把缺少可绑定样本解释成线上零调用或性能正常。,V8 观察是维护夹具入口频次，非线上调用频率；未观察到的实现未作逐函数性能通过声明。输入尺度详见 report.md。
4c84d493b7e97be66021046c6a2cd7f3594a22d707d8ea0220a7a3e1394c49fa,.agents/skills/yss-stage-decision/scripts/validate-domain-strategy.mjs,True,False,4,16,candidate-caller,P02,命中候选函数/调用链；可能含字符串/注释，非独立瓶颈证明,沿实际调用链归因，见候选设计；不要据regex删除检查,unknown-unless-candidate-explicitly-establishes-source,cli,"{""process_spawn"": false, ""tree_io"": false, ""network"": false, ""mutation"": false, ""sleep"": false, ""loop"": true}",manual-candidate-or-automatic-classification-not-function-level-proof,测量后保留,"["".agents/skills/yss-stage-decision/scripts/validate-domain-strategy.mjs"", ""submodules/yss-harness-design-agent/.agents/skills/yss-stage-decision/scripts/validate-domain-strategy.mjs""]","{"".agents/skills/yss-stage-decision/scripts/validate-domain-strategy.mjs"": ""所属仓 .agents/skills 权威目录 → update-skill-lock / sync-skills → 所属 CLI sync-template"", ""submodules/yss-harness-design-agent/.agents/skills/yss-stage-decision/scripts/validate-domain-strategy.mjs"": ""所属仓 .agents/skills 权威目录 → update-skill-lock / sync-skills → 所属 CLI sync-template""}",[],"{"".agents/skills/yss-stage-decision/scripts/validate-domain-strategy.mjs"": ""4c84d493b7e97be66021046c6a2cd7f3594a22d707d8ea0220a7a3e1394c49fa"", ""submodules/yss-harness-design-agent/.agents/skills/yss-stage-decision/scripts/validate-domain-strategy.mjs"": ""4c84d493b7e97be66021046c6a2cd7f3594a22d707d8ea0220a7a3e1394c49fa""}",[],P02,"[""submodules/create-yss-spec/template/.agents/skills/yss-stage-decision/scripts/validate-domain-strategy.mjs"", ""submodules/create-yss-strategic-design/template/.agents/skills/yss-stage-decision/scripts/validate-domain-strategy.mjs""]",0,0,logs/validation-after-recovery-0.stdout; runs.jsonl; final-refresh-results.json; distribution-results-corrected.json,采样维护入口调用频次、目录/输入规模后未取得应增加复杂度的独立热点证据；保留现实现。 未取得可绑定此 SHA 的 V8 加载样本；临时模块可能已随夹具清理，不能把缺少可绑定样本解释成线上零调用或性能正常。,V8 观察是维护夹具入口频次，非线上调用频率；未观察到的实现未作逐函数性能通过声明。输入尺度详见 report.md。
4cf8decf1dda01884193aa478fe17a4ae55511bc97319a41e778dbc4c36fcbe6,scripts/lib/lifecycle-context-query.mjs,True,False,2,2,candidate,P03,直接引用源码已人工核对,见关联候选验证设计,unknown-unless-candidate-explicitly-establishes-source,library,"{""process_spawn"": false, ""tree_io"": false, ""network"": false, ""mutation"": false, ""sleep"": false, ""loop"": true}",manual-candidate-or-automatic-classification-not-function-level-proof,测量后保留,"[""scripts/lib/lifecycle-context-query.mjs""]","{""scripts/lib/lifecycle-context-query.mjs"": ""本体脚本权威；通过本体 CLI manifest/sync-template 分发；入口由完整核验 profile 选择""}","[""scripts/query-lifecycle-context"", ""scripts/verify-lifecycle-context-query-scenarios"", ""scripts/verify-plan-spec-entry-scenarios"", ""submodules/create-yss-spec/template/scripts/query-lifecycle-context"", ""submodules/create-yss-spec/template/scripts/verify-lifecycle-context-query-scenarios"", ""submodules/create-yss-spec/template/scripts/verify-plan-spec-entry-scenarios""]","{""scripts/lib/lifecycle-context-query.mjs"": ""4cf8decf1dda01884193aa478fe17a4ae55511bc97319a41e778dbc4c36fcbe6""}",[],P03,"[""submodules/create-yss-spec/template/scripts/lib/lifecycle-context-query.mjs""]",3,6526,logs/validation-after-recovery-0.stdout; runs.jsonl; final-refresh-results.json; distribution-results-corrected.json,采样维护入口调用频次、目录/输入规模后未取得应增加复杂度的独立热点证据；保留现实现。,V8 观察是维护夹具入口频次，非线上调用频率；未观察到的实现未作逐函数性能通过声明。输入尺度详见 report.md。
4d209fdc4933ecf11a6e52fb2c685d082991f6cf89950a88ee8f35da26270d04,submodules/yss-harness-design-agent/scripts/lib/skill-supply-chain.mjs,True,False,2,2,candidate-caller,P04,命中候选函数/调用链；可能含字符串/注释，非独立瓶颈证明,沿实际调用链归因，见候选设计；不要据regex删除检查,unknown-unless-candidate-explicitly-establishes-source,library,"{""process_spawn"": true, ""tree_io"": true, ""network"": false, ""mutation"": true, ""sleep"": false, ""loop"": true}",manual-candidate-or-automatic-classification-not-function-level-proof,优化并验证,"[""submodules/yss-harness-design-agent/scripts/lib/skill-supply-chain.mjs""]","{""submodules/yss-harness-design-agent/scripts/lib/skill-supply-chain.mjs"": ""所属 Harness 持有 profile 变体；仅移植已核对的性能变更 → 所属 CLI sync-template""}","[""submodules/create-yss-strategic-design/template/scripts/lib/skill-registry.mjs"", ""submodules/create-yss-strategic-design/template/scripts/sync-skills"", ""submodules/create-yss-strategic-design/template/scripts/update-skill-lock"", ""submodules/yss-harness-design-agent/scripts/lib/skill-registry.mjs"", ""submodules/yss-harness-design-agent/scripts/sync-skills"", ""submodules/yss-harness-design-agent/scripts/update-skill-lock"", ""submodules/yss-harness-design-agent/scripts/verify-upstream-skill-source""]","{""submodules/yss-harness-design-agent/scripts/lib/skill-supply-chain.mjs"": ""3a47b5cbb7183ca386652a8b1a4d46545294e4fc5273c0edf13784614570ad87""}","[""submodules/yss-harness-design-agent/scripts/lib/skill-supply-chain.mjs""]",P04,"[""submodules/create-yss-strategic-design/template/scripts/lib/skill-supply-chain.mjs""]",0,0,logs/validation-after-recovery-0.stdout; runs.jsonl; final-refresh-results.json; distribution-results-corrected.json,权威实现或其受控 Harness 变体有本轮变更；验证以 Fresh Verification、相关场景和候选对照为依据，副本不冒充独立优化。,V8 观察是维护夹具入口频次，非线上调用频率；未观察到的实现未作逐函数性能通过声明。输入尺度详见 report.md。
4d2e808e69508077576a0e2a4d2b71877640ebec0c73cf31ef66df7ed2eefb09,scripts/sync-skills,True,False,8,9,wrapper-follow-callee,,短包装/重导出入口；主要成本落在callee,计入口启动开销并追踪实际callee，保留兼容入口,unknown-unless-candidate-explicitly-establishes-source,wrapper,"{""process_spawn"": false, ""tree_io"": false, ""network"": false, ""mutation"": false, ""sleep"": false, ""loop"": false}",manual-candidate-or-automatic-classification-not-function-level-proof,测量后保留,"[""scripts/sync-skills"", ""submodules/yss-harness-backend-agent/scripts/sync-skills"", ""submodules/yss-harness-design-agent/scripts/sync-skills"", ""submodules/yss-harness-dev-agent/scripts/sync-skills"", ""submodules/yss-harness-frontend-agent/scripts/sync-skills""]","{""scripts/sync-skills"": ""本体脚本权威；通过本体 CLI manifest/sync-template 分发；入口由完整核验 profile 选择"", ""submodules/yss-harness-backend-agent/scripts/sync-skills"": ""所属 Harness 持有 profile 变体；仅移植已核对的性能变更 → 所属 CLI sync-template"", ""submodules/yss-harness-design-agent/scripts/sync-skills"": ""所属 Harness 持有 profile 变体；仅移植已核对的性能变更 → 所属 CLI sync-template"", ""submodules/yss-harness-dev-agent/scripts/sync-skills"": ""所属 Harness 持有 profile 变体；仅移植已核对的性能变更 → 所属 CLI sync-template"", ""submodules/yss-harness-frontend-agent/scripts/sync-skills"": ""所属 Harness 持有 profile 变体；仅移植已核对的性能变更 → 所属 CLI sync-template""}","["".template-source/scripts/verify-cli-upgrade.mjs"", ""scripts/verify-template-verification-scenarios"", ""submodules/create-yss-harness-dev/template/scripts/verify-template-verification-scenarios"", ""submodules/create-yss-spec/template/scripts/verify-template-verification-scenarios"", ""submodules/create-yss-strategic-design/template/scripts/verify-template-verification-scenarios"", ""submodules/yss-harness-backend-agent/scripts/verify-template-verification-scenarios"", ""submodules/yss-harness-design-agent/scripts/verify-template-verification-scenarios"", ""submodules/yss-harness-dev-agent/scripts/verify-template-verification-scenarios"", ""submodules/yss-harness-frontend-agent/scripts/verify-template-verification-scenarios""]","{""scripts/sync-skills"": ""4d2e808e69508077576a0e2a4d2b71877640ebec0c73cf31ef66df7ed2eefb09"", ""submodules/yss-harness-backend-agent/scripts/sync-skills"": ""4d2e808e69508077576a0e2a4d2b71877640ebec0c73cf31ef66df7ed2eefb09"", ""submodules/yss-harness-design-agent/scripts/sync-skills"": ""4d2e808e69508077576a0e2a4d2b71877640ebec0c73cf31ef66df7ed2eefb09"", ""submodules/yss-harness-dev-agent/scripts/sync-skills"": ""4d2e808e69508077576a0e2a4d2b71877640ebec0c73cf31ef66df7ed2eefb09"", ""submodules/yss-harness-frontend-agent/scripts/sync-skills"": ""4d2e808e69508077576a0e2a4d2b71877640ebec0c73cf31ef66df7ed2eefb09""}",[],,"[""submodules/create-yss-harness-dev/template/scripts/sync-skills"", ""submodules/create-yss-spec/template/scripts/sync-skills"", ""submodules/create-yss-strategic-design/template/scripts/sync-skills""]",1,1,logs/validation-after-recovery-0.stdout; runs.jsonl; final-refresh-results.json; distribution-results-corrected.json,采样维护入口调用频次、目录/输入规模后未取得应增加复杂度的独立热点证据；保留现实现。,V8 观察是维护夹具入口频次，非线上调用频率；未观察到的实现未作逐函数性能通过声明。输入尺度详见 report.md。
4e66c4b87045a09df882e6162d912b5fa574f134b084c1123466e19476dbbf7b,scripts/lib/strategic-handoff-io.mjs,True,False,8,8,candidate,"P01,P09",直接引用源码已人工核对,见关联候选验证设计,unknown-unless-candidate-explicitly-establishes-source,library,"{""process_spawn"": true, ""tree_io"": true, ""network"": false, ""mutation"": true, ""sleep"": false, ""loop"": true}",manual-candidate-or-automatic-classification-not-function-level-proof,优化并验证,"[""scripts/lib/strategic-handoff-io.mjs""]","{""scripts/lib/strategic-handoff-io.mjs"": ""本体共享工具 → sync-strategic-handoff-tools → 四 Harness（backend wire import 适配）→ CLI 快照""}","["".agents/skills/yss-technical-design/scripts/validate-technical-design.mjs"", "".template-source/scripts/verify-strategic-handoff-distribution.mjs"", ""scripts/fixtures/strategic-handoff/fixture.mjs"", ""scripts/instantiate-harness"", ""scripts/lib/backend-delivery.mjs"", ""scripts/lib/frontend-delivery-boundary.mjs"", ""scripts/lib/frontend-delivery.mjs"", ""scripts/lib/harness-execution-scope.mjs"", ""scripts/lib/strategic-handoff-consumption.mjs"", ""scripts/lib/strategic-handoff-design-targets.mjs"", ""scripts/lib/strategic-handoff-rules.mjs"", ""scripts/lib/strategic-handoff.mjs"", ""scripts/lib/technical-design-boundary.mjs"", ""scripts/verify-frontend-delivery-scenarios"", ""scripts/verify-strategic-handoff-consumption"", ""scripts/verify-strategic-handoff-package-scenarios"", ""submodules/create-yss-harness-dev/template/.agents/skills/yss-technical-design/scripts/validate-technical-design.mjs"", ""submodules/create-yss-harness-dev/template/scripts/fixtures/strategic-handoff/fixture.mjs"", ""submodules/create-yss-harness-dev/template/scripts/instantiate-harness"", ""submodules/create-yss-harness-dev/template/scripts/lib/backend-delivery.mjs"", ""submodules/create-yss-harness-dev/template/scripts/lib/frontend-delivery-boundary.mjs"", ""submodules/create-yss-harness-dev/template/scripts/lib/frontend-delivery.mjs"", ""submodules/create-yss-harness-dev/template/scripts/lib/harness-execution-scope.mjs"", ""submodules/create-yss-harness-dev/template/scripts/lib/strategic-handoff-consumption.mjs"", ""submodules/create-yss-harness-dev/template/scripts/lib/strategic-handoff-design-targets.mjs"", ""submodules/create-yss-harness-dev/template/scripts/lib/strategic-handoff-rules.mjs"", ""submodules/create-yss-harness-dev/template/scripts/lib/strategic-handoff.mjs"", ""submodules/create-yss-harness-dev/template/scripts/lib/technical-design-boundary.mjs"", ""submodules/create-yss-harness-dev/template/scripts/verify-frontend-delivery-scenarios"", ""submodules/create-yss-harness-dev/template/scripts/verify-strategic-handoff-consumption"", ""submodules/create-yss-harness-dev/template/scripts/verify-strategic-handoff-package-scenarios"", ""submodules/create-yss-spec/template/.agents/skills/yss-technical-design/scripts/validate-technical-design.mjs"", ""submodules/create-yss-spec/template/scripts/fixtures/strategic-handoff/fixture.mjs"", ""submodules/create-yss-spec/template/scripts/instantiate-harness"", ""submodules/create-yss-spec/template/scripts/lib/backend-delivery.mjs"", ""submodules/create-yss-spec/template/scripts/lib/frontend-delivery-boundary.mjs"", ""submodules/create-yss-spec/template/scripts/lib/frontend-delivery.mjs"", ""submodules/create-yss-spec/template/scripts/lib/harness-execution-scope.mjs"", ""submodules/create-yss-spec/template/scripts/lib/strategic-handoff-consumption.mjs"", ""submodules/create-yss-spec/template/scripts/lib/strategic-handoff-design-targets.mjs"", ""submodules/create-yss-spec/template/scripts/lib/strategic-handoff-rules.mjs"", ""submodules/create-yss-spec/template/scripts/lib/strategic-handoff.mjs"", ""submodules/create-yss-spec/template/scripts/lib/technical-design-boundary.mjs"", ""submodules/create-yss-spec/template/scripts/verify-frontend-delivery-scenarios"", ""submodules/create-yss-spec/template/scripts/verify-strategic-handoff-consumption"", ""submodules/create-yss-spec/template/scripts/verify-strategic-handoff-package-scenarios"", ""submodules/create-yss-strategic-design/template/scripts/fixtures/strategic-handoff/fixture.mjs"", ""submodules/create-yss-strategic-design/template/scripts/instantiate-harness"", ""submodules/create-yss-strategic-design/template/scripts/lib/backend-delivery.mjs"", ""submodules/create-yss-strategic-design/template/scripts/lib/frontend-delivery-boundary.mjs"", ""submodules/create-yss-strategic-design/template/scripts/lib/frontend-delivery.mjs"", ""submodules/create-yss-strategic-design/template/scripts/lib/harness-execution-scope.mjs"", ""submodules/create-yss-strategic-design/template/scripts/lib/strategic-handoff-consumption.mjs"", ""submodules/create-yss-strategic-design/template/scripts/lib/strategic-handoff-design-targets.mjs"", ""submodules/create-yss-strategic-design/template/scripts/lib/strategic-handoff-rules.mjs"", ""submodules/create-yss-strategic-design/template/scripts/lib/strategic-handoff.mjs"", ""submodules/create-yss-strategic-design/template/scripts/verify-strategic-handoff-consumption"", ""submodules/create-yss-strategic-design/template/scripts/verify-strategic-handoff-package-scenarios"", ""submodules/yss-harness-backend-agent/.agents/skills/yss-technical-design/scripts/validate-technical-design.mjs"", ""submodules/yss-harness-backend-agent/scripts/fixtures/strategic-handoff/fixture.mjs"", ""submodules/yss-harness-backend-agent/scripts/instantiate-harness"", ""submodules/yss-harness-backend-agent/scripts/lib/backend-delivery.mjs"", ""submodules/yss-harness-backend-agent/scripts/lib/frontend-delivery-boundary.mjs"", ""submodules/yss-harness-backend-agent/scripts/lib/frontend-delivery.mjs"", ""submodules/yss-harness-backend-agent/scripts/lib/harness-execution-scope.mjs"", ""submodules/yss-harness-backend-agent/scripts/lib/strategic-handoff-consumption.mjs"", ""submodules/yss-harness-backend-agent/scripts/lib/strategic-handoff-design-targets.mjs"", ""submodules/yss-harness-backend-agent/scripts/lib/strategic-handoff-rules.mjs"", ""submodules/yss-harness-backend-agent/scripts/lib/strategic-handoff.mjs"", ""submodules/yss-harness-backend-agent/scripts/lib/technical-design-boundary.mjs"", ""submodules/yss-harness-backend-agent/scripts/verify-frontend-delivery-scenarios"", ""submodules/yss-harness-backend-agent/scripts/verify-strategic-handoff-consumption"", ""submodules/yss-harness-backend-agent/scripts/verify-strategic-handoff-package-scenarios"", ""submodules/yss-harness-design-agent/scripts/fixtures/strategic-handoff/fixture.mjs"", ""submodules/yss-harness-design-agent/scripts/instantiate-harness"", ""submodules/yss-harness-design-agent/scripts/lib/backend-delivery.mjs"", ""submodules/yss-harness-design-agent/scripts/lib/frontend-delivery-boundary.mjs"", ""submodules/yss-harness-design-agent/scripts/lib/frontend-delivery.mjs"", ""submodules/yss-harness-design-agent/scripts/lib/harness-execution-scope.mjs"", ""submodules/yss-harness-design-agent/scripts/lib/strategic-handoff-consumption.mjs"", ""submodules/yss-harness-design-agent/scripts/lib/strategic-handoff-design-targets.mjs"", ""submodules/yss-harness-design-agent/scripts/lib/strategic-handoff-rules.mjs"", ""submodules/yss-harness-design-agent/scripts/lib/strategic-handoff.mjs"", ""submodules/yss-harness-design-agent/scripts/verify-strategic-handoff-consumption"", ""submodules/yss-harness-design-agent/scripts/verify-strategic-handoff-package-scenarios"", ""submodules/yss-harness-dev-agent/.agents/skills/yss-technical-design/scripts/validate-technical-design.mjs"", ""submodules/yss-harness-dev-agent/scripts/fixtures/strategic-handoff/fixture.mjs"", ""submodules/yss-harness-dev-agent/scripts/instantiate-harness"", ""submodules/yss-harness-dev-agent/scripts/lib/backend-delivery.mjs"", ""submodules/yss-harness-dev-agent/scripts/lib/frontend-delivery-boundary.mjs"", ""submodules/yss-harness-dev-agent/scripts/lib/frontend-delivery.mjs"", ""submodules/yss-harness-dev-agent/scripts/lib/harness-execution-scope.mjs"", ""submodules/yss-harness-dev-agent/scripts/lib/strategic-handoff-consumption.mjs"", ""submodules/yss-harness-dev-agent/scripts/lib/strategic-handoff-design-targets.mjs"", ""submodules/yss-harness-dev-agent/scripts/lib/strategic-handoff-rules.mjs"", ""submodules/yss-harness-dev-agent/scripts/lib/strategic-handoff.mjs"", ""submodules/yss-harness-dev-agent/scripts/lib/technical-design-boundary.mjs"", ""submodules/yss-harness-dev-agent/scripts/verify-frontend-delivery-scenarios"", ""submodules/yss-harness-dev-agent/scripts/verify-strategic-handoff-consumption"", ""submodules/yss-harness-dev-agent/scripts/verify-strategic-handoff-package-scenarios"", ""submodules/yss-harness-frontend-agent/scripts/fixtures/strategic-handoff/fixture.mjs"", ""submodules/yss-harness-frontend-agent/scripts/instantiate-harness"", ""submodules/yss-harness-frontend-agent/scripts/lib/backend-delivery.mjs"", ""submodules/yss-harness-frontend-agent/scripts/lib/frontend-delivery-boundary.mjs"", ""submodules/yss-harness-frontend-agent/scripts/lib/frontend-delivery.mjs"", ""submodules/yss-harness-frontend-agent/scripts/lib/harness-execution-scope.mjs"", ""submodules/yss-harness-frontend-agent/scripts/lib/strategic-handoff-consumption.mjs"", ""submodules/yss-harness-frontend-agent/scripts/lib/strategic-handoff-design-targets.mjs"", ""submodules/yss-harness-frontend-agent/scripts/lib/strategic-handoff-rules.mjs"", ""submodules/yss-harness-frontend-agent/scripts/lib/strategic-handoff.mjs"", ""submodules/yss-harness-frontend-agent/scripts/verify-frontend-delivery-scenarios"", ""submodules/yss-harness-frontend-agent/scripts/verify-strategic-handoff-consumption"", ""submodules/yss-harness-frontend-agent/scripts/verify-strategic-handoff-package-scenarios""]","{""scripts/lib/strategic-handoff-io.mjs"": ""9eb884abf27641c7eb7a101308d55c54f6e30d0fbe54b0d28938c7225e00c0a2""}","[""scripts/lib/strategic-handoff-io.mjs""]",P01;P09,"[""submodules/create-yss-harness-dev/template/scripts/lib/strategic-handoff-io.mjs"", ""submodules/create-yss-spec/template/scripts/lib/strategic-handoff-io.mjs"", ""submodules/create-yss-strategic-design/template/scripts/lib/strategic-handoff-io.mjs"", ""submodules/yss-harness-backend-agent/scripts/lib/strategic-handoff-io.mjs"", ""submodules/yss-harness-design-agent/scripts/lib/strategic-handoff-io.mjs"", ""submodules/yss-harness-dev-agent/scripts/lib/strategic-handoff-io.mjs"", ""submodules/yss-harness-frontend-agent/scripts/lib/strategic-handoff-io.mjs""]",50,676334,logs/validation-after-recovery-0.stdout; runs.jsonl; final-refresh-results.json; distribution-results-corrected.json,权威实现或其受控 Harness 变体有本轮变更；验证以 Fresh Verification、相关场景和候选对照为依据，副本不冒充独立优化。,V8 观察是维护夹具入口频次，非线上调用频率；未观察到的实现未作逐函数性能通过声明。输入尺度详见 report.md。
4ebc354fe9086df45e1bffcbbdab11ec341c5b03d2d8effce2c84c99e9e9a514,scripts/verify-frontend-delivery-scenarios,True,False,6,6,candidate,P05,直接引用源码已人工核对,见关联候选验证设计,unknown-unless-candidate-explicitly-establishes-source,cli,"{""process_spawn"": true, ""tree_io"": true, ""network"": true, ""mutation"": true, ""sleep"": false, ""loop"": true}",manual-candidate-or-automatic-classification-not-function-level-proof,测量后保留,"[""scripts/verify-frontend-delivery-scenarios""]","{""scripts/verify-frontend-delivery-scenarios"": ""本体脚本权威；通过本体 CLI manifest/sync-template 分发；入口由完整核验 profile 选择""}","["".template-source/scripts/verify-delivery-harness-distribution.mjs"", ""scripts/sync-strategic-handoff-tools"", ""submodules/create-yss-spec/template/scripts/sync-strategic-handoff-tools""]","{""scripts/verify-frontend-delivery-scenarios"": ""4ebc354fe9086df45e1bffcbbdab11ec341c5b03d2d8effce2c84c99e9e9a514""}",[],P05,"[""submodules/create-yss-harness-dev/template/scripts/verify-frontend-delivery-scenarios"", ""submodules/create-yss-spec/template/scripts/verify-frontend-delivery-scenarios"", ""submodules/yss-harness-backend-agent/scripts/verify-frontend-delivery-scenarios"", ""submodules/yss-harness-dev-agent/scripts/verify-frontend-delivery-scenarios"", ""submodules/yss-harness-frontend-agent/scripts/verify-frontend-delivery-scenarios""]",2,270,logs/validation-after-recovery-0.stdout; runs.jsonl; final-refresh-results.json; distribution-results-corrected.json,采样维护入口调用频次、目录/输入规模后未取得应增加复杂度的独立热点证据；保留现实现。,V8 观察是维护夹具入口频次，非线上调用频率；未观察到的实现未作逐函数性能通过声明。输入尺度详见 report.md。
50176ffb0d1a4f5c936b0f7c621b25351fabbc97fa91d9cadc8d03c5d0fb3fcf,.agents/skills/yss-frontend-scaffold-generator/scripts/scaffold-generator.test.mjs,True,False,2,9,candidate,P10,直接引用源码已人工核对,见关联候选验证设计,unknown-unless-candidate-explicitly-establishes-source,test,"{""process_spawn"": true, ""tree_io"": true, ""network"": false, ""mutation"": true, ""sleep"": false, ""loop"": true}",manual-candidate-or-automatic-classification-not-function-level-proof,优化并验证,"["".agents/skills/yss-frontend-scaffold-generator/scripts/scaffold-generator.test.mjs""]","{"".agents/skills/yss-frontend-scaffold-generator/scripts/scaffold-generator.test.mjs"": ""所属仓 .agents/skills 权威目录 → update-skill-lock / sync-skills → 所属 CLI sync-template""}","[""scripts/verify-frontend-scaffold-generator-scenarios"", ""submodules/create-yss-spec/template/scripts/verify-frontend-scaffold-generator-scenarios""]","{"".agents/skills/yss-frontend-scaffold-generator/scripts/scaffold-generator.test.mjs"": ""fd5aa3b4ec05c15fa35ef4a42ac36170e027dfc2a383da0e45a8c2e376ba386a""}","["".agents/skills/yss-frontend-scaffold-generator/scripts/scaffold-generator.test.mjs""]",P10,"[""submodules/create-yss-spec/template/.agents/skills/yss-frontend-scaffold-generator/scripts/scaffold-generator.test.mjs""]",2,4,logs/validation-after-recovery-0.stdout; runs.jsonl; final-refresh-results.json; distribution-results-corrected.json,权威实现或其受控 Harness 变体有本轮变更；验证以 Fresh Verification、相关场景和候选对照为依据，副本不冒充独立优化。,V8 观察是维护夹具入口频次，非线上调用频率；未观察到的实现未作逐函数性能通过声明。输入尺度详见 report.md。
50186fa4c660dd9c2a6793ee05d88f91bc600190ff7d856b384698cff1b27a1d,scripts/verify-plan-spec-entry-scenarios,True,False,4,4,fixture-test-only,,断言/回归入口；是否启动真实环境需沿callee区分,隔离执行对应测试，区分mock/真实构建/外部资源,unknown-unless-candidate-explicitly-establishes-source,cli,"{""process_spawn"": false, ""tree_io"": true, ""network"": false, ""mutation"": true, ""sleep"": false, ""loop"": true}",manual-candidate-or-automatic-classification-not-function-level-proof,测量后保留,"[""scripts/verify-plan-spec-entry-scenarios"", ""submodules/yss-harness-design-agent/scripts/verify-plan-spec-entry-scenarios""]","{""scripts/verify-plan-spec-entry-scenarios"": ""本体脚本权威；通过本体 CLI manifest/sync-template 分发；入口由完整核验 profile 选择"", ""submodules/yss-harness-design-agent/scripts/verify-plan-spec-entry-scenarios"": ""所属 Harness 持有 profile 变体；仅移植已核对的性能变更 → 所属 CLI sync-template""}",[],"{""scripts/verify-plan-spec-entry-scenarios"": ""50186fa4c660dd9c2a6793ee05d88f91bc600190ff7d856b384698cff1b27a1d"", ""submodules/yss-harness-design-agent/scripts/verify-plan-spec-entry-scenarios"": ""50186fa4c660dd9c2a6793ee05d88f91bc600190ff7d856b384698cff1b27a1d""}",[],,"[""submodules/create-yss-spec/template/scripts/verify-plan-spec-entry-scenarios"", ""submodules/create-yss-strategic-design/template/scripts/verify-plan-spec-entry-scenarios""]",1,72,logs/validation-after-recovery-0.stdout; runs.jsonl; final-refresh-results.json; distribution-results-corrected.json,采样维护入口调用频次、目录/输入规模后未取得应增加复杂度的独立热点证据；保留现实现。,V8 观察是维护夹具入口频次，非线上调用频率；未观察到的实现未作逐函数性能通过声明。输入尺度详见 report.md。
50a5f9887c9e0399763880b8950935cdaba44fd4a80014228307fccdd1eb376d,submodules/yss-harness-dev-agent/.agents/skills/yss-ddd-scaffold-generator/scripts/run_scaffold_verification.mjs,True,False,3,10,candidate-caller,P10,命中候选函数/调用链；可能含字符串/注释，非独立瓶颈证明,沿实际调用链归因，见候选设计；不要据regex删除检查,unknown-unless-candidate-explicitly-establishes-source,cli,"{""process_spawn"": true, ""tree_io"": true, ""network"": false, ""mutation"": true, ""sleep"": false, ""loop"": true}",manual-candidate-or-automatic-classification-not-function-level-proof,优化并验证,"[""submodules/yss-harness-backend-agent/.agents/skills/yss-ddd-scaffold-generator/scripts/run_scaffold_verification.mjs"", ""submodules/yss-harness-dev-agent/.agents/skills/yss-ddd-scaffold-generator/scripts/run_scaffold_verification.mjs""]","{""submodules/yss-harness-backend-agent/.agents/skills/yss-ddd-scaffold-generator/scripts/run_scaffold_verification.mjs"": ""所属仓 .agents/skills 权威目录 → update-skill-lock / sync-skills → 所属 CLI sync-template"", ""submodules/yss-harness-dev-agent/.agents/skills/yss-ddd-scaffold-generator/scripts/run_scaffold_verification.mjs"": ""所属仓 .agents/skills 权威目录 → update-skill-lock / sync-skills → 所属 CLI sync-template""}","[""submodules/create-yss-harness-dev/template/.agents/skills/yss-ddd-scaffold-generator/scripts/generate_and_verify_scaffold.mjs"", ""submodules/create-yss-harness-dev/template/.agents/skills/yss-ddd-scaffold-generator/scripts/run_first_slice_verification.mjs"", ""submodules/create-yss-harness-dev/template/.agents/skills/yss-ddd-scaffold-generator/scripts/scaffold-generator.test.mjs"", ""submodules/create-yss-harness-dev/template/.agents/skills/yss-layered-mvc-scaffold-generator/scripts/run_scaffold_verification.mjs"", ""submodules/create-yss-harness-dev/template/.agents/skills/yss-mvc-data-analysis-project-initializer/scripts/run_scaffold_verification.mjs"", ""submodules/yss-harness-backend-agent/.agents/skills/yss-ddd-scaffold-generator/scripts/generate_and_verify_scaffold.mjs"", ""submodules/yss-harness-backend-agent/.agents/skills/yss-ddd-scaffold-generator/scripts/run_first_slice_verification.mjs"", ""submodules/yss-harness-backend-agent/.agents/skills/yss-ddd-scaffold-generator/scripts/scaffold-generator.test.mjs"", ""submodules/yss-harness-backend-agent/.agents/skills/yss-layered-mvc-scaffold-generator/scripts/run_scaffold_verification.mjs"", ""submodules/yss-harness-backend-agent/.agents/skills/yss-mvc-data-analysis-project-initializer/scripts/run_scaffold_verification.mjs"", ""submodules/yss-harness-dev-agent/.agents/skills/yss-ddd-scaffold-generator/scripts/generate_and_verify_scaffold.mjs"", ""submodules/yss-harness-dev-agent/.agents/skills/yss-ddd-scaffold-generator/scripts/run_first_slice_verification.mjs"", ""submodules/yss-harness-dev-agent/.agents/skills/yss-ddd-scaffold-generator/scripts/scaffold-generator.test.mjs"", ""submodules/yss-harness-dev-agent/.agents/skills/yss-layered-mvc-scaffold-generator/scripts/run_scaffold_verification.mjs"", ""submodules/yss-harness-dev-agent/.agents/skills/yss-mvc-data-analysis-project-initializer/scripts/run_scaffold_verification.mjs""]","{""submodules/yss-harness-backend-agent/.agents/skills/yss-ddd-scaffold-generator/scripts/run_scaffold_verification.mjs"": ""c4efaaf5b6a9af829c4f8638e62821e93084947ebc674e8c762d148594385f13"", ""submodules/yss-harness-dev-agent/.agents/skills/yss-ddd-scaffold-generator/scripts/run_scaffold_verification.mjs"": ""c4efaaf5b6a9af829c4f8638e62821e93084947ebc674e8c762d148594385f13""}","[""submodules/yss-harness-backend-agent/.agents/skills/yss-ddd-scaffold-generator/scripts/run_scaffold_verification.mjs"", ""submodules/yss-harness-dev-agent/.agents/skills/yss-ddd-scaffold-generator/scripts/run_scaffold_verification.mjs""]",P10,"[""submodules/create-yss-harness-dev/template/.agents/skills/yss-ddd-scaffold-generator/scripts/run_scaffold_verification.mjs""]",0,0,logs/validation-after-recovery-0.stdout; runs.jsonl; final-refresh-results.json; distribution-results-corrected.json,权威实现或其受控 Harness 变体有本轮变更；验证以 Fresh Verification、相关场景和候选对照为依据，副本不冒充独立优化。,V8 观察是维护夹具入口频次，非线上调用频率；未观察到的实现未作逐函数性能通过声明。输入尺度详见 report.md。
5145de8c43d10527a86fe30efc65530828f452a5276f38feaea1fabce5c44f70,submodules/yss-harness-design-agent/scripts/lib/lifecycle-context-query.mjs,True,False,2,2,candidate-caller,P03,命中候选函数/调用链；可能含字符串/注释，非独立瓶颈证明,沿实际调用链归因，见候选设计；不要据regex删除检查,unknown-unless-candidate-explicitly-establishes-source,library,"{""process_spawn"": false, ""tree_io"": false, ""network"": false, ""mutation"": false, ""sleep"": false, ""loop"": true}",manual-candidate-or-automatic-classification-not-function-level-proof,测量后保留,"[""submodules/yss-harness-design-agent/scripts/lib/lifecycle-context-query.mjs""]","{""submodules/yss-harness-design-agent/scripts/lib/lifecycle-context-query.mjs"": ""所属 Harness 持有 profile 变体；仅移植已核对的性能变更 → 所属 CLI sync-template""}","[""submodules/create-yss-strategic-design/template/scripts/query-lifecycle-context"", ""submodules/create-yss-strategic-design/template/scripts/verify-plan-spec-entry-scenarios"", ""submodules/yss-harness-design-agent/scripts/query-lifecycle-context"", ""submodules/yss-harness-design-agent/scripts/verify-plan-spec-entry-scenarios""]","{""submodules/yss-harness-design-agent/scripts/lib/lifecycle-context-query.mjs"": ""5145de8c43d10527a86fe30efc65530828f452a5276f38feaea1fabce5c44f70""}",[],P03,"[""submodules/create-yss-strategic-design/template/scripts/lib/lifecycle-context-query.mjs""]",0,0,logs/validation-after-recovery-0.stdout; runs.jsonl; final-refresh-results.json; distribution-results-corrected.json,采样维护入口调用频次、目录/输入规模后未取得应增加复杂度的独立热点证据；保留现实现。 未取得可绑定此 SHA 的 V8 加载样本；临时模块可能已随夹具清理，不能把缺少可绑定样本解释成线上零调用或性能正常。,V8 观察是维护夹具入口频次，非线上调用频率；未观察到的实现未作逐函数性能通过声明。输入尺度详见 report.md。
519d2372284c76b436dbd61627896d6eca8c2b960c61eb2a94c8a1b684b3100a,.agents/skills/yss-prototype-stage/tests/run-scenarios.mjs,False,True,2,2,fixture-test-only,,断言/回归入口；是否启动真实环境需沿callee区分,隔离执行对应测试，区分mock/真实构建/外部资源,unknown-unless-candidate-explicitly-establishes-source,test,"{""process_spawn"": false, ""tree_io"": true, ""network"": false, ""mutation"": true, ""sleep"": false, ""loop"": true}",manual-candidate-or-automatic-classification-not-function-level-proof,测量后保留,"["".agents/skills/yss-prototype-stage/tests/run-scenarios.mjs""]","{"".agents/skills/yss-prototype-stage/tests/run-scenarios.mjs"": ""所属仓 .agents/skills 权威目录 → update-skill-lock / sync-skills → 所属 CLI sync-template""}","[""scripts/verify-yss-prototype-contract-scenarios"", ""submodules/create-yss-spec/template/scripts/verify-yss-prototype-contract-scenarios""]","{"".agents/skills/yss-prototype-stage/tests/run-scenarios.mjs"": ""519d2372284c76b436dbd61627896d6eca8c2b960c61eb2a94c8a1b684b3100a""}",[],,"[""submodules/create-yss-spec/template/.agents/skills/yss-prototype-stage/tests/run-scenarios.mjs""]",1,21,logs/validation-after-recovery-0.stdout; runs.jsonl; final-refresh-results.json; distribution-results-corrected.json,采样维护入口调用频次、目录/输入规模后未取得应增加复杂度的独立热点证据；保留现实现。,V8 观察是维护夹具入口频次，非线上调用频率；未观察到的实现未作逐函数性能通过声明。输入尺度详见 report.md。
52b19a4506f20139a3187b25285d56189a7cec9f6ace0be51fdec6df8ce724e5,scripts/strategic-handoff,True,False,8,8,wrapper-follow-callee,,短包装/重导出入口；主要成本落在callee,计入口启动开销并追踪实际callee，保留兼容入口,unknown-unless-candidate-explicitly-establishes-source,wrapper,"{""process_spawn"": false, ""tree_io"": false, ""network"": false, ""mutation"": false, ""sleep"": false, ""loop"": false}",manual-candidate-or-automatic-classification-not-function-level-proof,测量后保留,"[""scripts/strategic-handoff""]","{""scripts/strategic-handoff"": ""本体脚本权威；通过本体 CLI manifest/sync-template 分发；入口由完整核验 profile 选择""}","["".template-source/scripts/verify-strategic-handoff-distribution.mjs"", ""scripts/sync-strategic-handoff-tools"", ""submodules/create-yss-spec/template/scripts/sync-strategic-handoff-tools""]","{""scripts/strategic-handoff"": ""52b19a4506f20139a3187b25285d56189a7cec9f6ace0be51fdec6df8ce724e5""}",[],,"[""submodules/create-yss-harness-dev/template/scripts/strategic-handoff"", ""submodules/create-yss-spec/template/scripts/strategic-handoff"", ""submodules/create-yss-strategic-design/template/scripts/strategic-handoff"", ""submodules/yss-harness-backend-agent/scripts/strategic-handoff"", ""submodules/yss-harness-design-agent/scripts/strategic-handoff"", ""submodules/yss-harness-dev-agent/scripts/strategic-handoff"", ""submodules/yss-harness-frontend-agent/scripts/strategic-handoff""]",2,3,logs/validation-after-recovery-0.stdout; runs.jsonl; final-refresh-results.json; distribution-results-corrected.json,采样维护入口调用频次、目录/输入规模后未取得应增加复杂度的独立热点证据；保留现实现。,V8 观察是维护夹具入口频次，非线上调用频率；未观察到的实现未作逐函数性能通过声明。输入尺度详见 report.md。
534c8005977d8e4a4cf93452748299ae41e3f9f47edf444cb365b5f398374604,scripts/lib/lifecycle-transition.mjs,True,False,2,2,static-no-confirmed-hotspot,,词法/路径分类，未证明性能正常,按真实调用频率与输入规模采样；有证据再扩大分析,unknown-unless-candidate-explicitly-establishes-source,library,"{""process_spawn"": false, ""tree_io"": false, ""network"": false, ""mutation"": false, ""sleep"": false, ""loop"": true}",manual-candidate-or-automatic-classification-not-function-level-proof,测量后保留,"[""scripts/lib/lifecycle-transition.mjs""]","{""scripts/lib/lifecycle-transition.mjs"": ""本体脚本权威；通过本体 CLI manifest/sync-template 分发；入口由完整核验 profile 选择""}","[""scripts/lib/scenario-checks.mjs"", ""scripts/lib/task-package.mjs"", ""scripts/verify-frontend-delivery-scenarios"", ""scripts/verify-lifecycle-transition-scenarios"", ""scripts/verify-plan-spec-entry-scenarios"", ""scripts/verify-user-decision-scenarios"", ""submodules/create-yss-spec/template/scripts/lib/scenario-checks.mjs"", ""submodules/create-yss-spec/template/scripts/lib/task-package.mjs"", ""submodules/create-yss-spec/template/scripts/verify-frontend-delivery-scenarios"", ""submodules/create-yss-spec/template/scripts/verify-lifecycle-transition-scenarios"", ""submodules/create-yss-spec/template/scripts/verify-plan-spec-entry-scenarios"", ""submodules/create-yss-spec/template/scripts/verify-user-decision-scenarios""]","{""scripts/lib/lifecycle-transition.mjs"": ""534c8005977d8e4a4cf93452748299ae41e3f9f47edf444cb365b5f398374604""}",[],,"[""submodules/create-yss-spec/template/scripts/lib/lifecycle-transition.mjs""]",20,2850,logs/validation-after-recovery-0.stdout; runs.jsonl; final-refresh-results.json; distribution-results-corrected.json,采样维护入口调用频次、目录/输入规模后未取得应增加复杂度的独立热点证据；保留现实现。,V8 观察是维护夹具入口频次，非线上调用频率；未观察到的实现未作逐函数性能通过声明。输入尺度详见 report.md。
53a9c08059180a1175f7386b016e6ca1b53aa6933eecd6559a6d45166336343a,.agents/skills/llm-wiki/scripts/inventory.test.mjs,True,False,8,34,fixture-test-only,,断言/回归入口；是否启动真实环境需沿callee区分,隔离执行对应测试，区分mock/真实构建/外部资源,unknown-unless-candidate-explicitly-establishes-source,test,"{""process_spawn"": true, ""tree_io"": true, ""network"": false, ""mutation"": true, ""sleep"": false, ""loop"": false}",manual-candidate-or-automatic-classification-not-function-level-proof,测量后保留,"["".agents/skills/llm-wiki/scripts/inventory.test.mjs"", ""submodules/yss-harness-backend-agent/.agents/skills/llm-wiki/scripts/inventory.test.mjs"", ""submodules/yss-harness-design-agent/.agents/skills/llm-wiki/scripts/inventory.test.mjs"", ""submodules/yss-harness-dev-agent/.agents/skills/llm-wiki/scripts/inventory.test.mjs"", ""submodules/yss-harness-frontend-agent/.agents/skills/llm-wiki/scripts/inventory.test.mjs""]","{"".agents/skills/llm-wiki/scripts/inventory.test.mjs"": ""所属仓 .agents/skills 权威目录 → update-skill-lock / sync-skills → 所属 CLI sync-template"", ""submodules/yss-harness-backend-agent/.agents/skills/llm-wiki/scripts/inventory.test.mjs"": ""所属仓 .agents/skills 权威目录 → update-skill-lock / sync-skills → 所属 CLI sync-template"", ""submodules/yss-harness-design-agent/.agents/skills/llm-wiki/scripts/inventory.test.mjs"": ""所属仓 .agents/skills 权威目录 → update-skill-lock / sync-skills → 所属 CLI sync-template"", ""submodules/yss-harness-dev-agent/.agents/skills/llm-wiki/scripts/inventory.test.mjs"": ""所属仓 .agents/skills 权威目录 → update-skill-lock / sync-skills → 所属 CLI sync-template"", ""submodules/yss-harness-frontend-agent/.agents/skills/llm-wiki/scripts/inventory.test.mjs"": ""所属仓 .agents/skills 权威目录 → update-skill-lock / sync-skills → 所属 CLI sync-template""}",[],"{"".agents/skills/llm-wiki/scripts/inventory.test.mjs"": ""53a9c08059180a1175f7386b016e6ca1b53aa6933eecd6559a6d45166336343a"", ""submodules/yss-harness-backend-agent/.agents/skills/llm-wiki/scripts/inventory.test.mjs"": ""53a9c08059180a1175f7386b016e6ca1b53aa6933eecd6559a6d45166336343a"", ""submodules/yss-harness-design-agent/.agents/skills/llm-wiki/scripts/inventory.test.mjs"": ""53a9c08059180a1175f7386b016e6ca1b53aa6933eecd6559a6d45166336343a"", ""submodules/yss-harness-dev-agent/.agents/skills/llm-wiki/scripts/inventory.test.mjs"": ""53a9c08059180a1175f7386b016e6ca1b53aa6933eecd6559a6d45166336343a"", ""submodules/yss-harness-frontend-agent/.agents/skills/llm-wiki/scripts/inventory.test.mjs"": ""53a9c08059180a1175f7386b016e6ca1b53aa6933eecd6559a6d45166336343a""}",[],,"[""submodules/create-yss-harness-dev/template/.agents/skills/llm-wiki/scripts/inventory.test.mjs"", ""submodules/create-yss-spec/template/.agents/skills/llm-wiki/scripts/inventory.test.mjs"", ""submodules/create-yss-strategic-design/template/.agents/skills/llm-wiki/scripts/inventory.test.mjs""]",0,0,logs/validation-after-recovery-0.stdout; runs.jsonl; final-refresh-results.json; distribution-results-corrected.json,采样维护入口调用频次、目录/输入规模后未取得应增加复杂度的独立热点证据；保留现实现。 未取得可绑定此 SHA 的 V8 加载样本；临时模块可能已随夹具清理，不能把缺少可绑定样本解释成线上零调用或性能正常。,V8 观察是维护夹具入口频次，非线上调用频率；未观察到的实现未作逐函数性能通过声明。输入尺度详见 report.md。
53e069682e7d201ad1c1eaf6b5d6ec5e724f99c7085419795a78f6b3af5c47fc,submodules/yss-harness-dev-agent/scripts/verify-harness-profile-scenarios,True,False,2,2,fixture-test-only,,断言/回归入口；是否启动真实环境需沿callee区分,隔离执行对应测试，区分mock/真实构建/外部资源,unknown-unless-candidate-explicitly-establishes-source,cli,"{""process_spawn"": false, ""tree_io"": false, ""network"": false, ""mutation"": false, ""sleep"": false, ""loop"": true}",manual-candidate-or-automatic-classification-not-function-level-proof,测量后保留,"[""submodules/yss-harness-dev-agent/scripts/verify-harness-profile-scenarios""]","{""submodules/yss-harness-dev-agent/scripts/verify-harness-profile-scenarios"": ""所属 Harness 持有 profile 变体；仅移植已核对的性能变更 → 所属 CLI sync-template""}","[""submodules/create-yss-harness-dev/template/scripts/verify-template-verification-scenarios"", ""submodules/yss-harness-dev-agent/scripts/verify-template-verification-scenarios""]","{""submodules/yss-harness-dev-agent/scripts/verify-harness-profile-scenarios"": ""53e069682e7d201ad1c1eaf6b5d6ec5e724f99c7085419795a78f6b3af5c47fc""}",[],,"[""submodules/create-yss-harness-dev/template/scripts/verify-harness-profile-scenarios""]",0,0,logs/validation-after-recovery-0.stdout; runs.jsonl; final-refresh-results.json; distribution-results-corrected.json,采样维护入口调用频次、目录/输入规模后未取得应增加复杂度的独立热点证据；保留现实现。 未取得可绑定此 SHA 的 V8 加载样本；临时模块可能已随夹具清理，不能把缺少可绑定样本解释成线上零调用或性能正常。,V8 观察是维护夹具入口频次，非线上调用频率；未观察到的实现未作逐函数性能通过声明。输入尺度详见 report.md。
5486e48ce89a9b67baa5a8f9dffbf57290a8a815b6f5e3393dd2e137151c86d6,submodules/yss-harness-dev-agent/scripts/verify-harness-profile,True,False,4,5,wrapper-follow-callee,,短包装/重导出入口；主要成本落在callee,计入口启动开销并追踪实际callee，保留兼容入口,unknown-unless-candidate-explicitly-establishes-source,wrapper,"{""process_spawn"": false, ""tree_io"": false, ""network"": false, ""mutation"": false, ""sleep"": false, ""loop"": false}",manual-candidate-or-automatic-classification-not-function-level-proof,测量后保留,"[""submodules/yss-harness-backend-agent/scripts/verify-harness-profile"", ""submodules/yss-harness-dev-agent/scripts/verify-harness-profile"", ""submodules/yss-harness-frontend-agent/scripts/verify-harness-profile""]","{""submodules/yss-harness-backend-agent/scripts/verify-harness-profile"": ""所属 Harness 持有 profile 变体；仅移植已核对的性能变更 → 所属 CLI sync-template"", ""submodules/yss-harness-dev-agent/scripts/verify-harness-profile"": ""所属 Harness 持有 profile 变体；仅移植已核对的性能变更 → 所属 CLI sync-template"", ""submodules/yss-harness-frontend-agent/scripts/verify-harness-profile"": ""所属 Harness 持有 profile 变体；仅移植已核对的性能变更 → 所属 CLI sync-template""}","[""submodules/create-yss-harness-dev/template/scripts/verify-template-verification-scenarios"", ""submodules/yss-harness-backend-agent/scripts/verify-template-verification-scenarios"", ""submodules/yss-harness-dev-agent/scripts/verify-template-verification-scenarios"", ""submodules/yss-harness-frontend-agent/scripts/verify-template-verification-scenarios""]","{""submodules/yss-harness-backend-agent/scripts/verify-harness-profile"": ""5486e48ce89a9b67baa5a8f9dffbf57290a8a815b6f5e3393dd2e137151c86d6"", ""submodules/yss-harness-dev-agent/scripts/verify-harness-profile"": ""5486e48ce89a9b67baa5a8f9dffbf57290a8a815b6f5e3393dd2e137151c86d6"", ""submodules/yss-harness-frontend-agent/scripts/verify-harness-profile"": ""5486e48ce89a9b67baa5a8f9dffbf57290a8a815b6f5e3393dd2e137151c86d6""}",[],,"[""submodules/create-yss-harness-dev/template/scripts/verify-harness-profile""]",0,0,logs/validation-after-recovery-0.stdout; runs.jsonl; final-refresh-results.json; distribution-results-corrected.json,采样维护入口调用频次、目录/输入规模后未取得应增加复杂度的独立热点证据；保留现实现。 未取得可绑定此 SHA 的 V8 加载样本；临时模块可能已随夹具清理，不能把缺少可绑定样本解释成线上零调用或性能正常。,V8 观察是维护夹具入口频次，非线上调用频率；未观察到的实现未作逐函数性能通过声明。输入尺度详见 report.md。
5610b737b8be2b328ce78dc7af434a4e63c06c5c3df80109a6e5072d64fd1cb0,scripts/lib/implementation-contract-compiler.mjs,True,False,5,5,static-no-confirmed-hotspot,,词法/路径分类，未证明性能正常,按真实调用频率与输入规模采样；有证据再扩大分析,unknown-unless-candidate-explicitly-establishes-source,library,"{""process_spawn"": false, ""tree_io"": false, ""network"": false, ""mutation"": false, ""sleep"": false, ""loop"": true}",manual-candidate-or-automatic-classification-not-function-level-proof,测量后保留,"[""scripts/lib/implementation-contract-compiler.mjs"", ""submodules/yss-harness-backend-agent/scripts/lib/implementation-contract-compiler.mjs"", ""submodules/yss-harness-dev-agent/scripts/lib/implementation-contract-compiler.mjs""]","{""scripts/lib/implementation-contract-compiler.mjs"": ""本体脚本权威；通过本体 CLI manifest/sync-template 分发；入口由完整核验 profile 选择"", ""submodules/yss-harness-backend-agent/scripts/lib/implementation-contract-compiler.mjs"": ""所属 Harness 持有 profile 变体；仅移植已核对的性能变更 → 所属 CLI sync-template"", ""submodules/yss-harness-dev-agent/scripts/lib/implementation-contract-compiler.mjs"": ""所属 Harness 持有 profile 变体；仅移植已核对的性能变更 → 所属 CLI sync-template""}","[""scripts/generate-yss-skill-boundaries"", ""scripts/verify-frontend-delivery-scenarios"", ""scripts/verify-retired-skill-ids"", ""submodules/create-yss-harness-dev/template/scripts/generate-yss-skill-boundaries"", ""submodules/create-yss-harness-dev/template/scripts/verify-frontend-delivery-scenarios"", ""submodules/create-yss-harness-dev/template/scripts/verify-retired-skill-ids"", ""submodules/create-yss-spec/template/scripts/generate-yss-skill-boundaries"", ""submodules/create-yss-spec/template/scripts/verify-frontend-delivery-scenarios"", ""submodules/create-yss-spec/template/scripts/verify-retired-skill-ids"", ""submodules/yss-harness-backend-agent/scripts/generate-yss-skill-boundaries"", ""submodules/yss-harness-backend-agent/scripts/verify-frontend-delivery-scenarios"", ""submodules/yss-harness-backend-agent/scripts/verify-retired-skill-ids"", ""submodules/yss-harness-dev-agent/scripts/generate-yss-skill-boundaries"", ""submodules/yss-harness-dev-agent/scripts/verify-frontend-delivery-scenarios"", ""submodules/yss-harness-dev-agent/scripts/verify-retired-skill-ids""]","{""scripts/lib/implementation-contract-compiler.mjs"": ""5610b737b8be2b328ce78dc7af434a4e63c06c5c3df80109a6e5072d64fd1cb0"", ""submodules/yss-harness-backend-agent/scripts/lib/implementation-contract-compiler.mjs"": ""5610b737b8be2b328ce78dc7af434a4e63c06c5c3df80109a6e5072d64fd1cb0"", ""submodules/yss-harness-dev-agent/scripts/lib/implementation-contract-compiler.mjs"": ""5610b737b8be2b328ce78dc7af434a4e63c06c5c3df80109a6e5072d64fd1cb0""}",[],,"[""submodules/create-yss-harness-dev/template/scripts/lib/implementation-contract-compiler.mjs"", ""submodules/create-yss-spec/template/scripts/lib/implementation-contract-compiler.mjs""]",4,53893,logs/validation-after-recovery-0.stdout; runs.jsonl; final-refresh-results.json; distribution-results-corrected.json,采样维护入口调用频次、目录/输入规模后未取得应增加复杂度的独立热点证据；保留现实现。,V8 观察是维护夹具入口频次，非线上调用频率；未观察到的实现未作逐函数性能通过声明。输入尺度详见 report.md。
5680fa19e70a56b23103949c688e06967938cb4dfac6be1722802e13d96c0dc5,.agents/skills/yss-antdv-next-design/scripts/collect-antdv-next-facts.mjs,True,False,2,8,static-no-confirmed-hotspot,,词法/路径分类，未证明性能正常,按真实调用频率与输入规模采样；有证据再扩大分析,unknown-unless-candidate-explicitly-establishes-source,cli,"{""process_spawn"": true, ""tree_io"": true, ""network"": false, ""mutation"": true, ""sleep"": false, ""loop"": true}",manual-candidate-or-automatic-classification-not-function-level-proof,测量后保留,"["".agents/skills/yss-antdv-next-design/scripts/collect-antdv-next-facts.mjs""]","{"".agents/skills/yss-antdv-next-design/scripts/collect-antdv-next-facts.mjs"": ""所属仓 .agents/skills 权威目录 → update-skill-lock / sync-skills → 所属 CLI sync-template""}",[],"{"".agents/skills/yss-antdv-next-design/scripts/collect-antdv-next-facts.mjs"": ""5680fa19e70a56b23103949c688e06967938cb4dfac6be1722802e13d96c0dc5""}",[],,"[""submodules/create-yss-spec/template/.agents/skills/yss-antdv-next-design/scripts/collect-antdv-next-facts.mjs""]",0,0,logs/validation-after-recovery-0.stdout; runs.jsonl; final-refresh-results.json; distribution-results-corrected.json,采样维护入口调用频次、目录/输入规模后未取得应增加复杂度的独立热点证据；保留现实现。 未取得可绑定此 SHA 的 V8 加载样本；临时模块可能已随夹具清理，不能把缺少可绑定样本解释成线上零调用或性能正常。,V8 观察是维护夹具入口频次，非线上调用频率；未观察到的实现未作逐函数性能通过声明。输入尺度详见 report.md。
573a99beba961276c13ae80d05e65f4f1a729148b95fc11f6616373ed09bceec,scripts/lib/skill-governance.mjs,True,False,2,2,candidate-caller,P04,命中候选函数/调用链；可能含字符串/注释，非独立瓶颈证明,沿实际调用链归因，见候选设计；不要据regex删除检查,unknown-unless-candidate-explicitly-establishes-source,library,"{""process_spawn"": false, ""tree_io"": false, ""network"": false, ""mutation"": false, ""sleep"": false, ""loop"": true}",manual-candidate-or-automatic-classification-not-function-level-proof,测量后保留,"[""scripts/lib/skill-governance.mjs""]","{""scripts/lib/skill-governance.mjs"": ""本体脚本权威；通过本体 CLI manifest/sync-template 分发；入口由完整核验 profile 选择""}","[""scripts/verify-retired-skill-ids"", ""scripts/verify-skill-governance"", ""submodules/create-yss-spec/template/scripts/verify-retired-skill-ids"", ""submodules/create-yss-spec/template/scripts/verify-skill-governance""]","{""scripts/lib/skill-governance.mjs"": ""573a99beba961276c13ae80d05e65f4f1a729148b95fc11f6616373ed09bceec""}",[],P04,"[""submodules/create-yss-spec/template/scripts/lib/skill-governance.mjs""]",1,310,logs/validation-after-recovery-0.stdout; runs.jsonl; final-refresh-results.json; distribution-results-corrected.json,采样维护入口调用频次、目录/输入规模后未取得应增加复杂度的独立热点证据；保留现实现。,V8 观察是维护夹具入口频次，非线上调用频率；未观察到的实现未作逐函数性能通过声明。输入尺度详见 report.md。
58c510627769ef4e75e90bcf410d63ba33e64b46bc9cfc53149839d5ccb1709b,scripts/vendor/yaml.mjs,True,True,11,12,vendor-bundle-do-not-hand-optimize,,锁定第三方生成bundle；改调用频率/构建源，禁止手改bundle,记录解析总时间、次数和字节；依赖升级走现有vendor一致性验证,unknown-unless-candidate-explicitly-establishes-source,library,"{""process_spawn"": true, ""tree_io"": false, ""network"": false, ""mutation"": false, ""sleep"": false, ""loop"": true}",manual-candidate-or-automatic-classification-not-function-level-proof,分发副本,[],"{""scripts/vendor/yaml.mjs"": ""所属仓供应商 bundle；原样保留，后续通过已声明供应链更新""}","["".agents/skills/yss-ddd-scaffold-generator/scripts/generate_scaffold.mjs"", "".agents/skills/yss-layered-mvc-scaffold-generator/scripts/generate_scaffold.mjs"", "".agents/skills/yss-prototype-stage/scripts/prototype-contract.mjs"", "".agents/skills/yss-prototype-stage/scripts/visual-baseline-contract.mjs"", "".agents/skills/yss-stage-decision/scripts/migrate-context-references.mjs"", "".agents/skills/yss-stage-decision/scripts/validate-domain-strategy.mjs"", "".agents/skills/yss-stage-decision/scripts/validate-stage-decision-package.mjs"", "".agents/skills/yss-tactical-design/scripts/validate-tactical-design.mjs"", "".agents/skills/yss-web-controller/scripts/generate_controller.mjs"", "".template-source/cli-core/bundle.mjs"", "".template-source/scripts/evidence-index"", ""scripts/evaluate-maintenance-review-round"", ""scripts/lib/approval-record.mjs"", ""scripts/lib/digital-human-roles.mjs"", ""scripts/lib/implementation-contract-compiler.mjs"", ""scripts/lib/lifecycle-context-query.mjs"", ""scripts/lib/lifecycle-registry.mjs"", ""scripts/lib/lifecycle-transition.mjs"", ""scripts/lib/maintenance-candidate.mjs"", ""scripts/lib/maintenance-intensity.mjs"", ""scripts/lib/maintenance-review-workflow.mjs"", ""scripts/lib/maintenance-review.mjs"", ""scripts/lib/repository-mode.mjs"", ""scripts/lib/scenario-checks.mjs"", ""scripts/lib/skill-registry.mjs"", ""scripts/lib/strategic-handoff-io.mjs"", ""scripts/lib/task-package.mjs"", ""scripts/lib/template-verification.mjs"", ""scripts/lib/user-decision.mjs"", ""scripts/prepare-maintenance-review"", ""scripts/verify-context-reconciliation"", ""scripts/verify-frontend-implementation-evidence"", ""scripts/verify-lifecycle-checkpoint"", ""scripts/verify-maintenance-review-workflow-scenarios"", ""scripts/verify-scaffold-architecture-decision-scenarios"", ""scripts/verify-scaffold-architecture-decisions"", ""scripts/verify-strategic-context-import"", ""scripts/verify-yss-dto-openapi-profile"", ""submodules/create-yss-harness-backend/vendor/cli-core/bundle.mjs"", ""submodules/create-yss-harness-dev/template/.agents/skills/yss-ddd-scaffold-generator/scripts/generate_scaffold.mjs"", ""submodules/create-yss-harness-dev/template/.agents/skills/yss-layered-mvc-scaffold-generator/scripts/generate_scaffold.mjs"", ""submodules/create-yss-harness-dev/template/.agents/skills/yss-prototype-stage/scripts/prototype-contract.mjs"", ""submodules/create-yss-harness-dev/template/.agents/skills/yss-prototype-stage/scripts/visual-baseline-contract.mjs"", ""submodules/create-yss-harness-dev/template/.agents/skills/yss-tactical-design/scripts/validate-tactical-design.mjs"", ""submodules/create-yss-harness-dev/template/.agents/skills/yss-web-controller/scripts/generate_controller.mjs"", ""submodules/create-yss-harness-dev/template/scripts/lib/approval-record.mjs"", ""submodules/create-yss-harness-dev/template/scripts/lib/digital-human-roles.mjs"", ""submodules/create-yss-harness-dev/template/scripts/lib/harness-profile.mjs"", ""submodules/create-yss-harness-dev/template/scripts/lib/implementation-contract-compiler.mjs"", ""submodules/create-yss-harness-dev/template/scripts/lib/lifecycle-registry.mjs"", ""submodules/create-yss-harness-dev/template/scripts/lib/maintenance-intensity.mjs"", ""submodules/create-yss-harness-dev/template/scripts/lib/maintenance-review.mjs"", ""submodules/create-yss-harness-dev/template/scripts/lib/repository-mode.mjs"", ""submodules/create-yss-harness-dev/template/scripts/lib/scenario-checks.mjs"", ""submodules/create-yss-harness-dev/template/scripts/lib/skill-registry.mjs"", ""submodules/create-yss-harness-dev/template/scripts/lib/strategic-handoff-io.mjs"", ""submodules/create-yss-harness-dev/template/scripts/lib/task-package.mjs"", ""submodules/create-yss-harness-dev/template/scripts/lib/template-verification.mjs"", ""submodules/create-yss-harness-dev/template/scripts/lib/user-decision.mjs"", ""submodules/create-yss-harness-dev/template/scripts/verify-context-reconciliation"", ""submodules/create-yss-harness-dev/template/scripts/verify-frontend-implementation-evidence"", ""submodules/create-yss-harness-dev/template/scripts/verify-lifecycle-checkpoint"", ""submodules/create-yss-harness-dev/template/scripts/verify-scaffold-architecture-decisions"", ""submodules/create-yss-harness-dev/template/scripts/verify-strategic-context-import"", ""submodules/create-yss-harness-dev/template/scripts/verify-yss-dto-openapi-profile"", ""submodules/create-yss-harness-frontend/vendor/cli-core/bundle.mjs"", ""submodules/create-yss-spec/template/.agents/skills/yss-ddd-scaffold-generator/scripts/generate_scaffold.mjs"", ""submodules/create-yss-spec/template/.agents/skills/yss-layered-mvc-scaffold-generator/scripts/generate_scaffold.mjs"", ""submodules/create-yss-spec/template/.agents/skills/yss-prototype-stage/scripts/prototype-contract.mjs"", ""submodules/create-yss-spec/template/.agents/skills/yss-prototype-stage/scripts/visual-baseline-contract.mjs"", ""submodules/create-yss-spec/template/.agents/skills/yss-stage-decision/scripts/migrate-context-references.mjs"", ""submodules/create-yss-spec/template/.agents/skills/yss-stage-decision/scripts/validate-domain-strategy.mjs"", ""submodules/create-yss-spec/template/.agents/skills/yss-stage-decision/scripts/validate-stage-decision-package.mjs"", ""submodules/create-yss-spec/template/.agents/skills/yss-tactical-design/scripts/validate-tactical-design.mjs"", ""submodules/create-yss-spec/template/.agents/skills/yss-web-controller/scripts/generate_controller.mjs"", ""submodules/create-yss-spec/template/scripts/evaluate-maintenance-review-round"", ""submodules/create-yss-spec/template/scripts/lib/approval-record.mjs"", ""submodules/create-yss-spec/template/scripts/lib/digital-human-roles.mjs"", ""submodules/create-yss-spec/template/scripts/lib/implementation-contract-compiler.mjs"", ""submodules/create-yss-spec/template/scripts/lib/lifecycle-context-query.mjs"", ""submodules/create-yss-spec/template/scripts/lib/lifecycle-registry.mjs"", ""submodules/create-yss-spec/template/scripts/lib/lifecycle-transition.mjs"", ""submodules/create-yss-spec/template/scripts/lib/maintenance-candidate.mjs"", ""submodules/create-yss-spec/template/scripts/lib/maintenance-intensity.mjs"", ""submodules/create-yss-spec/template/scripts/lib/maintenance-review-workflow.mjs"", ""submodules/create-yss-spec/template/scripts/lib/maintenance-review.mjs"", ""submodules/create-yss-spec/template/scripts/lib/repository-mode.mjs"", ""submodules/create-yss-spec/template/scripts/lib/scenario-checks.mjs"", ""submodules/create-yss-spec/template/scripts/lib/skill-registry.mjs"", ""submodules/create-yss-spec/template/scripts/lib/strategic-handoff-io.mjs"", ""submodules/create-yss-spec/template/scripts/lib/task-package.mjs"", ""submodules/create-yss-spec/template/scripts/lib/template-verification.mjs"", ""submodules/create-yss-spec/template/scripts/lib/user-decision.mjs"", ""submodules/create-yss-spec/template/scripts/prepare-maintenance-review"", ""submodules/create-yss-spec/template/scripts/verify-context-reconciliation"", ""submodules/create-yss-spec/template/scripts/verify-frontend-implementation-evidence"", ""submodules/create-yss-spec/template/scripts/verify-lifecycle-checkpoint"", ""submodules/create-yss-spec/template/scripts/verify-maintenance-review-workflow-scenarios"", ""submodules/create-yss-spec/template/scripts/verify-scaffold-architecture-decision-scenarios"", ""submodules/create-yss-spec/template/scripts/verify-scaffold-architecture-decisions"", ""submodules/create-yss-spec/template/scripts/verify-strategic-context-import"", ""submodules/create-yss-spec/template/scripts/verify-yss-dto-openapi-profile"", ""submodules/create-yss-strategic-design/template/.agents/skills/yss-prototype-stage/scripts/prototype-contract.mjs"", ""submodules/create-yss-strategic-design/template/.agents/skills/yss-prototype-stage/scripts/visual-baseline-contract.mjs"", ""submodules/create-yss-strategic-design/template/.agents/skills/yss-stage-decision/scripts/migrate-context-references.mjs"", ""submodules/create-yss-strategic-design/template/.agents/skills/yss-stage-decision/scripts/validate-domain-strategy.mjs"", ""submodules/create-yss-strategic-design/template/.agents/skills/yss-stage-decision/scripts/validate-stage-decision-package.mjs"", ""submodules/create-yss-strategic-design/template/scripts/lib/approval-record.mjs"", ""submodules/create-yss-strategic-design/template/scripts/lib/digital-human-roles.mjs"", ""submodules/create-yss-strategic-design/template/scripts/lib/harness-profile.mjs"", ""submodules/create-yss-strategic-design/template/scripts/lib/harness-skill-scope.mjs"", ""submodules/create-yss-strategic-design/template/scripts/lib/instance-distribution.mjs"", ""submodules/create-yss-strategic-design/template/scripts/lib/lifecycle-context-query.mjs"", ""submodules/create-yss-strategic-design/template/scripts/lib/lifecycle-registry.mjs"", ""submodules/create-yss-strategic-design/template/scripts/lib/lifecycle-transition.mjs"", ""submodules/create-yss-strategic-design/template/scripts/lib/maintenance-intensity.mjs"", ""submodules/create-yss-strategic-design/template/scripts/lib/repository-mode.mjs"", ""submodules/create-yss-strategic-design/template/scripts/lib/scenario-checks.mjs"", ""submodules/create-yss-strategic-design/template/scripts/lib/skill-governance.mjs"", ""submodules/create-yss-strategic-design/template/scripts/lib/skill-registry.mjs"", ""submodules/create-yss-strategic-design/template/scripts/lib/strategic-handoff-io.mjs"", ""submodules/create-yss-strategic-design/template/scripts/lib/task-package.mjs"", ""submodules/create-yss-strategic-design/template/scripts/lib/template-verification.mjs"", ""submodules/create-yss-strategic-design/template/scripts/lib/user-decision.mjs"", ""submodules/create-yss-strategic-design/template/scripts/verify-context-reconciliation"", ""submodules/create-yss-strategic-design/template/scripts/verify-lifecycle-checkpoint"", ""submodules/create-yss-strategic-design/template/scripts/verify-strategic-context-import"", ""submodules/create-yss-strategic-design/template/scripts/verify-strategic-design-handoff"", ""submodules/yss-harness-backend-agent/.agents/skills/yss-ddd-scaffold-generator/scripts/generate_scaffold.mjs"", ""submodules/yss-harness-backend-agent/.agents/skills/yss-layered-mvc-scaffold-generator/scripts/generate_scaffold.mjs"", ""submodules/yss-harness-backend-agent/.agents/skills/yss-tactical-design/scripts/validate-tactical-design.mjs"", ""submodules/yss-harness-backend-agent/.agents/skills/yss-web-controller/scripts/generate_controller.mjs"", ""submodules/yss-harness-backend-agent/.template-source/scripts/evidence-index"", ""submodules/yss-harness-backend-agent/scripts/lib/approval-record.mjs"", ""submodules/yss-harness-backend-agent/scripts/lib/digital-human-roles.mjs"", ""submodules/yss-harness-backend-agent/scripts/lib/harness-profile.mjs"", ""submodules/yss-harness-backend-agent/scripts/lib/harness-skill-scope.mjs"", ""submodules/yss-harness-backend-agent/scripts/lib/implementation-contract-compiler.mjs"", ""submodules/yss-harness-backend-agent/scripts/lib/lifecycle-registry.mjs"", ""submodules/yss-harness-backend-agent/scripts/lib/maintenance-intensity.mjs"", ""submodules/yss-harness-backend-agent/scripts/lib/maintenance-review.mjs"", ""submodules/yss-harness-backend-agent/scripts/lib/repository-mode.mjs"", ""submodules/yss-harness-backend-agent/scripts/lib/scenario-checks.mjs"", ""submodules/yss-harness-backend-agent/scripts/lib/skill-registry.mjs"", ""submodules/yss-harness-backend-agent/scripts/lib/skill-supply-chain.mjs"", ""submodules/yss-harness-backend-agent/scripts/lib/strategic-handoff-io.mjs"", ""submodules/yss-harness-backend-agent/scripts/lib/task-package.mjs"", ""submodules/yss-harness-backend-agent/scripts/lib/template-verification.mjs"", ""submodules/yss-harness-backend-agent/scripts/lib/user-decision.mjs"", ""submodules/yss-harness-backend-agent/scripts/lib/visual-baseline-contract.mjs"", ""submodules/yss-harness-backend-agent/scripts/verify-context-reconciliation"", ""submodules/yss-harness-backend-agent/scripts/verify-frontend-implementation-evidence"", ""submodules/yss-harness-backend-agent/scripts/verify-lifecycle-checkpoint"", ""submodules/yss-harness-backend-agent/scripts/verify-scaffold-architecture-decisions"", ""submodules/yss-harness-backend-agent/scripts/verify-strategic-context-import"", ""submodules/yss-harness-backend-agent/scripts/verify-yss-dto-openapi-profile"", ""submodules/yss-harness-design-agent/.agents/skills/yss-prototype-stage/scripts/prototype-contract.mjs"", ""submodules/yss-harness-design-agent/.agents/skills/yss-prototype-stage/scripts/visual-baseline-contract.mjs"", ""submodules/yss-harness-design-agent/.agents/skills/yss-stage-decision/scripts/migrate-context-references.mjs"", ""submodules/yss-harness-design-agent/.agents/skills/yss-stage-decision/scripts/validate-domain-strategy.mjs"", ""submodules/yss-harness-design-agent/.agents/skills/yss-stage-decision/scripts/validate-stage-decision-package.mjs"", ""submodules/yss-harness-design-agent/.template-source/scripts/evidence-index"", ""submodules/yss-harness-design-agent/scripts/lib/approval-record.mjs"", ""submodules/yss-harness-design-agent/scripts/lib/digital-human-roles.mjs"", ""submodules/yss-harness-design-agent/scripts/lib/harness-profile.mjs"", ""submodules/yss-harness-design-agent/scripts/lib/harness-skill-scope.mjs"", ""submodules/yss-harness-design-agent/scripts/lib/instance-distribution.mjs"", ""submodules/yss-harness-design-agent/scripts/lib/lifecycle-context-query.mjs"", ""submodules/yss-harness-design-agent/scripts/lib/lifecycle-registry.mjs"", ""submodules/yss-harness-design-agent/scripts/lib/lifecycle-transition.mjs"", ""submodules/yss-harness-design-agent/scripts/lib/maintenance-intensity.mjs"", ""submodules/yss-harness-design-agent/scripts/lib/repository-mode.mjs"", ""submodules/yss-harness-design-agent/scripts/lib/scenario-checks.mjs"", ""submodules/yss-harness-design-agent/scripts/lib/skill-governance.mjs"", ""submodules/yss-harness-design-agent/scripts/lib/skill-registry.mjs"", ""submodules/yss-harness-design-agent/scripts/lib/strategic-handoff-io.mjs"", ""submodules/yss-harness-design-agent/scripts/lib/task-package.mjs"", ""submodules/yss-harness-design-agent/scripts/lib/template-verification.mjs"", ""submodules/yss-harness-design-agent/scripts/lib/user-decision.mjs"", ""submodules/yss-harness-design-agent/scripts/verify-context-reconciliation"", ""submodules/yss-harness-design-agent/scripts/verify-frontend-implementation-evidence"", ""submodules/yss-harness-design-agent/scripts/verify-lifecycle-checkpoint"", ""submodules/yss-harness-design-agent/scripts/verify-strategic-context-import"", ""submodules/yss-harness-design-agent/scripts/verify-strategic-design-handoff"", ""submodules/yss-harness-design-agent/scripts/verify-yss-dto-openapi-profile"", ""submodules/yss-harness-dev-agent/.agents/skills/yss-ddd-scaffold-generator/scripts/generate_scaffold.mjs"", ""submodules/yss-harness-dev-agent/.agents/skills/yss-layered-mvc-scaffold-generator/scripts/generate_scaffold.mjs"", ""submodules/yss-harness-dev-agent/.agents/skills/yss-prototype-stage/scripts/prototype-contract.mjs"", ""submodules/yss-harness-dev-agent/.agents/skills/yss-prototype-stage/scripts/visual-baseline-contract.mjs"", ""submodules/yss-harness-dev-agent/.agents/skills/yss-tactical-design/scripts/validate-tactical-design.mjs"", ""submodules/yss-harness-dev-agent/.agents/skills/yss-web-controller/scripts/generate_controller.mjs"", ""submodules/yss-harness-dev-agent/.template-source/scripts/evidence-index"", ""submodules/yss-harness-dev-agent/scripts/lib/approval-record.mjs"", ""submodules/yss-harness-dev-agent/scripts/lib/digital-human-roles.mjs"", ""submodules/yss-harness-dev-agent/scripts/lib/harness-profile.mjs"", ""submodules/yss-harness-dev-agent/scripts/lib/implementation-contract-compiler.mjs"", ""submodules/yss-harness-dev-agent/scripts/lib/lifecycle-registry.mjs"", ""submodules/yss-harness-dev-agent/scripts/lib/maintenance-intensity.mjs"", ""submodules/yss-harness-dev-agent/scripts/lib/maintenance-review.mjs"", ""submodules/yss-harness-dev-agent/scripts/lib/repository-mode.mjs"", ""submodules/yss-harness-dev-agent/scripts/lib/scenario-checks.mjs"", ""submodules/yss-harness-dev-agent/scripts/lib/skill-registry.mjs"", ""submodules/yss-harness-dev-agent/scripts/lib/strategic-handoff-io.mjs"", ""submodules/yss-harness-dev-agent/scripts/lib/task-package.mjs"", ""submodules/yss-harness-dev-agent/scripts/lib/template-verification.mjs"", ""submodules/yss-harness-dev-agent/scripts/lib/user-decision.mjs"", ""submodules/yss-harness-dev-agent/scripts/verify-context-reconciliation"", ""submodules/yss-harness-dev-agent/scripts/verify-frontend-implementation-evidence"", ""submodules/yss-harness-dev-agent/scripts/verify-lifecycle-checkpoint"", ""submodules/yss-harness-dev-agent/scripts/verify-scaffold-architecture-decisions"", ""submodules/yss-harness-dev-agent/scripts/verify-strategic-context-import"", ""submodules/yss-harness-dev-agent/scripts/verify-yss-dto-openapi-profile"", ""submodules/yss-harness-frontend-agent/.agents/skills/yss-prototype-stage/scripts/prototype-contract.mjs"", ""submodules/yss-harness-frontend-agent/.agents/skills/yss-prototype-stage/scripts/visual-baseline-contract.mjs"", ""submodules/yss-harness-frontend-agent/.template-source/scripts/evidence-index"", ""submodules/yss-harness-frontend-agent/scripts/lib/approval-record.mjs"", ""submodules/yss-harness-frontend-agent/scripts/lib/digital-human-roles.mjs"", ""submodules/yss-harness-frontend-agent/scripts/lib/harness-profile.mjs"", ""submodules/yss-harness-frontend-agent/scripts/lib/harness-skill-scope.mjs"", ""submodules/yss-harness-frontend-agent/scripts/lib/implementation-contract-compiler.mjs"", ""submodules/yss-harness-frontend-agent/scripts/lib/lifecycle-registry.mjs"", ""submodules/yss-harness-frontend-agent/scripts/lib/maintenance-intensity.mjs"", ""submodules/yss-harness-frontend-agent/scripts/lib/maintenance-review.mjs"", ""submodules/yss-harness-frontend-agent/scripts/lib/repository-mode.mjs"", ""submodules/yss-harness-frontend-agent/scripts/lib/scenario-checks.mjs"", ""submodules/yss-harness-frontend-agent/scripts/lib/skill-registry.mjs"", ""submodules/yss-harness-frontend-agent/scripts/lib/skill-supply-chain.mjs"", ""submodules/yss-harness-frontend-agent/scripts/lib/strategic-handoff-io.mjs"", ""submodules/yss-harness-frontend-agent/scripts/lib/task-package.mjs"", ""submodules/yss-harness-frontend-agent/scripts/lib/template-verification.mjs"", ""submodules/yss-harness-frontend-agent/scripts/verify-context-reconciliation"", ""submodules/yss-harness-frontend-agent/scripts/verify-frontend-implementation-evidence"", ""submodules/yss-harness-frontend-agent/scripts/verify-lifecycle-checkpoint"", ""submodules/yss-harness-frontend-agent/scripts/verify-scaffold-architecture-decisions"", ""submodules/yss-harness-frontend-agent/scripts/verify-strategic-context-import"", ""submodules/yss-harness-frontend-agent/scripts/verify-yss-dto-openapi-profile""]",{},[],,"[""scripts/vendor/yaml.mjs"", ""submodules/create-yss-harness-dev/template/scripts/vendor/yaml.mjs"", ""submodules/create-yss-spec/template/scripts/vendor/yaml.mjs"", ""submodules/create-yss-strategic-design/template/scripts/vendor/yaml.mjs"", ""submodules/yss-harness-backend-agent/scripts/vendor/yaml.mjs"", ""submodules/yss-harness-design-agent/scripts/vendor/yaml.mjs"", ""submodules/yss-harness-dev-agent/scripts/vendor/yaml.mjs"", ""submodules/yss-harness-frontend-agent/scripts/vendor/yaml.mjs"", "".template-source/cli-core/vendor/yaml.mjs"", ""submodules/create-yss-harness-backend/vendor/cli-core/vendor/yaml.mjs"", ""submodules/create-yss-harness-frontend/vendor/cli-core/vendor/yaml.mjs""]",0,0,logs/validation-after-recovery-0.stdout; runs.jsonl; final-refresh-results.json; distribution-results-corrected.json,保留锁定或 vendor 内容；临时分发生成/消费已核验，正式分发锁未更新。第三方 bundle 未手改。,V8 观察是维护夹具入口频次，非线上调用频率；未观察到的实现未作逐函数性能通过声明。输入尺度详见 report.md。
5b53339d10acc2ee2e39bb3cc26fd8ed24ed9aa9532e3d779b64b58f347a918e,submodules/yss-harness-dev-agent/.agents/skills/yss-ddd-scaffold-generator/scripts/scaffold-generator.test.mjs,True,False,3,10,fixture-test-only,,断言/回归入口；是否启动真实环境需沿callee区分,隔离执行对应测试，区分mock/真实构建/外部资源,unknown-unless-candidate-explicitly-establishes-source,test,"{""process_spawn"": true, ""tree_io"": true, ""network"": true, ""mutation"": true, ""sleep"": false, ""loop"": true}",manual-candidate-or-automatic-classification-not-function-level-proof,测量后保留,"[""submodules/yss-harness-backend-agent/.agents/skills/yss-ddd-scaffold-generator/scripts/scaffold-generator.test.mjs"", ""submodules/yss-harness-dev-agent/.agents/skills/yss-ddd-scaffold-generator/scripts/scaffold-generator.test.mjs""]","{""submodules/yss-harness-backend-agent/.agents/skills/yss-ddd-scaffold-generator/scripts/scaffold-generator.test.mjs"": ""所属仓 .agents/skills 权威目录 → update-skill-lock / sync-skills → 所属 CLI sync-template"", ""submodules/yss-harness-dev-agent/.agents/skills/yss-ddd-scaffold-generator/scripts/scaffold-generator.test.mjs"": ""所属仓 .agents/skills 权威目录 → update-skill-lock / sync-skills → 所属 CLI sync-template""}",[],"{""submodules/yss-harness-backend-agent/.agents/skills/yss-ddd-scaffold-generator/scripts/scaffold-generator.test.mjs"": ""5b53339d10acc2ee2e39bb3cc26fd8ed24ed9aa9532e3d779b64b58f347a918e"", ""submodules/yss-harness-dev-agent/.agents/skills/yss-ddd-scaffold-generator/scripts/scaffold-generator.test.mjs"": ""5b53339d10acc2ee2e39bb3cc26fd8ed24ed9aa9532e3d779b64b58f347a918e""}",[],,"[""submodules/create-yss-harness-dev/template/.agents/skills/yss-ddd-scaffold-generator/scripts/scaffold-generator.test.mjs""]",0,0,logs/validation-after-recovery-0.stdout; runs.jsonl; final-refresh-results.json; distribution-results-corrected.json,采样维护入口调用频次、目录/输入规模后未取得应增加复杂度的独立热点证据；保留现实现。 未取得可绑定此 SHA 的 V8 加载样本；临时模块可能已随夹具清理，不能把缺少可绑定样本解释成线上零调用或性能正常。,V8 观察是维护夹具入口频次，非线上调用频率；未观察到的实现未作逐函数性能通过声明。输入尺度详见 report.md。
5b86f60bd6607c580e1d2daaf181a129d81c3293310b3c7f38eda6435b8520b5,.agents/skills/archify/scripts/check-render-output.mjs,True,False,6,26,static-no-confirmed-hotspot,,词法/路径分类，未证明性能正常,按真实调用频率与输入规模采样；有证据再扩大分析,unknown-unless-candidate-explicitly-establishes-source,cli,"{""process_spawn"": false, ""tree_io"": false, ""network"": false, ""mutation"": false, ""sleep"": false, ""loop"": true}",manual-candidate-or-automatic-classification-not-function-level-proof,测量后保留,"["".agents/skills/archify/scripts/check-render-output.mjs"", ""submodules/yss-harness-backend-agent/.agents/skills/archify/scripts/check-render-output.mjs"", ""submodules/yss-harness-dev-agent/.agents/skills/archify/scripts/check-render-output.mjs"", ""submodules/yss-harness-frontend-agent/.agents/skills/archify/scripts/check-render-output.mjs""]","{"".agents/skills/archify/scripts/check-render-output.mjs"": ""所属仓 .agents/skills 权威目录 → update-skill-lock / sync-skills → 所属 CLI sync-template"", ""submodules/yss-harness-backend-agent/.agents/skills/archify/scripts/check-render-output.mjs"": ""所属仓 .agents/skills 权威目录 → update-skill-lock / sync-skills → 所属 CLI sync-template"", ""submodules/yss-harness-dev-agent/.agents/skills/archify/scripts/check-render-output.mjs"": ""所属仓 .agents/skills 权威目录 → update-skill-lock / sync-skills → 所属 CLI sync-template"", ""submodules/yss-harness-frontend-agent/.agents/skills/archify/scripts/check-render-output.mjs"": ""所属仓 .agents/skills 权威目录 → update-skill-lock / sync-skills → 所属 CLI sync-template""}",[],"{"".agents/skills/archify/scripts/check-render-output.mjs"": ""5b86f60bd6607c580e1d2daaf181a129d81c3293310b3c7f38eda6435b8520b5"", ""submodules/yss-harness-backend-agent/.agents/skills/archify/scripts/check-render-output.mjs"": ""5b86f60bd6607c580e1d2daaf181a129d81c3293310b3c7f38eda6435b8520b5"", ""submodules/yss-harness-dev-agent/.agents/skills/archify/scripts/check-render-output.mjs"": ""5b86f60bd6607c580e1d2daaf181a129d81c3293310b3c7f38eda6435b8520b5"", ""submodules/yss-harness-frontend-agent/.agents/skills/archify/scripts/check-render-output.mjs"": ""5b86f60bd6607c580e1d2daaf181a129d81c3293310b3c7f38eda6435b8520b5""}",[],,"[""submodules/create-yss-harness-dev/template/.agents/skills/archify/scripts/check-render-output.mjs"", ""submodules/create-yss-spec/template/.agents/skills/archify/scripts/check-render-output.mjs""]",0,0,logs/validation-after-recovery-0.stdout; runs.jsonl; final-refresh-results.json; distribution-results-corrected.json,采样维护入口调用频次、目录/输入规模后未取得应增加复杂度的独立热点证据；保留现实现。 未取得可绑定此 SHA 的 V8 加载样本；临时模块可能已随夹具清理，不能把缺少可绑定样本解释成线上零调用或性能正常。,V8 观察是维护夹具入口频次，非线上调用频率；未观察到的实现未作逐函数性能通过声明。输入尺度详见 report.md。
5c2ab0bb26de6f23e000bd1f429f12e3e8c9128d604e0a4ab0da672283f560cc,.agents/skills/yss-layered-mvc-scaffold-generator/scripts/generate_and_verify_scaffold.mjs,True,False,5,17,candidate-caller,P10,命中候选函数/调用链；可能含字符串/注释，非独立瓶颈证明,沿实际调用链归因，见候选设计；不要据regex删除检查,unknown-unless-candidate-explicitly-establishes-source,cli,"{""process_spawn"": true, ""tree_io"": true, ""network"": false, ""mutation"": true, ""sleep"": false, ""loop"": true}",manual-candidate-or-automatic-classification-not-function-level-proof,测量后保留,"["".agents/skills/yss-layered-mvc-scaffold-generator/scripts/generate_and_verify_scaffold.mjs"", ""submodules/yss-harness-backend-agent/.agents/skills/yss-layered-mvc-scaffold-generator/scripts/generate_and_verify_scaffold.mjs"", ""submodules/yss-harness-dev-agent/.agents/skills/yss-layered-mvc-scaffold-generator/scripts/generate_and_verify_scaffold.mjs""]","{"".agents/skills/yss-layered-mvc-scaffold-generator/scripts/generate_and_verify_scaffold.mjs"": ""所属仓 .agents/skills 权威目录 → update-skill-lock / sync-skills → 所属 CLI sync-template"", ""submodules/yss-harness-backend-agent/.agents/skills/yss-layered-mvc-scaffold-generator/scripts/generate_and_verify_scaffold.mjs"": ""所属仓 .agents/skills 权威目录 → update-skill-lock / sync-skills → 所属 CLI sync-template"", ""submodules/yss-harness-dev-agent/.agents/skills/yss-layered-mvc-scaffold-generator/scripts/generate_and_verify_scaffold.mjs"": ""所属仓 .agents/skills 权威目录 → update-skill-lock / sync-skills → 所属 CLI sync-template""}",[],"{"".agents/skills/yss-layered-mvc-scaffold-generator/scripts/generate_and_verify_scaffold.mjs"": ""5c2ab0bb26de6f23e000bd1f429f12e3e8c9128d604e0a4ab0da672283f560cc"", ""submodules/yss-harness-backend-agent/.agents/skills/yss-layered-mvc-scaffold-generator/scripts/generate_and_verify_scaffold.mjs"": ""5c2ab0bb26de6f23e000bd1f429f12e3e8c9128d604e0a4ab0da672283f560cc"", ""submodules/yss-harness-dev-agent/.agents/skills/yss-layered-mvc-scaffold-generator/scripts/generate_and_verify_scaffold.mjs"": ""5c2ab0bb26de6f23e000bd1f429f12e3e8c9128d604e0a4ab0da672283f560cc""}",[],P10,"[""submodules/create-yss-harness-dev/template/.agents/skills/yss-layered-mvc-scaffold-generator/scripts/generate_and_verify_scaffold.mjs"", ""submodules/create-yss-spec/template/.agents/skills/yss-layered-mvc-scaffold-generator/scripts/generate_and_verify_scaffold.mjs""]",0,0,logs/validation-after-recovery-0.stdout; runs.jsonl; final-refresh-results.json; distribution-results-corrected.json,采样维护入口调用频次、目录/输入规模后未取得应增加复杂度的独立热点证据；保留现实现。 未取得可绑定此 SHA 的 V8 加载样本；临时模块可能已随夹具清理，不能把缺少可绑定样本解释成线上零调用或性能正常。,V8 观察是维护夹具入口频次，非线上调用频率；未观察到的实现未作逐函数性能通过声明。输入尺度详见 report.md。
5d4689e38faa2c77c573fc7db7f2d60f12496c9212b95d0a1446fee36ea30484,.agents/skills/yss-layered-mvc-scaffold-generator/scripts/scaffold-generator.test.mjs,True,False,2,8,candidate,P10,直接引用源码已人工核对,见关联候选验证设计,unknown-unless-candidate-explicitly-establishes-source,test,"{""process_spawn"": true, ""tree_io"": true, ""network"": false, ""mutation"": true, ""sleep"": false, ""loop"": true}",manual-candidate-or-automatic-classification-not-function-level-proof,测量后保留,"["".agents/skills/yss-layered-mvc-scaffold-generator/scripts/scaffold-generator.test.mjs""]","{"".agents/skills/yss-layered-mvc-scaffold-generator/scripts/scaffold-generator.test.mjs"": ""所属仓 .agents/skills 权威目录 → update-skill-lock / sync-skills → 所属 CLI sync-template""}",[],"{"".agents/skills/yss-layered-mvc-scaffold-generator/scripts/scaffold-generator.test.mjs"": ""5d4689e38faa2c77c573fc7db7f2d60f12496c9212b95d0a1446fee36ea30484""}",[],P10,"[""submodules/create-yss-spec/template/.agents/skills/yss-layered-mvc-scaffold-generator/scripts/scaffold-generator.test.mjs""]",1,265,logs/validation-after-recovery-0.stdout; runs.jsonl; final-refresh-results.json; distribution-results-corrected.json,采样维护入口调用频次、目录/输入规模后未取得应增加复杂度的独立热点证据；保留现实现。,V8 观察是维护夹具入口频次，非线上调用频率；未观察到的实现未作逐函数性能通过声明。输入尺度详见 report.md。
5d9a87eb7a9f23c7e0c8667165895648b45af97779b5f8a667cd654cf5ad1def,scripts/lib/backend-delivery.mjs,True,False,8,8,candidate,P09,直接引用源码已人工核对,见关联候选验证设计,unknown-unless-candidate-explicitly-establishes-source,library,"{""process_spawn"": false, ""tree_io"": true, ""network"": false, ""mutation"": true, ""sleep"": false, ""loop"": true}",manual-candidate-or-automatic-classification-not-function-level-proof,优化并验证,"[""scripts/lib/backend-delivery.mjs""]","{""scripts/lib/backend-delivery.mjs"": ""本体共享工具 → sync-strategic-handoff-tools → 四 Harness（backend wire import 适配）→ CLI 快照""}","[""scripts/backend-delivery"", ""scripts/lib/frontend-delivery.mjs"", ""scripts/sync-strategic-handoff-tools"", ""scripts/verify-frontend-delivery-scenarios"", ""submodules/create-yss-harness-dev/template/scripts/backend-delivery"", ""submodules/create-yss-harness-dev/template/scripts/lib/frontend-delivery.mjs"", ""submodules/create-yss-harness-dev/template/scripts/verify-frontend-delivery-scenarios"", ""submodules/create-yss-spec/template/scripts/backend-delivery"", ""submodules/create-yss-spec/template/scripts/lib/frontend-delivery.mjs"", ""submodules/create-yss-spec/template/scripts/sync-strategic-handoff-tools"", ""submodules/create-yss-spec/template/scripts/verify-frontend-delivery-scenarios"", ""submodules/create-yss-strategic-design/template/scripts/backend-delivery"", ""submodules/create-yss-strategic-design/template/scripts/lib/frontend-delivery.mjs"", ""submodules/yss-harness-backend-agent/scripts/backend-delivery"", ""submodules/yss-harness-backend-agent/scripts/lib/frontend-delivery.mjs"", ""submodules/yss-harness-backend-agent/scripts/verify-frontend-delivery-scenarios"", ""submodules/yss-harness-design-agent/scripts/backend-delivery"", ""submodules/yss-harness-design-agent/scripts/lib/frontend-delivery.mjs"", ""submodules/yss-harness-dev-agent/scripts/backend-delivery"", ""submodules/yss-harness-dev-agent/scripts/lib/frontend-delivery.mjs"", ""submodules/yss-harness-dev-agent/scripts/verify-frontend-delivery-scenarios"", ""submodules/yss-harness-frontend-agent/scripts/backend-delivery"", ""submodules/yss-harness-frontend-agent/scripts/lib/frontend-delivery.mjs"", ""submodules/yss-harness-frontend-agent/scripts/verify-frontend-delivery-scenarios""]","{""scripts/lib/backend-delivery.mjs"": ""94cecc2cca6f83216857d0fef6f00ec8157d42f1f86df432d2b16c8cffc1374a""}","[""scripts/lib/backend-delivery.mjs""]",P09,"[""submodules/create-yss-harness-dev/template/scripts/lib/backend-delivery.mjs"", ""submodules/create-yss-spec/template/scripts/lib/backend-delivery.mjs"", ""submodules/create-yss-strategic-design/template/scripts/lib/backend-delivery.mjs"", ""submodules/yss-harness-backend-agent/scripts/lib/backend-delivery.mjs"", ""submodules/yss-harness-design-agent/scripts/lib/backend-delivery.mjs"", ""submodules/yss-harness-dev-agent/scripts/lib/backend-delivery.mjs"", ""submodules/yss-harness-frontend-agent/scripts/lib/backend-delivery.mjs""]",4,6341,logs/validation-after-recovery-0.stdout; runs.jsonl; final-refresh-results.json; distribution-results-corrected.json,权威实现或其受控 Harness 变体有本轮变更；验证以 Fresh Verification、相关场景和候选对照为依据，副本不冒充独立优化。,V8 观察是维护夹具入口频次，非线上调用频率；未观察到的实现未作逐函数性能通过声明。输入尺度详见 report.md。
5e3854957abbe9ce748a3f0dc2fa05ef4badf353149b25bdfa086b6956d5477f,submodules/yss-harness-design-agent/scripts/verify-yss-router-scenarios,True,False,1,2,fixture-test-only,,断言/回归入口；是否启动真实环境需沿callee区分,隔离执行对应测试，区分mock/真实构建/外部资源,unknown-unless-candidate-explicitly-establishes-source,wrapper,"{""process_spawn"": false, ""tree_io"": false, ""network"": false, ""mutation"": false, ""sleep"": false, ""loop"": false}",manual-candidate-or-automatic-classification-not-function-level-proof,测量后保留,"[""submodules/yss-harness-design-agent/scripts/verify-yss-router-scenarios""]","{""submodules/yss-harness-design-agent/scripts/verify-yss-router-scenarios"": ""所属 Harness 持有 profile 变体；仅移植已核对的性能变更 → 所属 CLI sync-template""}","[""submodules/yss-harness-design-agent/scripts/lib/instance-distribution.mjs"", ""submodules/yss-harness-design-agent/scripts/verify-instance-distribution-scenarios""]","{""submodules/yss-harness-design-agent/scripts/verify-yss-router-scenarios"": ""5e3854957abbe9ce748a3f0dc2fa05ef4badf353149b25bdfa086b6956d5477f""}",[],,[],0,0,logs/validation-after-recovery-0.stdout; runs.jsonl; final-refresh-results.json; distribution-results-corrected.json,采样维护入口调用频次、目录/输入规模后未取得应增加复杂度的独立热点证据；保留现实现。 未取得可绑定此 SHA 的 V8 加载样本；临时模块可能已随夹具清理，不能把缺少可绑定样本解释成线上零调用或性能正常。,V8 观察是维护夹具入口频次，非线上调用频率；未观察到的实现未作逐函数性能通过声明。输入尺度详见 report.md。
5e4e437d54e67cce9dd380974744605bd149c71939c5f01e3ea4719c79911d0f,.agents/skills/yss-research/scripts/validate-research-package.mjs,True,False,4,16,static-no-confirmed-hotspot,,词法/路径分类，未证明性能正常,按真实调用频率与输入规模采样；有证据再扩大分析,unknown-unless-candidate-explicitly-establishes-source,cli,"{""process_spawn"": false, ""tree_io"": false, ""network"": false, ""mutation"": false, ""sleep"": false, ""loop"": true}",manual-candidate-or-automatic-classification-not-function-level-proof,测量后保留,"["".agents/skills/yss-research/scripts/validate-research-package.mjs"", ""submodules/yss-harness-design-agent/.agents/skills/yss-research/scripts/validate-research-package.mjs""]","{"".agents/skills/yss-research/scripts/validate-research-package.mjs"": ""所属仓 .agents/skills 权威目录 → update-skill-lock / sync-skills → 所属 CLI sync-template"", ""submodules/yss-harness-design-agent/.agents/skills/yss-research/scripts/validate-research-package.mjs"": ""所属仓 .agents/skills 权威目录 → update-skill-lock / sync-skills → 所属 CLI sync-template""}",[],"{"".agents/skills/yss-research/scripts/validate-research-package.mjs"": ""5e4e437d54e67cce9dd380974744605bd149c71939c5f01e3ea4719c79911d0f"", ""submodules/yss-harness-design-agent/.agents/skills/yss-research/scripts/validate-research-package.mjs"": ""5e4e437d54e67cce9dd380974744605bd149c71939c5f01e3ea4719c79911d0f""}",[],,"[""submodules/create-yss-spec/template/.agents/skills/yss-research/scripts/validate-research-package.mjs"", ""submodules/create-yss-strategic-design/template/.agents/skills/yss-research/scripts/validate-research-package.mjs""]",0,0,logs/validation-after-recovery-0.stdout; runs.jsonl; final-refresh-results.json; distribution-results-corrected.json,采样维护入口调用频次、目录/输入规模后未取得应增加复杂度的独立热点证据；保留现实现。 未取得可绑定此 SHA 的 V8 加载样本；临时模块可能已随夹具清理，不能把缺少可绑定样本解释成线上零调用或性能正常。,V8 观察是维护夹具入口频次，非线上调用频率；未观察到的实现未作逐函数性能通过声明。输入尺度详见 report.md。
620fb21980b55a0b1ca0addbc523008ae4d6ca93bd41e464eaa0a216fd284755,.agents/skills/yss-mvc-scaffold-generator/scripts/lib/envelope.test.mjs,True,False,2,8,fixture-test-only,,断言/回归入口；是否启动真实环境需沿callee区分,隔离执行对应测试，区分mock/真实构建/外部资源,unknown-unless-candidate-explicitly-establishes-source,test,"{""process_spawn"": false, ""tree_io"": false, ""network"": false, ""mutation"": false, ""sleep"": false, ""loop"": false}",manual-candidate-or-automatic-classification-not-function-level-proof,测量后保留,"["".agents/skills/yss-mvc-scaffold-generator/scripts/lib/envelope.test.mjs""]","{"".agents/skills/yss-mvc-scaffold-generator/scripts/lib/envelope.test.mjs"": ""所属仓 .agents/skills 权威目录 → update-skill-lock / sync-skills → 所属 CLI sync-template""}",[],"{"".agents/skills/yss-mvc-scaffold-generator/scripts/lib/envelope.test.mjs"": ""620fb21980b55a0b1ca0addbc523008ae4d6ca93bd41e464eaa0a216fd284755""}",[],,"[""submodules/create-yss-spec/template/.agents/skills/yss-mvc-scaffold-generator/scripts/lib/envelope.test.mjs""]",0,0,logs/validation-after-recovery-0.stdout; runs.jsonl; final-refresh-results.json; distribution-results-corrected.json,采样维护入口调用频次、目录/输入规模后未取得应增加复杂度的独立热点证据；保留现实现。 未取得可绑定此 SHA 的 V8 加载样本；临时模块可能已随夹具清理，不能把缺少可绑定样本解释成线上零调用或性能正常。,V8 观察是维护夹具入口频次，非线上调用频率；未观察到的实现未作逐函数性能通过声明。输入尺度详见 report.md。
621684521806469c44f243b27bddd18f5e74a155e62770ef0a0f03e43919fe50,submodules/yss-harness-dev-agent/scripts/lib/maintenance-intensity.mjs,True,False,4,5,static-no-confirmed-hotspot,,词法/路径分类，未证明性能正常,按真实调用频率与输入规模采样；有证据再扩大分析,unknown-unless-candidate-explicitly-establishes-source,library,"{""process_spawn"": false, ""tree_io"": false, ""network"": false, ""mutation"": false, ""sleep"": false, ""loop"": true}",manual-candidate-or-automatic-classification-not-function-level-proof,测量后保留,"[""submodules/yss-harness-backend-agent/scripts/lib/maintenance-intensity.mjs"", ""submodules/yss-harness-dev-agent/scripts/lib/maintenance-intensity.mjs"", ""submodules/yss-harness-frontend-agent/scripts/lib/maintenance-intensity.mjs""]","{""submodules/yss-harness-backend-agent/scripts/lib/maintenance-intensity.mjs"": ""所属 Harness 持有 profile 变体；仅移植已核对的性能变更 → 所属 CLI sync-template"", ""submodules/yss-harness-dev-agent/scripts/lib/maintenance-intensity.mjs"": ""所属 Harness 持有 profile 变体；仅移植已核对的性能变更 → 所属 CLI sync-template"", ""submodules/yss-harness-frontend-agent/scripts/lib/maintenance-intensity.mjs"": ""所属 Harness 持有 profile 变体；仅移植已核对的性能变更 → 所属 CLI sync-template""}","[""submodules/create-yss-harness-dev/template/scripts/lib/task-package.mjs"", ""submodules/create-yss-harness-dev/template/scripts/verify-maintenance-checkpoint"", ""submodules/create-yss-harness-dev/template/scripts/verify-maintenance-intensity-scenarios"", ""submodules/yss-harness-backend-agent/scripts/lib/task-package.mjs"", ""submodules/yss-harness-backend-agent/scripts/verify-maintenance-checkpoint"", ""submodules/yss-harness-backend-agent/scripts/verify-maintenance-intensity-scenarios"", ""submodules/yss-harness-dev-agent/scripts/lib/task-package.mjs"", ""submodules/yss-harness-dev-agent/scripts/verify-maintenance-checkpoint"", ""submodules/yss-harness-dev-agent/scripts/verify-maintenance-intensity-scenarios"", ""submodules/yss-harness-frontend-agent/scripts/lib/task-package.mjs"", ""submodules/yss-harness-frontend-agent/scripts/verify-maintenance-checkpoint"", ""submodules/yss-harness-frontend-agent/scripts/verify-maintenance-intensity-scenarios""]","{""submodules/yss-harness-backend-agent/scripts/lib/maintenance-intensity.mjs"": ""621684521806469c44f243b27bddd18f5e74a155e62770ef0a0f03e43919fe50"", ""submodules/yss-harness-dev-agent/scripts/lib/maintenance-intensity.mjs"": ""621684521806469c44f243b27bddd18f5e74a155e62770ef0a0f03e43919fe50"", ""submodules/yss-harness-frontend-agent/scripts/lib/maintenance-intensity.mjs"": ""621684521806469c44f243b27bddd18f5e74a155e62770ef0a0f03e43919fe50""}",[],,"[""submodules/create-yss-harness-dev/template/scripts/lib/maintenance-intensity.mjs""]",0,0,logs/validation-after-recovery-0.stdout; runs.jsonl; final-refresh-results.json; distribution-results-corrected.json,采样维护入口调用频次、目录/输入规模后未取得应增加复杂度的独立热点证据；保留现实现。 未取得可绑定此 SHA 的 V8 加载样本；临时模块可能已随夹具清理，不能把缺少可绑定样本解释成线上零调用或性能正常。,V8 观察是维护夹具入口频次，非线上调用频率；未观察到的实现未作逐函数性能通过声明。输入尺度详见 report.md。
631d2efe01a9345ce3775d99e7656af084a04b7921cc22330a2445fd26e3d916,.agents/skills/yss-mvc-data-analysis-project-initializer/scripts/run_scaffold_verification.mjs,True,False,5,17,wrapper-follow-callee,,短包装/重导出入口；主要成本落在callee,计入口启动开销并追踪实际callee，保留兼容入口,unknown-unless-candidate-explicitly-establishes-source,wrapper,"{""process_spawn"": false, ""tree_io"": false, ""network"": false, ""mutation"": false, ""sleep"": false, ""loop"": false}",manual-candidate-or-automatic-classification-not-function-level-proof,测量后保留,"["".agents/skills/yss-mvc-data-analysis-project-initializer/scripts/run_scaffold_verification.mjs"", ""submodules/yss-harness-backend-agent/.agents/skills/yss-mvc-data-analysis-project-initializer/scripts/run_scaffold_verification.mjs"", ""submodules/yss-harness-dev-agent/.agents/skills/yss-mvc-data-analysis-project-initializer/scripts/run_scaffold_verification.mjs""]","{"".agents/skills/yss-mvc-data-analysis-project-initializer/scripts/run_scaffold_verification.mjs"": ""所属仓 .agents/skills 权威目录 → update-skill-lock / sync-skills → 所属 CLI sync-template"", ""submodules/yss-harness-backend-agent/.agents/skills/yss-mvc-data-analysis-project-initializer/scripts/run_scaffold_verification.mjs"": ""所属仓 .agents/skills 权威目录 → update-skill-lock / sync-skills → 所属 CLI sync-template"", ""submodules/yss-harness-dev-agent/.agents/skills/yss-mvc-data-analysis-project-initializer/scripts/run_scaffold_verification.mjs"": ""所属仓 .agents/skills 权威目录 → update-skill-lock / sync-skills → 所属 CLI sync-template""}",[],"{"".agents/skills/yss-mvc-data-analysis-project-initializer/scripts/run_scaffold_verification.mjs"": ""631d2efe01a9345ce3775d99e7656af084a04b7921cc22330a2445fd26e3d916"", ""submodules/yss-harness-backend-agent/.agents/skills/yss-mvc-data-analysis-project-initializer/scripts/run_scaffold_verification.mjs"": ""631d2efe01a9345ce3775d99e7656af084a04b7921cc22330a2445fd26e3d916"", ""submodules/yss-harness-dev-agent/.agents/skills/yss-mvc-data-analysis-project-initializer/scripts/run_scaffold_verification.mjs"": ""631d2efe01a9345ce3775d99e7656af084a04b7921cc22330a2445fd26e3d916""}",[],,"[""submodules/create-yss-harness-dev/template/.agents/skills/yss-mvc-data-analysis-project-initializer/scripts/run_scaffold_verification.mjs"", ""submodules/create-yss-spec/template/.agents/skills/yss-mvc-data-analysis-project-initializer/scripts/run_scaffold_verification.mjs""]",0,0,logs/validation-after-recovery-0.stdout; runs.jsonl; final-refresh-results.json; distribution-results-corrected.json,采样维护入口调用频次、目录/输入规模后未取得应增加复杂度的独立热点证据；保留现实现。 未取得可绑定此 SHA 的 V8 加载样本；临时模块可能已随夹具清理，不能把缺少可绑定样本解释成线上零调用或性能正常。,V8 观察是维护夹具入口频次，非线上调用频率；未观察到的实现未作逐函数性能通过声明。输入尺度详见 report.md。
63618779f60200a278e35dff67fe0a8def5e73cb9762c8967d1d80e54171f3b7,.agents/skills/yss-cache/scripts/check-skill-freshness.sh,True,False,5,25,static-no-confirmed-hotspot,,词法/路径分类，未证明性能正常,按真实调用频率与输入规模采样；有证据再扩大分析,unknown-unless-candidate-explicitly-establishes-source,cli,"{""process_spawn"": false, ""tree_io"": false, ""network"": false, ""mutation"": false, ""sleep"": false, ""loop"": true}",manual-candidate-or-automatic-classification-not-function-level-proof,测量后保留,"["".agents/skills/yss-cache/scripts/check-skill-freshness.sh"", ""submodules/yss-harness-backend-agent/.agents/skills/yss-cache/scripts/check-skill-freshness.sh"", ""submodules/yss-harness-dev-agent/.agents/skills/yss-cache/scripts/check-skill-freshness.sh""]","{"".agents/skills/yss-cache/scripts/check-skill-freshness.sh"": ""所属仓 .agents/skills 权威目录 → update-skill-lock / sync-skills → 所属 CLI sync-template"", ""submodules/yss-harness-backend-agent/.agents/skills/yss-cache/scripts/check-skill-freshness.sh"": ""所属仓 .agents/skills 权威目录 → update-skill-lock / sync-skills → 所属 CLI sync-template"", ""submodules/yss-harness-dev-agent/.agents/skills/yss-cache/scripts/check-skill-freshness.sh"": ""所属仓 .agents/skills 权威目录 → update-skill-lock / sync-skills → 所属 CLI sync-template""}",[],"{"".agents/skills/yss-cache/scripts/check-skill-freshness.sh"": ""63618779f60200a278e35dff67fe0a8def5e73cb9762c8967d1d80e54171f3b7"", ""submodules/yss-harness-backend-agent/.agents/skills/yss-cache/scripts/check-skill-freshness.sh"": ""63618779f60200a278e35dff67fe0a8def5e73cb9762c8967d1d80e54171f3b7"", ""submodules/yss-harness-dev-agent/.agents/skills/yss-cache/scripts/check-skill-freshness.sh"": ""63618779f60200a278e35dff67fe0a8def5e73cb9762c8967d1d80e54171f3b7""}",[],,"[""submodules/create-yss-harness-dev/template/.agents/skills/yss-cache/scripts/check-skill-freshness.sh"", ""submodules/create-yss-spec/template/.agents/skills/yss-cache/scripts/check-skill-freshness.sh""]",0,0,logs/validation-after-recovery-0.stdout; runs.jsonl; final-refresh-results.json; distribution-results-corrected.json,采样维护入口调用频次、目录/输入规模后未取得应增加复杂度的独立热点证据；保留现实现。 未取得可绑定此 SHA 的 V8 加载样本；临时模块可能已随夹具清理，不能把缺少可绑定样本解释成线上零调用或性能正常。,V8 观察是维护夹具入口频次，非线上调用频率；未观察到的实现未作逐函数性能通过声明。输入尺度详见 report.md。
6450a72d66087ad3ea40dd4c52bf13b6399c8d5ba1c9c6ce91dab9537339d648,scripts/lib/maintenance-review-workflow.mjs,True,False,2,2,static-no-confirmed-hotspot,,词法/路径分类，未证明性能正常,按真实调用频率与输入规模采样；有证据再扩大分析,unknown-unless-candidate-explicitly-establishes-source,library,"{""process_spawn"": false, ""tree_io"": false, ""network"": false, ""mutation"": false, ""sleep"": false, ""loop"": true}",manual-candidate-or-automatic-classification-not-function-level-proof,测量后保留,"[""scripts/lib/maintenance-review-workflow.mjs""]","{""scripts/lib/maintenance-review-workflow.mjs"": ""本体脚本权威；通过本体 CLI manifest/sync-template 分发；入口由完整核验 profile 选择""}","[""scripts/evaluate-maintenance-review-round"", ""scripts/prepare-maintenance-review"", ""scripts/verify-maintenance-review-workflow-scenarios"", ""submodules/create-yss-spec/template/scripts/evaluate-maintenance-review-round"", ""submodules/create-yss-spec/template/scripts/prepare-maintenance-review"", ""submodules/create-yss-spec/template/scripts/verify-maintenance-review-workflow-scenarios""]","{""scripts/lib/maintenance-review-workflow.mjs"": ""6450a72d66087ad3ea40dd4c52bf13b6399c8d5ba1c9c6ce91dab9537339d648""}",[],,"[""submodules/create-yss-spec/template/scripts/lib/maintenance-review-workflow.mjs""]",1,105,logs/validation-after-recovery-0.stdout; runs.jsonl; final-refresh-results.json; distribution-results-corrected.json,采样维护入口调用频次、目录/输入规模后未取得应增加复杂度的独立热点证据；保留现实现。,V8 观察是维护夹具入口频次，非线上调用频率；未观察到的实现未作逐函数性能通过声明。输入尺度详见 report.md。
654b52b4c1b3983e3abfcf76ca4b63cee20886c24f5081694a8eba059847a7c3,submodules/yss-harness-dev-agent/scripts/lib/skill-supply-chain.mjs,True,False,2,2,candidate-caller,P04,命中候选函数/调用链；可能含字符串/注释，非独立瓶颈证明,沿实际调用链归因，见候选设计；不要据regex删除检查,unknown-unless-candidate-explicitly-establishes-source,library,"{""process_spawn"": true, ""tree_io"": true, ""network"": false, ""mutation"": true, ""sleep"": false, ""loop"": true}",manual-candidate-or-automatic-classification-not-function-level-proof,优化并验证,"[""submodules/yss-harness-dev-agent/scripts/lib/skill-supply-chain.mjs""]","{""submodules/yss-harness-dev-agent/scripts/lib/skill-supply-chain.mjs"": ""所属 Harness 持有 profile 变体；仅移植已核对的性能变更 → 所属 CLI sync-template""}","[""submodules/create-yss-harness-dev/template/scripts/audit-yss-backend-skills"", ""submodules/create-yss-harness-dev/template/scripts/generate-yss-skill-boundaries"", ""submodules/create-yss-harness-dev/template/scripts/lib/implementation-contract-compiler.mjs"", ""submodules/create-yss-harness-dev/template/scripts/lib/skill-registry.mjs"", ""submodules/create-yss-harness-dev/template/scripts/sync-skills"", ""submodules/create-yss-harness-dev/template/scripts/update-skill-lock"", ""submodules/create-yss-harness-dev/template/scripts/verify-retired-skill-ids"", ""submodules/create-yss-harness-dev/template/scripts/verify-upstream-skill-source"", ""submodules/yss-harness-dev-agent/scripts/audit-yss-backend-skills"", ""submodules/yss-harness-dev-agent/scripts/generate-yss-skill-boundaries"", ""submodules/yss-harness-dev-agent/scripts/lib/implementation-contract-compiler.mjs"", ""submodules/yss-harness-dev-agent/scripts/lib/skill-registry.mjs"", ""submodules/yss-harness-dev-agent/scripts/sync-skills"", ""submodules/yss-harness-dev-agent/scripts/update-skill-lock"", ""submodules/yss-harness-dev-agent/scripts/verify-retired-skill-ids"", ""submodules/yss-harness-dev-agent/scripts/verify-upstream-skill-source""]","{""submodules/yss-harness-dev-agent/scripts/lib/skill-supply-chain.mjs"": ""577d16d314262c20dee926404f9e02956ce7f6b968ae6cb6fe09466df0bb26a0""}","[""submodules/yss-harness-dev-agent/scripts/lib/skill-supply-chain.mjs""]",P04,"[""submodules/create-yss-harness-dev/template/scripts/lib/skill-supply-chain.mjs""]",0,0,logs/validation-after-recovery-0.stdout; runs.jsonl; final-refresh-results.json; distribution-results-corrected.json,权威实现或其受控 Harness 变体有本轮变更；验证以 Fresh Verification、相关场景和候选对照为依据，副本不冒充独立优化。,V8 观察是维护夹具入口频次，非线上调用频率；未观察到的实现未作逐函数性能通过声明。输入尺度详见 report.md。
65e1aac409e36af0fa6fba758730f91349ecde1932f200ab6e83d72b01630c1d,scripts/verify-implementation-path-scenarios,True,False,7,8,fixture-test-only,,断言/回归入口；是否启动真实环境需沿callee区分,隔离执行对应测试，区分mock/真实构建/外部资源,unknown-unless-candidate-explicitly-establishes-source,cli,"{""process_spawn"": false, ""tree_io"": false, ""network"": false, ""mutation"": false, ""sleep"": false, ""loop"": true}",manual-candidate-or-automatic-classification-not-function-level-proof,测量后保留,"[""scripts/verify-implementation-path-scenarios"", ""submodules/yss-harness-backend-agent/scripts/verify-implementation-path-scenarios"", ""submodules/yss-harness-design-agent/scripts/verify-implementation-path-scenarios"", ""submodules/yss-harness-dev-agent/scripts/verify-implementation-path-scenarios"", ""submodules/yss-harness-frontend-agent/scripts/verify-implementation-path-scenarios""]","{""scripts/verify-implementation-path-scenarios"": ""本体脚本权威；通过本体 CLI manifest/sync-template 分发；入口由完整核验 profile 选择"", ""submodules/yss-harness-backend-agent/scripts/verify-implementation-path-scenarios"": ""所属 Harness 持有 profile 变体；仅移植已核对的性能变更 → 所属 CLI sync-template"", ""submodules/yss-harness-design-agent/scripts/verify-implementation-path-scenarios"": ""所属 Harness 持有 profile 变体；仅移植已核对的性能变更 → 所属 CLI sync-template"", ""submodules/yss-harness-dev-agent/scripts/verify-implementation-path-scenarios"": ""所属 Harness 持有 profile 变体；仅移植已核对的性能变更 → 所属 CLI sync-template"", ""submodules/yss-harness-frontend-agent/scripts/verify-implementation-path-scenarios"": ""所属 Harness 持有 profile 变体；仅移植已核对的性能变更 → 所属 CLI sync-template""}","["".agents/skills/yss-mvc-scaffold-generator/scripts/lib/envelope.mjs"", ""scripts/verify-template-verification-scenarios"", ""submodules/create-yss-harness-dev/template/scripts/verify-template-verification-scenarios"", ""submodules/create-yss-spec/template/.agents/skills/yss-mvc-scaffold-generator/scripts/lib/envelope.mjs"", ""submodules/create-yss-spec/template/scripts/verify-template-verification-scenarios"", ""submodules/yss-harness-backend-agent/scripts/verify-template-verification-scenarios"", ""submodules/yss-harness-dev-agent/scripts/verify-template-verification-scenarios"", ""submodules/yss-harness-frontend-agent/scripts/verify-template-verification-scenarios""]","{""scripts/verify-implementation-path-scenarios"": ""65e1aac409e36af0fa6fba758730f91349ecde1932f200ab6e83d72b01630c1d"", ""submodules/yss-harness-backend-agent/scripts/verify-implementation-path-scenarios"": ""65e1aac409e36af0fa6fba758730f91349ecde1932f200ab6e83d72b01630c1d"", ""submodules/yss-harness-design-agent/scripts/verify-implementation-path-scenarios"": ""65e1aac409e36af0fa6fba758730f91349ecde1932f200ab6e83d72b01630c1d"", ""submodules/yss-harness-dev-agent/scripts/verify-implementation-path-scenarios"": ""65e1aac409e36af0fa6fba758730f91349ecde1932f200ab6e83d72b01630c1d"", ""submodules/yss-harness-frontend-agent/scripts/verify-implementation-path-scenarios"": ""65e1aac409e36af0fa6fba758730f91349ecde1932f200ab6e83d72b01630c1d""}",[],,"[""submodules/create-yss-harness-dev/template/scripts/verify-implementation-path-scenarios"", ""submodules/create-yss-spec/template/scripts/verify-implementation-path-scenarios""]",1,1,logs/validation-after-recovery-0.stdout; runs.jsonl; final-refresh-results.json; distribution-results-corrected.json,采样维护入口调用频次、目录/输入规模后未取得应增加复杂度的独立热点证据；保留现实现。,V8 观察是维护夹具入口频次，非线上调用频率；未观察到的实现未作逐函数性能通过声明。输入尺度详见 report.md。
65f96fec6b786374d2ffc341bd7e3c9e42bb6a850ebfba476c9fc574b7655ef4,scripts/lib/implementation-path-policy.mjs,True,False,7,8,static-no-confirmed-hotspot,,词法/路径分类，未证明性能正常,按真实调用频率与输入规模采样；有证据再扩大分析,unknown-unless-candidate-explicitly-establishes-source,library,"{""process_spawn"": false, ""tree_io"": false, ""network"": false, ""mutation"": false, ""sleep"": false, ""loop"": true}",manual-candidate-or-automatic-classification-not-function-level-proof,测量后保留,"[""scripts/lib/implementation-path-policy.mjs"", ""submodules/yss-harness-backend-agent/scripts/lib/implementation-path-policy.mjs"", ""submodules/yss-harness-design-agent/scripts/lib/implementation-path-policy.mjs"", ""submodules/yss-harness-dev-agent/scripts/lib/implementation-path-policy.mjs"", ""submodules/yss-harness-frontend-agent/scripts/lib/implementation-path-policy.mjs""]","{""scripts/lib/implementation-path-policy.mjs"": ""本体脚本权威；通过本体 CLI manifest/sync-template 分发；入口由完整核验 profile 选择"", ""submodules/yss-harness-backend-agent/scripts/lib/implementation-path-policy.mjs"": ""所属 Harness 持有 profile 变体；仅移植已核对的性能变更 → 所属 CLI sync-template"", ""submodules/yss-harness-design-agent/scripts/lib/implementation-path-policy.mjs"": ""所属 Harness 持有 profile 变体；仅移植已核对的性能变更 → 所属 CLI sync-template"", ""submodules/yss-harness-dev-agent/scripts/lib/implementation-path-policy.mjs"": ""所属 Harness 持有 profile 变体；仅移植已核对的性能变更 → 所属 CLI sync-template"", ""submodules/yss-harness-frontend-agent/scripts/lib/implementation-path-policy.mjs"": ""所属 Harness 持有 profile 变体；仅移植已核对的性能变更 → 所属 CLI sync-template""}","[""scripts/implementation-path-policy"", ""scripts/lib/repository-scope-policy.mjs"", ""scripts/verify-implementation-path-scenarios"", ""submodules/create-yss-harness-dev/template/scripts/implementation-path-policy"", ""submodules/create-yss-harness-dev/template/scripts/lib/repository-scope-policy.mjs"", ""submodules/create-yss-harness-dev/template/scripts/verify-implementation-path-scenarios"", ""submodules/create-yss-spec/template/scripts/implementation-path-policy"", ""submodules/create-yss-spec/template/scripts/lib/repository-scope-policy.mjs"", ""submodules/create-yss-spec/template/scripts/verify-implementation-path-scenarios"", ""submodules/yss-harness-backend-agent/scripts/implementation-path-policy"", ""submodules/yss-harness-backend-agent/scripts/lib/repository-scope-policy.mjs"", ""submodules/yss-harness-backend-agent/scripts/verify-implementation-path-scenarios"", ""submodules/yss-harness-design-agent/scripts/implementation-path-policy"", ""submodules/yss-harness-design-agent/scripts/lib/repository-scope-policy.mjs"", ""submodules/yss-harness-design-agent/scripts/verify-implementation-path-scenarios"", ""submodules/yss-harness-dev-agent/scripts/implementation-path-policy"", ""submodules/yss-harness-dev-agent/scripts/lib/repository-scope-policy.mjs"", ""submodules/yss-harness-dev-agent/scripts/verify-implementation-path-scenarios"", ""submodules/yss-harness-frontend-agent/scripts/implementation-path-policy"", ""submodules/yss-harness-frontend-agent/scripts/lib/repository-scope-policy.mjs"", ""submodules/yss-harness-frontend-agent/scripts/verify-implementation-path-scenarios""]","{""scripts/lib/implementation-path-policy.mjs"": ""65f96fec6b786374d2ffc341bd7e3c9e42bb6a850ebfba476c9fc574b7655ef4"", ""submodules/yss-harness-backend-agent/scripts/lib/implementation-path-policy.mjs"": ""65f96fec6b786374d2ffc341bd7e3c9e42bb6a850ebfba476c9fc574b7655ef4"", ""submodules/yss-harness-design-agent/scripts/lib/implementation-path-policy.mjs"": ""65f96fec6b786374d2ffc341bd7e3c9e42bb6a850ebfba476c9fc574b7655ef4"", ""submodules/yss-harness-dev-agent/scripts/lib/implementation-path-policy.mjs"": ""65f96fec6b786374d2ffc341bd7e3c9e42bb6a850ebfba476c9fc574b7655ef4"", ""submodules/yss-harness-frontend-agent/scripts/lib/implementation-path-policy.mjs"": ""65f96fec6b786374d2ffc341bd7e3c9e42bb6a850ebfba476c9fc574b7655ef4""}",[],,"[""submodules/create-yss-harness-dev/template/scripts/lib/implementation-path-policy.mjs"", ""submodules/create-yss-spec/template/scripts/lib/implementation-path-policy.mjs""]",42,216,logs/validation-after-recovery-0.stdout; runs.jsonl; final-refresh-results.json; distribution-results-corrected.json,采样维护入口调用频次、目录/输入规模后未取得应增加复杂度的独立热点证据；保留现实现。,V8 观察是维护夹具入口频次，非线上调用频率；未观察到的实现未作逐函数性能通过声明。输入尺度详见 report.md。
660ac33cc237b783260fffa6546358cf2ef61d70f68281871807ab75d6fc7729,scripts/verify-prototype-backend-scaffold-scenarios,True,False,7,8,fixture-test-only,,断言/回归入口；是否启动真实环境需沿callee区分,隔离执行对应测试，区分mock/真实构建/外部资源,unknown-unless-candidate-explicitly-establishes-source,wrapper,"{""process_spawn"": false, ""tree_io"": false, ""network"": false, ""mutation"": false, ""sleep"": false, ""loop"": false}",manual-candidate-or-automatic-classification-not-function-level-proof,测量后保留,"[""scripts/verify-prototype-backend-scaffold-scenarios"", ""submodules/yss-harness-backend-agent/scripts/verify-prototype-backend-scaffold-scenarios"", ""submodules/yss-harness-design-agent/scripts/verify-prototype-backend-scaffold-scenarios"", ""submodules/yss-harness-dev-agent/scripts/verify-prototype-backend-scaffold-scenarios"", ""submodules/yss-harness-frontend-agent/scripts/verify-prototype-backend-scaffold-scenarios""]","{""scripts/verify-prototype-backend-scaffold-scenarios"": ""本体脚本权威；通过本体 CLI manifest/sync-template 分发；入口由完整核验 profile 选择"", ""submodules/yss-harness-backend-agent/scripts/verify-prototype-backend-scaffold-scenarios"": ""所属 Harness 持有 profile 变体；仅移植已核对的性能变更 → 所属 CLI sync-template"", ""submodules/yss-harness-design-agent/scripts/verify-prototype-backend-scaffold-scenarios"": ""所属 Harness 持有 profile 变体；仅移植已核对的性能变更 → 所属 CLI sync-template"", ""submodules/yss-harness-dev-agent/scripts/verify-prototype-backend-scaffold-scenarios"": ""所属 Harness 持有 profile 变体；仅移植已核对的性能变更 → 所属 CLI sync-template"", ""submodules/yss-harness-frontend-agent/scripts/verify-prototype-backend-scaffold-scenarios"": ""所属 Harness 持有 profile 变体；仅移植已核对的性能变更 → 所属 CLI sync-template""}","[""scripts/verify-template-verification-scenarios"", ""submodules/create-yss-harness-dev/template/scripts/verify-template-verification-scenarios"", ""submodules/create-yss-spec/template/scripts/verify-template-verification-scenarios"", ""submodules/yss-harness-backend-agent/scripts/verify-template-verification-scenarios"", ""submodules/yss-harness-dev-agent/scripts/verify-template-verification-scenarios""]","{""scripts/verify-prototype-backend-scaffold-scenarios"": ""660ac33cc237b783260fffa6546358cf2ef61d70f68281871807ab75d6fc7729"", ""submodules/yss-harness-backend-agent/scripts/verify-prototype-backend-scaffold-scenarios"": ""660ac33cc237b783260fffa6546358cf2ef61d70f68281871807ab75d6fc7729"", ""submodules/yss-harness-design-agent/scripts/verify-prototype-backend-scaffold-scenarios"": ""660ac33cc237b783260fffa6546358cf2ef61d70f68281871807ab75d6fc7729"", ""submodules/yss-harness-dev-agent/scripts/verify-prototype-backend-scaffold-scenarios"": ""660ac33cc237b783260fffa6546358cf2ef61d70f68281871807ab75d6fc7729"", ""submodules/yss-harness-frontend-agent/scripts/verify-prototype-backend-scaffold-scenarios"": ""660ac33cc237b783260fffa6546358cf2ef61d70f68281871807ab75d6fc7729""}",[],,"[""submodules/create-yss-harness-dev/template/scripts/verify-prototype-backend-scaffold-scenarios"", ""submodules/create-yss-spec/template/scripts/verify-prototype-backend-scaffold-scenarios""]",1,1,logs/validation-after-recovery-0.stdout; runs.jsonl; final-refresh-results.json; distribution-results-corrected.json,采样维护入口调用频次、目录/输入规模后未取得应增加复杂度的独立热点证据；保留现实现。,V8 观察是维护夹具入口频次，非线上调用频率；未观察到的实现未作逐函数性能通过声明。输入尺度详见 report.md。
671a1c19d324361f3ca60b754c97eca6bca83c25077c83d4cfbc94ee174f20fa,scripts/verify-strategic-context-import-scenarios,True,False,8,8,fixture-test-only,,断言/回归入口；是否启动真实环境需沿callee区分,隔离执行对应测试，区分mock/真实构建/外部资源,unknown-unless-candidate-explicitly-establishes-source,cli,"{""process_spawn"": true, ""tree_io"": true, ""network"": false, ""mutation"": true, ""sleep"": false, ""loop"": true}",manual-candidate-or-automatic-classification-not-function-level-proof,测量后保留,"[""scripts/verify-strategic-context-import-scenarios""]","{""scripts/verify-strategic-context-import-scenarios"": ""本体脚本权威；通过本体 CLI manifest/sync-template 分发；入口由完整核验 profile 选择""}","[""scripts/sync-strategic-handoff-tools"", ""scripts/verify-template-verification-scenarios"", ""submodules/create-yss-spec/template/scripts/sync-strategic-handoff-tools"", ""submodules/create-yss-spec/template/scripts/verify-template-verification-scenarios""]","{""scripts/verify-strategic-context-import-scenarios"": ""671a1c19d324361f3ca60b754c97eca6bca83c25077c83d4cfbc94ee174f20fa""}",[],,"[""submodules/create-yss-harness-dev/template/scripts/verify-strategic-context-import-scenarios"", ""submodules/create-yss-spec/template/scripts/verify-strategic-context-import-scenarios"", ""submodules/create-yss-strategic-design/template/scripts/verify-strategic-context-import-scenarios"", ""submodules/yss-harness-backend-agent/scripts/verify-strategic-context-import-scenarios"", ""submodules/yss-harness-design-agent/scripts/verify-strategic-context-import-scenarios"", ""submodules/yss-harness-dev-agent/scripts/verify-strategic-context-import-scenarios"", ""submodules/yss-harness-frontend-agent/scripts/verify-strategic-context-import-scenarios""]",1,20,logs/validation-after-recovery-0.stdout; runs.jsonl; final-refresh-results.json; distribution-results-corrected.json,采样维护入口调用频次、目录/输入规模后未取得应增加复杂度的独立热点证据；保留现实现。,V8 观察是维护夹具入口频次，非线上调用频率；未观察到的实现未作逐函数性能通过声明。输入尺度详见 report.md。
68e96b006e3f2c856c1cde796798f593520d69980b5ce2fec73441acf874f6d3,submodules/yss-harness-dev-agent/scripts/verify-digital-human-roles-scenarios,True,False,2,2,fixture-test-only,,断言/回归入口；是否启动真实环境需沿callee区分,隔离执行对应测试，区分mock/真实构建/外部资源,unknown-unless-candidate-explicitly-establishes-source,cli,"{""process_spawn"": false, ""tree_io"": false, ""network"": false, ""mutation"": false, ""sleep"": false, ""loop"": true}",manual-candidate-or-automatic-classification-not-function-level-proof,测量后保留,"[""submodules/yss-harness-dev-agent/scripts/verify-digital-human-roles-scenarios""]","{""submodules/yss-harness-dev-agent/scripts/verify-digital-human-roles-scenarios"": ""所属 Harness 持有 profile 变体；仅移植已核对的性能变更 → 所属 CLI sync-template""}","[""submodules/create-yss-harness-dev/template/scripts/verify-template-verification-scenarios"", ""submodules/yss-harness-dev-agent/scripts/verify-template-verification-scenarios""]","{""submodules/yss-harness-dev-agent/scripts/verify-digital-human-roles-scenarios"": ""68e96b006e3f2c856c1cde796798f593520d69980b5ce2fec73441acf874f6d3""}",[],,"[""submodules/create-yss-harness-dev/template/scripts/verify-digital-human-roles-scenarios""]",0,0,logs/validation-after-recovery-0.stdout; runs.jsonl; final-refresh-results.json; distribution-results-corrected.json,采样维护入口调用频次、目录/输入规模后未取得应增加复杂度的独立热点证据；保留现实现。 未取得可绑定此 SHA 的 V8 加载样本；临时模块可能已随夹具清理，不能把缺少可绑定样本解释成线上零调用或性能正常。,V8 观察是维护夹具入口频次，非线上调用频率；未观察到的实现未作逐函数性能通过声明。输入尺度详见 report.md。
6a3f6465a5b65c630aa5041d5f6d28e70015b2ce27ae29499971077bcb3236ae,scripts/backend-delivery,True,False,8,8,wrapper-follow-callee,,短包装/重导出入口；主要成本落在callee,计入口启动开销并追踪实际callee，保留兼容入口,unknown-unless-candidate-explicitly-establishes-source,wrapper,"{""process_spawn"": false, ""tree_io"": false, ""network"": false, ""mutation"": false, ""sleep"": false, ""loop"": false}",manual-candidate-or-automatic-classification-not-function-level-proof,测量后保留,"[""scripts/backend-delivery""]","{""scripts/backend-delivery"": ""本体脚本权威；通过本体 CLI manifest/sync-template 分发；入口由完整核验 profile 选择""}","[""scripts/sync-strategic-handoff-tools"", ""submodules/create-yss-spec/template/scripts/sync-strategic-handoff-tools""]","{""scripts/backend-delivery"": ""6a3f6465a5b65c630aa5041d5f6d28e70015b2ce27ae29499971077bcb3236ae""}",[],,"[""submodules/create-yss-harness-dev/template/scripts/backend-delivery"", ""submodules/create-yss-spec/template/scripts/backend-delivery"", ""submodules/create-yss-strategic-design/template/scripts/backend-delivery"", ""submodules/yss-harness-backend-agent/scripts/backend-delivery"", ""submodules/yss-harness-design-agent/scripts/backend-delivery"", ""submodules/yss-harness-dev-agent/scripts/backend-delivery"", ""submodules/yss-harness-frontend-agent/scripts/backend-delivery""]",0,0,logs/validation-after-recovery-0.stdout; runs.jsonl; final-refresh-results.json; distribution-results-corrected.json,采样维护入口调用频次、目录/输入规模后未取得应增加复杂度的独立热点证据；保留现实现。 未取得可绑定此 SHA 的 V8 加载样本；临时模块可能已随夹具清理，不能把缺少可绑定样本解释成线上零调用或性能正常。,V8 观察是维护夹具入口频次，非线上调用频率；未观察到的实现未作逐函数性能通过声明。输入尺度详见 report.md。
6aacc853625af347ca980505b6b5eb2161bacd0da513fd8d833434443f33c50d,scripts/lib/maintenance-intensity.mjs,True,False,2,2,static-no-confirmed-hotspot,,词法/路径分类，未证明性能正常,按真实调用频率与输入规模采样；有证据再扩大分析,unknown-unless-candidate-explicitly-establishes-source,library,"{""process_spawn"": false, ""tree_io"": false, ""network"": false, ""mutation"": false, ""sleep"": false, ""loop"": true}",manual-candidate-or-automatic-classification-not-function-level-proof,测量后保留,"[""scripts/lib/maintenance-intensity.mjs""]","{""scripts/lib/maintenance-intensity.mjs"": ""本体脚本权威；通过本体 CLI manifest/sync-template 分发；入口由完整核验 profile 选择""}","[""scripts/evaluate-maintenance-review-round"", ""scripts/lib/maintenance-review-workflow.mjs"", ""scripts/lib/task-package.mjs"", ""scripts/verify-maintenance-checkpoint"", ""scripts/verify-maintenance-intensity-scenarios"", ""submodules/create-yss-spec/template/scripts/evaluate-maintenance-review-round"", ""submodules/create-yss-spec/template/scripts/lib/maintenance-review-workflow.mjs"", ""submodules/create-yss-spec/template/scripts/lib/task-package.mjs"", ""submodules/create-yss-spec/template/scripts/verify-maintenance-checkpoint"", ""submodules/create-yss-spec/template/scripts/verify-maintenance-intensity-scenarios""]","{""scripts/lib/maintenance-intensity.mjs"": ""6aacc853625af347ca980505b6b5eb2161bacd0da513fd8d833434443f33c50d""}",[],,"[""submodules/create-yss-spec/template/scripts/lib/maintenance-intensity.mjs""]",11,2664,logs/validation-after-recovery-0.stdout; runs.jsonl; final-refresh-results.json; distribution-results-corrected.json,采样维护入口调用频次、目录/输入规模后未取得应增加复杂度的独立热点证据；保留现实现。,V8 观察是维护夹具入口频次，非线上调用频率；未观察到的实现未作逐函数性能通过声明。输入尺度详见 report.md。
6ba2858f09bdd0c1d47e1d20b809c01136ff180a3e0974e295da220e31944813,scripts/verify-context-reconciliation-scenarios,True,False,4,4,fixture-test-only,,断言/回归入口；是否启动真实环境需沿callee区分,隔离执行对应测试，区分mock/真实构建/外部资源,unknown-unless-candidate-explicitly-establishes-source,cli,"{""process_spawn"": true, ""tree_io"": true, ""network"": false, ""mutation"": true, ""sleep"": false, ""loop"": false}",manual-candidate-or-automatic-classification-not-function-level-proof,测量后保留,"[""scripts/verify-context-reconciliation-scenarios"", ""submodules/yss-harness-design-agent/scripts/verify-context-reconciliation-scenarios""]","{""scripts/verify-context-reconciliation-scenarios"": ""本体脚本权威；通过本体 CLI manifest/sync-template 分发；入口由完整核验 profile 选择"", ""submodules/yss-harness-design-agent/scripts/verify-context-reconciliation-scenarios"": ""所属 Harness 持有 profile 变体；仅移植已核对的性能变更 → 所属 CLI sync-template""}","[""scripts/verify-grill-with-docs-context-scenarios"", ""scripts/verify-template-verification-scenarios"", ""submodules/create-yss-spec/template/scripts/verify-grill-with-docs-context-scenarios"", ""submodules/create-yss-spec/template/scripts/verify-template-verification-scenarios"", ""submodules/create-yss-strategic-design/template/scripts/verify-grill-with-docs-context-scenarios"", ""submodules/create-yss-strategic-design/template/scripts/verify-template-verification-scenarios"", ""submodules/yss-harness-design-agent/scripts/verify-grill-with-docs-context-scenarios"", ""submodules/yss-harness-design-agent/scripts/verify-template-verification-scenarios""]","{""scripts/verify-context-reconciliation-scenarios"": ""6ba2858f09bdd0c1d47e1d20b809c01136ff180a3e0974e295da220e31944813"", ""submodules/yss-harness-design-agent/scripts/verify-context-reconciliation-scenarios"": ""6ba2858f09bdd0c1d47e1d20b809c01136ff180a3e0974e295da220e31944813""}",[],,"[""submodules/create-yss-spec/template/scripts/verify-context-reconciliation-scenarios"", ""submodules/create-yss-strategic-design/template/scripts/verify-context-reconciliation-scenarios""]",2,40,logs/validation-after-recovery-0.stdout; runs.jsonl; final-refresh-results.json; distribution-results-corrected.json,采样维护入口调用频次、目录/输入规模后未取得应增加复杂度的独立热点证据；保留现实现。,V8 观察是维护夹具入口频次，非线上调用频率；未观察到的实现未作逐函数性能通过声明。输入尺度详见 report.md。
6ca558ab69ae618a387d29f3505e28e540dc312bdbbf86372a3e5fcecb07159e,scripts/verify-frontend-implementation-evidence-scenarios,True,False,5,5,fixture-test-only,,断言/回归入口；是否启动真实环境需沿callee区分,隔离执行对应测试，区分mock/真实构建/外部资源,unknown-unless-candidate-explicitly-establishes-source,cli,"{""process_spawn"": true, ""tree_io"": true, ""network"": false, ""mutation"": true, ""sleep"": false, ""loop"": true}",manual-candidate-or-automatic-classification-not-function-level-proof,测量后保留,"[""scripts/verify-frontend-implementation-evidence-scenarios"", ""submodules/yss-harness-dev-agent/scripts/verify-frontend-implementation-evidence-scenarios"", ""submodules/yss-harness-frontend-agent/scripts/verify-frontend-implementation-evidence-scenarios""]","{""scripts/verify-frontend-implementation-evidence-scenarios"": ""本体脚本权威；通过本体 CLI manifest/sync-template 分发；入口由完整核验 profile 选择"", ""submodules/yss-harness-dev-agent/scripts/verify-frontend-implementation-evidence-scenarios"": ""所属 Harness 持有 profile 变体；仅移植已核对的性能变更 → 所属 CLI sync-template"", ""submodules/yss-harness-frontend-agent/scripts/verify-frontend-implementation-evidence-scenarios"": ""所属 Harness 持有 profile 变体；仅移植已核对的性能变更 → 所属 CLI sync-template""}",[],"{""scripts/verify-frontend-implementation-evidence-scenarios"": ""6ca558ab69ae618a387d29f3505e28e540dc312bdbbf86372a3e5fcecb07159e"", ""submodules/yss-harness-dev-agent/scripts/verify-frontend-implementation-evidence-scenarios"": ""6ca558ab69ae618a387d29f3505e28e540dc312bdbbf86372a3e5fcecb07159e"", ""submodules/yss-harness-frontend-agent/scripts/verify-frontend-implementation-evidence-scenarios"": ""6ca558ab69ae618a387d29f3505e28e540dc312bdbbf86372a3e5fcecb07159e""}",[],,"[""submodules/create-yss-harness-dev/template/scripts/verify-frontend-implementation-evidence-scenarios"", ""submodules/create-yss-spec/template/scripts/verify-frontend-implementation-evidence-scenarios""]",1,29,logs/validation-after-recovery-0.stdout; runs.jsonl; final-refresh-results.json; distribution-results-corrected.json,采样维护入口调用频次、目录/输入规模后未取得应增加复杂度的独立热点证据；保留现实现。,V8 观察是维护夹具入口频次，非线上调用频率；未观察到的实现未作逐函数性能通过声明。输入尺度详见 report.md。
6caa36c906e6b1c10e9e63c036849d4dad41137d4b3ee52ec936decadff28ea1,.agents/skills/llm-wiki/scripts/extract.mjs,True,False,8,34,static-no-confirmed-hotspot,,已核对本地manifest/wiki读取与hash，非默认Plan流转；按wiki页面/文件规模再采样,只读源码抽样核对；隔离真实输入计时；若关联候选则采用其验证设计,unknown-unless-candidate-explicitly-establishes-source,cli,"{""process_spawn"": false, ""tree_io"": true, ""network"": false, ""mutation"": true, ""sleep"": false, ""loop"": true}",manual-candidate-or-automatic-classification-not-function-level-proof,测量后保留,"["".agents/skills/llm-wiki/scripts/extract.mjs"", ""submodules/yss-harness-backend-agent/.agents/skills/llm-wiki/scripts/extract.mjs"", ""submodules/yss-harness-design-agent/.agents/skills/llm-wiki/scripts/extract.mjs"", ""submodules/yss-harness-dev-agent/.agents/skills/llm-wiki/scripts/extract.mjs"", ""submodules/yss-harness-frontend-agent/.agents/skills/llm-wiki/scripts/extract.mjs""]","{"".agents/skills/llm-wiki/scripts/extract.mjs"": ""所属仓 .agents/skills 权威目录 → update-skill-lock / sync-skills → 所属 CLI sync-template"", ""submodules/yss-harness-backend-agent/.agents/skills/llm-wiki/scripts/extract.mjs"": ""所属仓 .agents/skills 权威目录 → update-skill-lock / sync-skills → 所属 CLI sync-template"", ""submodules/yss-harness-design-agent/.agents/skills/llm-wiki/scripts/extract.mjs"": ""所属仓 .agents/skills 权威目录 → update-skill-lock / sync-skills → 所属 CLI sync-template"", ""submodules/yss-harness-dev-agent/.agents/skills/llm-wiki/scripts/extract.mjs"": ""所属仓 .agents/skills 权威目录 → update-skill-lock / sync-skills → 所属 CLI sync-template"", ""submodules/yss-harness-frontend-agent/.agents/skills/llm-wiki/scripts/extract.mjs"": ""所属仓 .agents/skills 权威目录 → update-skill-lock / sync-skills → 所属 CLI sync-template""}","["".agents/skills/llm-wiki/scripts/extract.test.mjs"", "".agents/skills/llm-wiki/scripts/lint-wikilinks.mjs"", ""submodules/create-yss-harness-dev/template/.agents/skills/llm-wiki/scripts/extract.test.mjs"", ""submodules/create-yss-harness-dev/template/.agents/skills/llm-wiki/scripts/lint-wikilinks.mjs"", ""submodules/create-yss-spec/template/.agents/skills/llm-wiki/scripts/extract.test.mjs"", ""submodules/create-yss-spec/template/.agents/skills/llm-wiki/scripts/lint-wikilinks.mjs"", ""submodules/create-yss-strategic-design/template/.agents/skills/llm-wiki/scripts/extract.test.mjs"", ""submodules/create-yss-strategic-design/template/.agents/skills/llm-wiki/scripts/lint-wikilinks.mjs"", ""submodules/yss-harness-backend-agent/.agents/skills/llm-wiki/scripts/extract.test.mjs"", ""submodules/yss-harness-backend-agent/.agents/skills/llm-wiki/scripts/lint-wikilinks.mjs"", ""submodules/yss-harness-design-agent/.agents/skills/llm-wiki/scripts/extract.test.mjs"", ""submodules/yss-harness-design-agent/.agents/skills/llm-wiki/scripts/lint-wikilinks.mjs"", ""submodules/yss-harness-dev-agent/.agents/skills/llm-wiki/scripts/extract.test.mjs"", ""submodules/yss-harness-dev-agent/.agents/skills/llm-wiki/scripts/lint-wikilinks.mjs"", ""submodules/yss-harness-frontend-agent/.agents/skills/llm-wiki/scripts/extract.test.mjs"", ""submodules/yss-harness-frontend-agent/.agents/skills/llm-wiki/scripts/lint-wikilinks.mjs""]","{"".agents/skills/llm-wiki/scripts/extract.mjs"": ""6caa36c906e6b1c10e9e63c036849d4dad41137d4b3ee52ec936decadff28ea1"", ""submodules/yss-harness-backend-agent/.agents/skills/llm-wiki/scripts/extract.mjs"": ""6caa36c906e6b1c10e9e63c036849d4dad41137d4b3ee52ec936decadff28ea1"", ""submodules/yss-harness-design-agent/.agents/skills/llm-wiki/scripts/extract.mjs"": ""6caa36c906e6b1c10e9e63c036849d4dad41137d4b3ee52ec936decadff28ea1"", ""submodules/yss-harness-dev-agent/.agents/skills/llm-wiki/scripts/extract.mjs"": ""6caa36c906e6b1c10e9e63c036849d4dad41137d4b3ee52ec936decadff28ea1"", ""submodules/yss-harness-frontend-agent/.agents/skills/llm-wiki/scripts/extract.mjs"": ""6caa36c906e6b1c10e9e63c036849d4dad41137d4b3ee52ec936decadff28ea1""}",[],,"[""submodules/create-yss-harness-dev/template/.agents/skills/llm-wiki/scripts/extract.mjs"", ""submodules/create-yss-spec/template/.agents/skills/llm-wiki/scripts/extract.mjs"", ""submodules/create-yss-strategic-design/template/.agents/skills/llm-wiki/scripts/extract.mjs""]",0,0,logs/validation-after-recovery-0.stdout; runs.jsonl; final-refresh-results.json; distribution-results-corrected.json,采样维护入口调用频次、目录/输入规模后未取得应增加复杂度的独立热点证据；保留现实现。 未取得可绑定此 SHA 的 V8 加载样本；临时模块可能已随夹具清理，不能把缺少可绑定样本解释成线上零调用或性能正常。,V8 观察是维护夹具入口频次，非线上调用频率；未观察到的实现未作逐函数性能通过声明。输入尺度详见 report.md。
6e473f3d36cf49c95c556ef978912191f6fce39eb6d0cdbe0801e91fc6b84bba,scripts/verify-upstream-skill-source,True,False,2,2,candidate-caller,P04,命中候选函数/调用链；可能含字符串/注释，非独立瓶颈证明,沿实际调用链归因，见候选设计；不要据regex删除检查,unknown-unless-candidate-explicitly-establishes-source,cli,"{""process_spawn"": true, ""tree_io"": false, ""network"": false, ""mutation"": false, ""sleep"": false, ""loop"": true}",manual-candidate-or-automatic-classification-not-function-level-proof,测量后保留,"[""scripts/verify-upstream-skill-source""]","{""scripts/verify-upstream-skill-source"": ""本体脚本权威；通过本体 CLI manifest/sync-template 分发；入口由完整核验 profile 选择""}","[""scripts/verify-upstream-skill-source"", ""submodules/create-yss-spec/template/scripts/verify-upstream-skill-source""]","{""scripts/verify-upstream-skill-source"": ""6e473f3d36cf49c95c556ef978912191f6fce39eb6d0cdbe0801e91fc6b84bba""}",[],P04,"[""submodules/create-yss-spec/template/scripts/verify-upstream-skill-source""]",1,4,logs/validation-after-recovery-0.stdout; runs.jsonl; final-refresh-results.json; distribution-results-corrected.json,采样维护入口调用频次、目录/输入规模后未取得应增加复杂度的独立热点证据；保留现实现。,V8 观察是维护夹具入口频次，非线上调用频率；未观察到的实现未作逐函数性能通过声明。输入尺度详见 report.md。
70363505a005b13a01d61e72916d29e6a17a7087f8592ee8828c19e39ad70449,.agents/skills/yss-mvc-data-analysis-project-initializer/scripts/generate_project.mjs,True,False,2,8,static-no-confirmed-hotspot,,词法/路径分类，未证明性能正常,按真实调用频率与输入规模采样；有证据再扩大分析,unknown-unless-candidate-explicitly-establishes-source,cli,"{""process_spawn"": true, ""tree_io"": true, ""network"": false, ""mutation"": true, ""sleep"": false, ""loop"": true}",manual-candidate-or-automatic-classification-not-function-level-proof,测量后保留,"["".agents/skills/yss-mvc-data-analysis-project-initializer/scripts/generate_project.mjs""]","{"".agents/skills/yss-mvc-data-analysis-project-initializer/scripts/generate_project.mjs"": ""所属仓 .agents/skills 权威目录 → update-skill-lock / sync-skills → 所属 CLI sync-template""}",[],"{"".agents/skills/yss-mvc-data-analysis-project-initializer/scripts/generate_project.mjs"": ""70363505a005b13a01d61e72916d29e6a17a7087f8592ee8828c19e39ad70449""}",[],,"[""submodules/create-yss-spec/template/.agents/skills/yss-mvc-data-analysis-project-initializer/scripts/generate_project.mjs""]",1,19,logs/validation-after-recovery-0.stdout; runs.jsonl; final-refresh-results.json; distribution-results-corrected.json,采样维护入口调用频次、目录/输入规模后未取得应增加复杂度的独立热点证据；保留现实现。,V8 观察是维护夹具入口频次，非线上调用频率；未观察到的实现未作逐函数性能通过声明。输入尺度详见 report.md。
710b60827bfd5127fdc4e3d9fe77e729ba0ee79a53ff4b194a329f09a8588f11,scripts/verify-lifecycle-registry,True,False,8,9,wrapper-follow-callee,,短包装/重导出入口；主要成本落在callee,计入口启动开销并追踪实际callee，保留兼容入口,unknown-unless-candidate-explicitly-establishes-source,wrapper,"{""process_spawn"": false, ""tree_io"": false, ""network"": false, ""mutation"": false, ""sleep"": false, ""loop"": false}",manual-candidate-or-automatic-classification-not-function-level-proof,测量后保留,"[""scripts/verify-lifecycle-registry"", ""submodules/yss-harness-backend-agent/scripts/verify-lifecycle-registry"", ""submodules/yss-harness-design-agent/scripts/verify-lifecycle-registry"", ""submodules/yss-harness-dev-agent/scripts/verify-lifecycle-registry"", ""submodules/yss-harness-frontend-agent/scripts/verify-lifecycle-registry""]","{""scripts/verify-lifecycle-registry"": ""本体脚本权威；通过本体 CLI manifest/sync-template 分发；入口由完整核验 profile 选择"", ""submodules/yss-harness-backend-agent/scripts/verify-lifecycle-registry"": ""所属 Harness 持有 profile 变体；仅移植已核对的性能变更 → 所属 CLI sync-template"", ""submodules/yss-harness-design-agent/scripts/verify-lifecycle-registry"": ""所属 Harness 持有 profile 变体；仅移植已核对的性能变更 → 所属 CLI sync-template"", ""submodules/yss-harness-dev-agent/scripts/verify-lifecycle-registry"": ""所属 Harness 持有 profile 变体；仅移植已核对的性能变更 → 所属 CLI sync-template"", ""submodules/yss-harness-frontend-agent/scripts/verify-lifecycle-registry"": ""所属 Harness 持有 profile 变体；仅移植已核对的性能变更 → 所属 CLI sync-template""}","["".agents/skills/yss-mvc-scaffold-generator/scripts/lib/envelope.mjs"", ""scripts/lib/scenario-checks.mjs"", ""scripts/verify-template-verification-scenarios"", ""submodules/create-yss-harness-dev/template/scripts/lib/scenario-checks.mjs"", ""submodules/create-yss-harness-dev/template/scripts/verify-template-verification-scenarios"", ""submodules/create-yss-spec/template/.agents/skills/yss-mvc-scaffold-generator/scripts/lib/envelope.mjs"", ""submodules/create-yss-spec/template/scripts/lib/scenario-checks.mjs"", ""submodules/create-yss-spec/template/scripts/verify-template-verification-scenarios"", ""submodules/create-yss-strategic-design/template/scripts/lib/scenario-checks.mjs"", ""submodules/create-yss-strategic-design/template/scripts/verify-template-verification-scenarios"", ""submodules/yss-harness-backend-agent/scripts/lib/scenario-checks.mjs"", ""submodules/yss-harness-backend-agent/scripts/verify-template-verification-scenarios"", ""submodules/yss-harness-design-agent/scripts/lib/scenario-checks.mjs"", ""submodules/yss-harness-design-agent/scripts/verify-template-verification-scenarios"", ""submodules/yss-harness-dev-agent/scripts/lib/scenario-checks.mjs"", ""submodules/yss-harness-dev-agent/scripts/verify-template-verification-scenarios"", ""submodules/yss-harness-frontend-agent/scripts/lib/scenario-checks.mjs"", ""submodules/yss-harness-frontend-agent/scripts/verify-template-verification-scenarios""]","{""scripts/verify-lifecycle-registry"": ""710b60827bfd5127fdc4e3d9fe77e729ba0ee79a53ff4b194a329f09a8588f11"", ""submodules/yss-harness-backend-agent/scripts/verify-lifecycle-registry"": ""710b60827bfd5127fdc4e3d9fe77e729ba0ee79a53ff4b194a329f09a8588f11"", ""submodules/yss-harness-design-agent/scripts/verify-lifecycle-registry"": ""710b60827bfd5127fdc4e3d9fe77e729ba0ee79a53ff4b194a329f09a8588f11"", ""submodules/yss-harness-dev-agent/scripts/verify-lifecycle-registry"": ""710b60827bfd5127fdc4e3d9fe77e729ba0ee79a53ff4b194a329f09a8588f11"", ""submodules/yss-harness-frontend-agent/scripts/verify-lifecycle-registry"": ""710b60827bfd5127fdc4e3d9fe77e729ba0ee79a53ff4b194a329f09a8588f11""}",[],,"[""submodules/create-yss-harness-dev/template/scripts/verify-lifecycle-registry"", ""submodules/create-yss-spec/template/scripts/verify-lifecycle-registry"", ""submodules/create-yss-strategic-design/template/scripts/verify-lifecycle-registry""]",2,2,logs/validation-after-recovery-0.stdout; runs.jsonl; final-refresh-results.json; distribution-results-corrected.json,采样维护入口调用频次、目录/输入规模后未取得应增加复杂度的独立热点证据；保留现实现。,V8 观察是维护夹具入口频次，非线上调用频率；未观察到的实现未作逐函数性能通过声明。输入尺度详见 report.md。
726a86004b4bb7a38a670c81dc0b1d115411732e418688b698b1f7d4d900e180,scripts/lib/strategic-handoff-zip.py,True,False,8,8,candidate-caller,P09,Python ZIP打包遍历属于交接包链，需包规模fixture,只读源码抽样核对；隔离真实输入计时；若关联候选则采用其验证设计,unknown-unless-candidate-explicitly-establishes-source,library,"{""process_spawn"": false, ""tree_io"": true, ""network"": false, ""mutation"": true, ""sleep"": false, ""loop"": true}",manual-candidate-or-automatic-classification-not-function-level-proof,测量后保留,"[""scripts/lib/strategic-handoff-zip.py""]","{""scripts/lib/strategic-handoff-zip.py"": ""本体共享工具 → sync-strategic-handoff-tools → 四 Harness（backend wire import 适配）→ CLI 快照""}","[""scripts/lib/strategic-handoff-io.mjs"", ""submodules/create-yss-harness-dev/template/scripts/lib/strategic-handoff-io.mjs"", ""submodules/create-yss-spec/template/scripts/lib/strategic-handoff-io.mjs"", ""submodules/create-yss-strategic-design/template/scripts/lib/strategic-handoff-io.mjs"", ""submodules/yss-harness-backend-agent/scripts/lib/strategic-handoff-io.mjs"", ""submodules/yss-harness-design-agent/scripts/lib/strategic-handoff-io.mjs"", ""submodules/yss-harness-dev-agent/scripts/lib/strategic-handoff-io.mjs"", ""submodules/yss-harness-frontend-agent/scripts/lib/strategic-handoff-io.mjs""]","{""scripts/lib/strategic-handoff-zip.py"": ""726a86004b4bb7a38a670c81dc0b1d115411732e418688b698b1f7d4d900e180""}",[],P09,"[""submodules/create-yss-harness-dev/template/scripts/lib/strategic-handoff-zip.py"", ""submodules/create-yss-spec/template/scripts/lib/strategic-handoff-zip.py"", ""submodules/create-yss-strategic-design/template/scripts/lib/strategic-handoff-zip.py"", ""submodules/yss-harness-backend-agent/scripts/lib/strategic-handoff-zip.py"", ""submodules/yss-harness-design-agent/scripts/lib/strategic-handoff-zip.py"", ""submodules/yss-harness-dev-agent/scripts/lib/strategic-handoff-zip.py"", ""submodules/yss-harness-frontend-agent/scripts/lib/strategic-handoff-zip.py""]",0,0,logs/validation-after-recovery-0.stdout; runs.jsonl; final-refresh-results.json; distribution-results-corrected.json,采样维护入口调用频次、目录/输入规模后未取得应增加复杂度的独立热点证据；保留现实现。 未取得可绑定此 SHA 的 V8 加载样本；临时模块可能已随夹具清理，不能把缺少可绑定样本解释成线上零调用或性能正常。,V8 观察是维护夹具入口频次，非线上调用频率；未观察到的实现未作逐函数性能通过声明。输入尺度详见 report.md。
7300e80351af79bdf5ecf5efc3975f6dd187a21a3b08b729d6b5cf243f97bec8,scripts/lib/digital-human-roles.mjs,True,False,2,2,static-no-confirmed-hotspot,,词法/路径分类，未证明性能正常,按真实调用频率与输入规模采样；有证据再扩大分析,unknown-unless-candidate-explicitly-establishes-source,library,"{""process_spawn"": false, ""tree_io"": false, ""network"": false, ""mutation"": false, ""sleep"": false, ""loop"": true}",manual-candidate-or-automatic-classification-not-function-level-proof,测量后保留,"[""scripts/lib/digital-human-roles.mjs""]","{""scripts/lib/digital-human-roles.mjs"": ""本体脚本权威；通过本体 CLI manifest/sync-template 分发；入口由完整核验 profile 选择""}","[""scripts/fixtures/strategic-handoff/fixture.mjs"", ""scripts/lib/approval-record.mjs"", ""scripts/lib/strategic-handoff.mjs"", ""scripts/lib/task-package.mjs"", ""scripts/lib/user-decision.mjs"", ""scripts/verify-digital-human-roles"", ""scripts/verify-digital-human-roles-scenarios"", ""scripts/verify-plan-spec-entry-scenarios"", ""scripts/verify-user-decision-scenarios"", ""submodules/create-yss-spec/template/scripts/fixtures/strategic-handoff/fixture.mjs"", ""submodules/create-yss-spec/template/scripts/lib/approval-record.mjs"", ""submodules/create-yss-spec/template/scripts/lib/strategic-handoff.mjs"", ""submodules/create-yss-spec/template/scripts/lib/task-package.mjs"", ""submodules/create-yss-spec/template/scripts/lib/user-decision.mjs"", ""submodules/create-yss-spec/template/scripts/verify-digital-human-roles"", ""submodules/create-yss-spec/template/scripts/verify-digital-human-roles-scenarios"", ""submodules/create-yss-spec/template/scripts/verify-plan-spec-entry-scenarios"", ""submodules/create-yss-spec/template/scripts/verify-user-decision-scenarios""]","{""scripts/lib/digital-human-roles.mjs"": ""7300e80351af79bdf5ecf5efc3975f6dd187a21a3b08b729d6b5cf243f97bec8""}",[],,"[""submodules/create-yss-spec/template/scripts/lib/digital-human-roles.mjs""]",100,23816,logs/validation-after-recovery-0.stdout; runs.jsonl; final-refresh-results.json; distribution-results-corrected.json,采样维护入口调用频次、目录/输入规模后未取得应增加复杂度的独立热点证据；保留现实现。,V8 观察是维护夹具入口频次，非线上调用频率；未观察到的实现未作逐函数性能通过声明。输入尺度详见 report.md。
73c2372c73b9315ee8f99e3e140d4d9810b6e4c520384e739f9147ba470d839c,.agents/skills/yss-mvc-scaffold-generator/scripts/generate_project.test.mjs,True,False,2,8,fixture-test-only,,断言/回归入口；是否启动真实环境需沿callee区分,隔离执行对应测试，区分mock/真实构建/外部资源,unknown-unless-candidate-explicitly-establishes-source,test,"{""process_spawn"": true, ""tree_io"": false, ""network"": false, ""mutation"": false, ""sleep"": false, ""loop"": false}",manual-candidate-or-automatic-classification-not-function-level-proof,测量后保留,"["".agents/skills/yss-mvc-scaffold-generator/scripts/generate_project.test.mjs""]","{"".agents/skills/yss-mvc-scaffold-generator/scripts/generate_project.test.mjs"": ""所属仓 .agents/skills 权威目录 → update-skill-lock / sync-skills → 所属 CLI sync-template""}",[],"{"".agents/skills/yss-mvc-scaffold-generator/scripts/generate_project.test.mjs"": ""73c2372c73b9315ee8f99e3e140d4d9810b6e4c520384e739f9147ba470d839c""}",[],,"[""submodules/create-yss-spec/template/.agents/skills/yss-mvc-scaffold-generator/scripts/generate_project.test.mjs""]",0,0,logs/validation-after-recovery-0.stdout; runs.jsonl; final-refresh-results.json; distribution-results-corrected.json,采样维护入口调用频次、目录/输入规模后未取得应增加复杂度的独立热点证据；保留现实现。 未取得可绑定此 SHA 的 V8 加载样本；临时模块可能已随夹具清理，不能把缺少可绑定样本解释成线上零调用或性能正常。,V8 观察是维护夹具入口频次，非线上调用频率；未观察到的实现未作逐函数性能通过声明。输入尺度详见 report.md。
741dac101b4ae976e52c327ce0d69b967f7ef32795fd6964cbb9790e451aa44e,submodules/yss-harness-design-agent/scripts/lib/entry-alignment.mjs,True,False,2,2,static-no-confirmed-hotspot,,词法/路径分类，未证明性能正常,按真实调用频率与输入规模采样；有证据再扩大分析,unknown-unless-candidate-explicitly-establishes-source,library,"{""process_spawn"": false, ""tree_io"": false, ""network"": false, ""mutation"": false, ""sleep"": false, ""loop"": true}",manual-candidate-or-automatic-classification-not-function-level-proof,测量后保留,"[""submodules/yss-harness-design-agent/scripts/lib/entry-alignment.mjs""]","{""submodules/yss-harness-design-agent/scripts/lib/entry-alignment.mjs"": ""所属 Harness 持有 profile 变体；仅移植已核对的性能变更 → 所属 CLI sync-template""}","[""submodules/create-yss-strategic-design/template/scripts/verify-entry-alignment"", ""submodules/yss-harness-design-agent/scripts/verify-entry-alignment""]","{""submodules/yss-harness-design-agent/scripts/lib/entry-alignment.mjs"": ""741dac101b4ae976e52c327ce0d69b967f7ef32795fd6964cbb9790e451aa44e""}",[],,"[""submodules/create-yss-strategic-design/template/scripts/lib/entry-alignment.mjs""]",0,0,logs/validation-after-recovery-0.stdout; runs.jsonl; final-refresh-results.json; distribution-results-corrected.json,采样维护入口调用频次、目录/输入规模后未取得应增加复杂度的独立热点证据；保留现实现。 未取得可绑定此 SHA 的 V8 加载样本；临时模块可能已随夹具清理，不能把缺少可绑定样本解释成线上零调用或性能正常。,V8 观察是维护夹具入口频次，非线上调用频率；未观察到的实现未作逐函数性能通过声明。输入尺度详见 report.md。
7457404853cdbeaefd42dcf1069c34559d28a2dbfa5a9639d8959aa6c78b3034,submodules/yss-harness-backend-agent/scripts/verify-instance-distribution-scenarios,True,False,2,2,fixture-test-only,,断言/回归入口；是否启动真实环境需沿callee区分,隔离执行对应测试，区分mock/真实构建/外部资源,unknown-unless-candidate-explicitly-establishes-source,wrapper,"{""process_spawn"": false, ""tree_io"": false, ""network"": false, ""mutation"": false, ""sleep"": false, ""loop"": false}",manual-candidate-or-automatic-classification-not-function-level-proof,测量后保留,"[""submodules/yss-harness-backend-agent/scripts/verify-instance-distribution-scenarios"", ""submodules/yss-harness-frontend-agent/scripts/verify-instance-distribution-scenarios""]","{""submodules/yss-harness-backend-agent/scripts/verify-instance-distribution-scenarios"": ""所属 Harness 持有 profile 变体；仅移植已核对的性能变更 → 所属 CLI sync-template"", ""submodules/yss-harness-frontend-agent/scripts/verify-instance-distribution-scenarios"": ""所属 Harness 持有 profile 变体；仅移植已核对的性能变更 → 所属 CLI sync-template""}","[""submodules/yss-harness-backend-agent/scripts/verify-template-verification-scenarios"", ""submodules/yss-harness-frontend-agent/scripts/verify-template-verification-scenarios""]","{""submodules/yss-harness-backend-agent/scripts/verify-instance-distribution-scenarios"": ""7457404853cdbeaefd42dcf1069c34559d28a2dbfa5a9639d8959aa6c78b3034"", ""submodules/yss-harness-frontend-agent/scripts/verify-instance-distribution-scenarios"": ""7457404853cdbeaefd42dcf1069c34559d28a2dbfa5a9639d8959aa6c78b3034""}",[],,[],0,0,logs/validation-after-recovery-0.stdout; runs.jsonl; final-refresh-results.json; distribution-results-corrected.json,采样维护入口调用频次、目录/输入规模后未取得应增加复杂度的独立热点证据；保留现实现。 未取得可绑定此 SHA 的 V8 加载样本；临时模块可能已随夹具清理，不能把缺少可绑定样本解释成线上零调用或性能正常。,V8 观察是维护夹具入口频次，非线上调用频率；未观察到的实现未作逐函数性能通过声明。输入尺度详见 report.md。
75ce78ebff9ba6a32b2ec17389b4f53167541080a83e49b36bccb7dd4d6a7cc7,submodules/yss-harness-design-agent/scripts/verify-frontend-implementation-evidence,True,False,1,2,candidate-caller,P01,命中候选函数/调用链；可能含字符串/注释，非独立瓶颈证明,沿实际调用链归因，见候选设计；不要据regex删除检查,unknown-unless-candidate-explicitly-establishes-source,cli,"{""process_spawn"": true, ""tree_io"": false, ""network"": false, ""mutation"": false, ""sleep"": false, ""loop"": true}",manual-candidate-or-automatic-classification-not-function-level-proof,测量后保留,"[""submodules/yss-harness-design-agent/scripts/verify-frontend-implementation-evidence""]","{""submodules/yss-harness-design-agent/scripts/verify-frontend-implementation-evidence"": ""所属 Harness 持有 profile 变体；仅移植已核对的性能变更 → 所属 CLI sync-template""}","[""submodules/yss-harness-design-agent/scripts/verify-frontend-implementation-evidence""]","{""submodules/yss-harness-design-agent/scripts/verify-frontend-implementation-evidence"": ""75ce78ebff9ba6a32b2ec17389b4f53167541080a83e49b36bccb7dd4d6a7cc7""}",[],P01,[],0,0,logs/validation-after-recovery-0.stdout; runs.jsonl; final-refresh-results.json; distribution-results-corrected.json,采样维护入口调用频次、目录/输入规模后未取得应增加复杂度的独立热点证据；保留现实现。 未取得可绑定此 SHA 的 V8 加载样本；临时模块可能已随夹具清理，不能把缺少可绑定样本解释成线上零调用或性能正常。,V8 观察是维护夹具入口频次，非线上调用频率；未观察到的实现未作逐函数性能通过声明。输入尺度详见 report.md。
76d9158cf80e8d1f5b0f66a60f3e9bd392df88234b0d96ed468cd9efee5c0c8e,scripts/verify-template-verification-scenarios,True,False,2,2,fixture-test-only,,断言/回归入口；是否启动真实环境需沿callee区分,隔离执行对应测试，区分mock/真实构建/外部资源,unknown-unless-candidate-explicitly-establishes-source,cli,"{""process_spawn"": false, ""tree_io"": false, ""network"": false, ""mutation"": false, ""sleep"": false, ""loop"": false}",manual-candidate-or-automatic-classification-not-function-level-proof,测量后保留,"[""scripts/verify-template-verification-scenarios""]","{""scripts/verify-template-verification-scenarios"": ""本体脚本权威；通过本体 CLI manifest/sync-template 分发；入口由完整核验 profile 选择""}","[""scripts/verify-template-verification-scenarios"", ""submodules/create-yss-spec/template/scripts/verify-template-verification-scenarios""]","{""scripts/verify-template-verification-scenarios"": ""76d9158cf80e8d1f5b0f66a60f3e9bd392df88234b0d96ed468cd9efee5c0c8e""}",[],,"[""submodules/create-yss-spec/template/scripts/verify-template-verification-scenarios""]",1,124,logs/validation-after-recovery-0.stdout; runs.jsonl; final-refresh-results.json; distribution-results-corrected.json,采样维护入口调用频次、目录/输入规模后未取得应增加复杂度的独立热点证据；保留现实现。,V8 观察是维护夹具入口频次，非线上调用频率；未观察到的实现未作逐函数性能通过声明。输入尺度详见 report.md。
77e4b7142baaac22b6ea3d64dbf8202d1e724b6cf20611251c3bb290d7b3e511,submodules/yss-harness-dev-agent/.agents/skills/yss-skill-source-index-refresh/scripts/refresh-yss-skill-index.mjs,True,False,3,9,external-runtime-needs-input,,可能外部访问/更新入口，需具体参数与本地注入fixture,本轮不触发真实外部动作；区分cache/timeout与服务耗时,unknown-unless-candidate-explicitly-establishes-source,cli,"{""process_spawn"": true, ""tree_io"": true, ""network"": true, ""mutation"": true, ""sleep"": false, ""loop"": true}",manual-candidate-or-automatic-classification-not-function-level-proof,外部环境待验证,"[""submodules/yss-harness-backend-agent/.agents/skills/yss-skill-source-index-refresh/scripts/refresh-yss-skill-index.mjs"", ""submodules/yss-harness-dev-agent/.agents/skills/yss-skill-source-index-refresh/scripts/refresh-yss-skill-index.mjs""]","{""submodules/yss-harness-backend-agent/.agents/skills/yss-skill-source-index-refresh/scripts/refresh-yss-skill-index.mjs"": ""所属仓 .agents/skills 权威目录 → update-skill-lock / sync-skills → 所属 CLI sync-template"", ""submodules/yss-harness-dev-agent/.agents/skills/yss-skill-source-index-refresh/scripts/refresh-yss-skill-index.mjs"": ""所属仓 .agents/skills 权威目录 → update-skill-lock / sync-skills → 所属 CLI sync-template""}","[""submodules/create-yss-harness-dev/template/.agents/skills/yss-skill-source-index-refresh/scripts/refresh-yss-skill-index.test.mjs"", ""submodules/yss-harness-backend-agent/.agents/skills/yss-skill-source-index-refresh/scripts/refresh-yss-skill-index.test.mjs"", ""submodules/yss-harness-dev-agent/.agents/skills/yss-skill-source-index-refresh/scripts/refresh-yss-skill-index.test.mjs""]","{""submodules/yss-harness-backend-agent/.agents/skills/yss-skill-source-index-refresh/scripts/refresh-yss-skill-index.mjs"": ""77e4b7142baaac22b6ea3d64dbf8202d1e724b6cf20611251c3bb290d7b3e511"", ""submodules/yss-harness-dev-agent/.agents/skills/yss-skill-source-index-refresh/scripts/refresh-yss-skill-index.mjs"": ""77e4b7142baaac22b6ea3d64dbf8202d1e724b6cf20611251c3bb290d7b3e511""}",[],,"[""submodules/create-yss-harness-dev/template/.agents/skills/yss-skill-source-index-refresh/scripts/refresh-yss-skill-index.mjs""]",0,0,logs/validation-after-recovery-0.stdout; runs.jsonl; final-refresh-results.json; distribution-results-corrected.json,本轮只执行维护夹具；真实依赖、实际工程、远端网络或显式 self-update 缺少已选真实环境，不把 mock 用时算作外部收益。,V8 观察是维护夹具入口频次，非线上调用频率；未观察到的实现未作逐函数性能通过声明。输入尺度详见 report.md。
7814198ab6395201f9da61e911cab14d9fe53c8f9886dc74b69ffbbbb40f61f4,submodules/yss-harness-design-agent/scripts/verify-instance-distribution,True,False,2,2,wrapper-follow-callee,,短包装/重导出入口；主要成本落在callee,计入口启动开销并追踪实际callee，保留兼容入口,unknown-unless-candidate-explicitly-establishes-source,wrapper,"{""process_spawn"": false, ""tree_io"": false, ""network"": false, ""mutation"": false, ""sleep"": false, ""loop"": true}",manual-candidate-or-automatic-classification-not-function-level-proof,测量后保留,"[""submodules/yss-harness-design-agent/scripts/verify-instance-distribution""]","{""submodules/yss-harness-design-agent/scripts/verify-instance-distribution"": ""所属 Harness 持有 profile 变体；仅移植已核对的性能变更 → 所属 CLI sync-template""}","[""submodules/create-yss-strategic-design/template/scripts/verify-template-verification-scenarios"", ""submodules/yss-harness-design-agent/scripts/verify-template-verification-scenarios""]","{""submodules/yss-harness-design-agent/scripts/verify-instance-distribution"": ""7814198ab6395201f9da61e911cab14d9fe53c8f9886dc74b69ffbbbb40f61f4""}",[],,"[""submodules/create-yss-strategic-design/template/scripts/verify-instance-distribution""]",0,0,logs/validation-after-recovery-0.stdout; runs.jsonl; final-refresh-results.json; distribution-results-corrected.json,采样维护入口调用频次、目录/输入规模后未取得应增加复杂度的独立热点证据；保留现实现。 未取得可绑定此 SHA 的 V8 加载样本；临时模块可能已随夹具清理，不能把缺少可绑定样本解释成线上零调用或性能正常。,V8 观察是维护夹具入口频次，非线上调用频率；未观察到的实现未作逐函数性能通过声明。输入尺度详见 report.md。
7b081288e5831a7e8dd550d302980226b0ef62d7c766531db760ea9b5551b895,.agents/skills/yss-skill-source-index-refresh/scripts/refresh-yss-skill-index.test.mjs,True,False,2,8,fixture-test-only,,断言/回归入口；是否启动真实环境需沿callee区分,隔离执行对应测试，区分mock/真实构建/外部资源,unknown-unless-candidate-explicitly-establishes-source,test,"{""process_spawn"": true, ""tree_io"": true, ""network"": false, ""mutation"": true, ""sleep"": false, ""loop"": true}",manual-candidate-or-automatic-classification-not-function-level-proof,测量后保留,"["".agents/skills/yss-skill-source-index-refresh/scripts/refresh-yss-skill-index.test.mjs""]","{"".agents/skills/yss-skill-source-index-refresh/scripts/refresh-yss-skill-index.test.mjs"": ""所属仓 .agents/skills 权威目录 → update-skill-lock / sync-skills → 所属 CLI sync-template""}",[],"{"".agents/skills/yss-skill-source-index-refresh/scripts/refresh-yss-skill-index.test.mjs"": ""7b081288e5831a7e8dd550d302980226b0ef62d7c766531db760ea9b5551b895""}",[],,"[""submodules/create-yss-spec/template/.agents/skills/yss-skill-source-index-refresh/scripts/refresh-yss-skill-index.test.mjs""]",1,5,logs/validation-after-recovery-0.stdout; runs.jsonl; final-refresh-results.json; distribution-results-corrected.json,采样维护入口调用频次、目录/输入规模后未取得应增加复杂度的独立热点证据；保留现实现。,V8 观察是维护夹具入口频次，非线上调用频率；未观察到的实现未作逐函数性能通过声明。输入尺度详见 report.md。
7baec65eff92b9daf7d76e09bda59e63f598cff34e25ea39148348df3976dada,submodules/yss-harness-dev-agent/scripts/lib/maintenance-review.mjs,True,False,4,5,candidate-caller,P01,命中候选函数/调用链；可能含字符串/注释，非独立瓶颈证明,沿实际调用链归因，见候选设计；不要据regex删除检查,unknown-unless-candidate-explicitly-establishes-source,library,"{""process_spawn"": false, ""tree_io"": false, ""network"": false, ""mutation"": false, ""sleep"": false, ""loop"": true}",manual-candidate-or-automatic-classification-not-function-level-proof,测量后保留,"[""submodules/yss-harness-backend-agent/scripts/lib/maintenance-review.mjs"", ""submodules/yss-harness-dev-agent/scripts/lib/maintenance-review.mjs"", ""submodules/yss-harness-frontend-agent/scripts/lib/maintenance-review.mjs""]","{""submodules/yss-harness-backend-agent/scripts/lib/maintenance-review.mjs"": ""所属 Harness 持有 profile 变体；仅移植已核对的性能变更 → 所属 CLI sync-template"", ""submodules/yss-harness-dev-agent/scripts/lib/maintenance-review.mjs"": ""所属 Harness 持有 profile 变体；仅移植已核对的性能变更 → 所属 CLI sync-template"", ""submodules/yss-harness-frontend-agent/scripts/lib/maintenance-review.mjs"": ""所属 Harness 持有 profile 变体；仅移植已核对的性能变更 → 所属 CLI sync-template""}","[""submodules/create-yss-harness-dev/template/scripts/lib/maintenance-intensity.mjs"", ""submodules/create-yss-harness-dev/template/scripts/verify-maintenance-intensity-scenarios"", ""submodules/create-yss-harness-dev/template/scripts/verify-maintenance-review-record"", ""submodules/yss-harness-backend-agent/scripts/lib/maintenance-intensity.mjs"", ""submodules/yss-harness-backend-agent/scripts/verify-maintenance-intensity-scenarios"", ""submodules/yss-harness-backend-agent/scripts/verify-maintenance-review-record"", ""submodules/yss-harness-dev-agent/scripts/lib/maintenance-intensity.mjs"", ""submodules/yss-harness-dev-agent/scripts/verify-maintenance-intensity-scenarios"", ""submodules/yss-harness-dev-agent/scripts/verify-maintenance-review-record"", ""submodules/yss-harness-frontend-agent/scripts/lib/maintenance-intensity.mjs"", ""submodules/yss-harness-frontend-agent/scripts/verify-maintenance-intensity-scenarios"", ""submodules/yss-harness-frontend-agent/scripts/verify-maintenance-review-record""]","{""submodules/yss-harness-backend-agent/scripts/lib/maintenance-review.mjs"": ""7baec65eff92b9daf7d76e09bda59e63f598cff34e25ea39148348df3976dada"", ""submodules/yss-harness-dev-agent/scripts/lib/maintenance-review.mjs"": ""7baec65eff92b9daf7d76e09bda59e63f598cff34e25ea39148348df3976dada"", ""submodules/yss-harness-frontend-agent/scripts/lib/maintenance-review.mjs"": ""7baec65eff92b9daf7d76e09bda59e63f598cff34e25ea39148348df3976dada""}",[],P01,"[""submodules/create-yss-harness-dev/template/scripts/lib/maintenance-review.mjs""]",0,0,logs/validation-after-recovery-0.stdout; runs.jsonl; final-refresh-results.json; distribution-results-corrected.json,采样维护入口调用频次、目录/输入规模后未取得应增加复杂度的独立热点证据；保留现实现。 未取得可绑定此 SHA 的 V8 加载样本；临时模块可能已随夹具清理，不能把缺少可绑定样本解释成线上零调用或性能正常。,V8 观察是维护夹具入口频次，非线上调用频率；未观察到的实现未作逐函数性能通过声明。输入尺度详见 report.md。
7c5d34c5fa2e08fcd0b42e33a0f3b4685fcecf3ac88f1ed820528df8fdc46cbc,.agents/skills/archify/scripts/update-contract.mjs,True,False,6,26,external-runtime-needs-input,,可能外部访问/更新入口，需具体参数与本地注入fixture,本轮不触发真实外部动作；区分cache/timeout与服务耗时,unknown-unless-candidate-explicitly-establishes-source,cli,"{""process_spawn"": true, ""tree_io"": false, ""network"": true, ""mutation"": false, ""sleep"": false, ""loop"": true}",manual-candidate-or-automatic-classification-not-function-level-proof,外部环境待验证,"["".agents/skills/archify/scripts/update-contract.mjs"", ""submodules/yss-harness-backend-agent/.agents/skills/archify/scripts/update-contract.mjs"", ""submodules/yss-harness-dev-agent/.agents/skills/archify/scripts/update-contract.mjs"", ""submodules/yss-harness-frontend-agent/.agents/skills/archify/scripts/update-contract.mjs""]","{"".agents/skills/archify/scripts/update-contract.mjs"": ""所属仓 .agents/skills 权威目录 → update-skill-lock / sync-skills → 所属 CLI sync-template"", ""submodules/yss-harness-backend-agent/.agents/skills/archify/scripts/update-contract.mjs"": ""所属仓 .agents/skills 权威目录 → update-skill-lock / sync-skills → 所属 CLI sync-template"", ""submodules/yss-harness-dev-agent/.agents/skills/archify/scripts/update-contract.mjs"": ""所属仓 .agents/skills 权威目录 → update-skill-lock / sync-skills → 所属 CLI sync-template"", ""submodules/yss-harness-frontend-agent/.agents/skills/archify/scripts/update-contract.mjs"": ""所属仓 .agents/skills 权威目录 → update-skill-lock / sync-skills → 所属 CLI sync-template""}","["".agents/skills/archify/scripts/check-update.mjs"", ""submodules/create-yss-harness-dev/template/.agents/skills/archify/scripts/check-update.mjs"", ""submodules/create-yss-spec/template/.agents/skills/archify/scripts/check-update.mjs"", ""submodules/yss-harness-backend-agent/.agents/skills/archify/scripts/check-update.mjs"", ""submodules/yss-harness-dev-agent/.agents/skills/archify/scripts/check-update.mjs"", ""submodules/yss-harness-frontend-agent/.agents/skills/archify/scripts/check-update.mjs""]","{"".agents/skills/archify/scripts/update-contract.mjs"": ""7c5d34c5fa2e08fcd0b42e33a0f3b4685fcecf3ac88f1ed820528df8fdc46cbc"", ""submodules/yss-harness-backend-agent/.agents/skills/archify/scripts/update-contract.mjs"": ""7c5d34c5fa2e08fcd0b42e33a0f3b4685fcecf3ac88f1ed820528df8fdc46cbc"", ""submodules/yss-harness-dev-agent/.agents/skills/archify/scripts/update-contract.mjs"": ""7c5d34c5fa2e08fcd0b42e33a0f3b4685fcecf3ac88f1ed820528df8fdc46cbc"", ""submodules/yss-harness-frontend-agent/.agents/skills/archify/scripts/update-contract.mjs"": ""7c5d34c5fa2e08fcd0b42e33a0f3b4685fcecf3ac88f1ed820528df8fdc46cbc""}",[],,"[""submodules/create-yss-harness-dev/template/.agents/skills/archify/scripts/update-contract.mjs"", ""submodules/create-yss-spec/template/.agents/skills/archify/scripts/update-contract.mjs""]",0,0,logs/validation-after-recovery-0.stdout; runs.jsonl; final-refresh-results.json; distribution-results-corrected.json,本轮只执行维护夹具；真实依赖、实际工程、远端网络或显式 self-update 缺少已选真实环境，不把 mock 用时算作外部收益。,V8 观察是维护夹具入口频次，非线上调用频率；未观察到的实现未作逐函数性能通过声明。输入尺度详见 report.md。
7c710d287ebc1f2d60b05651cd8fdc58fcb1afc0627e756d08cd09bffee10218,.agents/skills/yss-stage-decision/scripts/migrate-context-references.mjs,True,False,4,16,candidate-caller,P02,命中候选函数/调用链；可能含字符串/注释，非独立瓶颈证明,沿实际调用链归因，见候选设计；不要据regex删除检查,unknown-unless-candidate-explicitly-establishes-source,cli,"{""process_spawn"": false, ""tree_io"": false, ""network"": false, ""mutation"": false, ""sleep"": false, ""loop"": false}",manual-candidate-or-automatic-classification-not-function-level-proof,测量后保留,"["".agents/skills/yss-stage-decision/scripts/migrate-context-references.mjs"", ""submodules/yss-harness-design-agent/.agents/skills/yss-stage-decision/scripts/migrate-context-references.mjs""]","{"".agents/skills/yss-stage-decision/scripts/migrate-context-references.mjs"": ""所属仓 .agents/skills 权威目录 → update-skill-lock / sync-skills → 所属 CLI sync-template"", ""submodules/yss-harness-design-agent/.agents/skills/yss-stage-decision/scripts/migrate-context-references.mjs"": ""所属仓 .agents/skills 权威目录 → update-skill-lock / sync-skills → 所属 CLI sync-template""}",[],"{"".agents/skills/yss-stage-decision/scripts/migrate-context-references.mjs"": ""7c710d287ebc1f2d60b05651cd8fdc58fcb1afc0627e756d08cd09bffee10218"", ""submodules/yss-harness-design-agent/.agents/skills/yss-stage-decision/scripts/migrate-context-references.mjs"": ""7c710d287ebc1f2d60b05651cd8fdc58fcb1afc0627e756d08cd09bffee10218""}",[],P02,"[""submodules/create-yss-spec/template/.agents/skills/yss-stage-decision/scripts/migrate-context-references.mjs"", ""submodules/create-yss-strategic-design/template/.agents/skills/yss-stage-decision/scripts/migrate-context-references.mjs""]",0,0,logs/validation-after-recovery-0.stdout; runs.jsonl; final-refresh-results.json; distribution-results-corrected.json,采样维护入口调用频次、目录/输入规模后未取得应增加复杂度的独立热点证据；保留现实现。 未取得可绑定此 SHA 的 V8 加载样本；临时模块可能已随夹具清理，不能把缺少可绑定样本解释成线上零调用或性能正常。,V8 观察是维护夹具入口频次，非线上调用频率；未观察到的实现未作逐函数性能通过声明。输入尺度详见 report.md。
7c7f47b35a55754fd85468c5e1cfc467bb2e1b9dd5c683dd60172844882b1970,.agents/skills/archify/scripts/check-update.mjs,True,False,6,26,candidate-caller,P11,命中候选函数/调用链；可能含字符串/注释，非独立瓶颈证明,沿实际调用链归因，见候选设计；不要据regex删除检查,unknown-unless-candidate-explicitly-establishes-source,cli,"{""process_spawn"": true, ""tree_io"": true, ""network"": false, ""mutation"": true, ""sleep"": true, ""loop"": true}",manual-candidate-or-automatic-classification-not-function-level-proof,测量后保留,"["".agents/skills/archify/scripts/check-update.mjs"", ""submodules/yss-harness-backend-agent/.agents/skills/archify/scripts/check-update.mjs"", ""submodules/yss-harness-dev-agent/.agents/skills/archify/scripts/check-update.mjs"", ""submodules/yss-harness-frontend-agent/.agents/skills/archify/scripts/check-update.mjs""]","{"".agents/skills/archify/scripts/check-update.mjs"": ""所属仓 .agents/skills 权威目录 → update-skill-lock / sync-skills → 所属 CLI sync-template"", ""submodules/yss-harness-backend-agent/.agents/skills/archify/scripts/check-update.mjs"": ""所属仓 .agents/skills 权威目录 → update-skill-lock / sync-skills → 所属 CLI sync-template"", ""submodules/yss-harness-dev-agent/.agents/skills/archify/scripts/check-update.mjs"": ""所属仓 .agents/skills 权威目录 → update-skill-lock / sync-skills → 所属 CLI sync-template"", ""submodules/yss-harness-frontend-agent/.agents/skills/archify/scripts/check-update.mjs"": ""所属仓 .agents/skills 权威目录 → update-skill-lock / sync-skills → 所属 CLI sync-template""}",[],"{"".agents/skills/archify/scripts/check-update.mjs"": ""7c7f47b35a55754fd85468c5e1cfc467bb2e1b9dd5c683dd60172844882b1970"", ""submodules/yss-harness-backend-agent/.agents/skills/archify/scripts/check-update.mjs"": ""7c7f47b35a55754fd85468c5e1cfc467bb2e1b9dd5c683dd60172844882b1970"", ""submodules/yss-harness-dev-agent/.agents/skills/archify/scripts/check-update.mjs"": ""7c7f47b35a55754fd85468c5e1cfc467bb2e1b9dd5c683dd60172844882b1970"", ""submodules/yss-harness-frontend-agent/.agents/skills/archify/scripts/check-update.mjs"": ""7c7f47b35a55754fd85468c5e1cfc467bb2e1b9dd5c683dd60172844882b1970""}",[],P11,"[""submodules/create-yss-harness-dev/template/.agents/skills/archify/scripts/check-update.mjs"", ""submodules/create-yss-spec/template/.agents/skills/archify/scripts/check-update.mjs""]",0,0,logs/validation-after-recovery-0.stdout; runs.jsonl; final-refresh-results.json; distribution-results-corrected.json,采样维护入口调用频次、目录/输入规模后未取得应增加复杂度的独立热点证据；保留现实现。 未取得可绑定此 SHA 的 V8 加载样本；临时模块可能已随夹具清理，不能把缺少可绑定样本解释成线上零调用或性能正常。,V8 观察是维护夹具入口频次，非线上调用频率；未观察到的实现未作逐函数性能通过声明。输入尺度详见 report.md。
7cd0186d3dfec29f0f219790f4e283adb114647e47a396f8b26f9d3f8434d070,scripts/sync-strategic-handoff-tools,True,False,2,2,candidate,"P02,P09",直接引用源码已人工核对,见关联候选验证设计,unknown-unless-candidate-explicitly-establishes-source,cli,"{""process_spawn"": false, ""tree_io"": true, ""network"": false, ""mutation"": true, ""sleep"": false, ""loop"": true}",manual-candidate-or-automatic-classification-not-function-level-proof,优化并验证,"[""scripts/sync-strategic-handoff-tools""]","{""scripts/sync-strategic-handoff-tools"": ""本体脚本权威；通过本体 CLI manifest/sync-template 分发；入口由完整核验 profile 选择""}",[],"{""scripts/sync-strategic-handoff-tools"": ""81cbc27d41c28f02bdb7c1e4e53627999f78d9b82e3403951cc991def5760a6a""}","[""scripts/sync-strategic-handoff-tools""]",P02;P09,"[""submodules/create-yss-spec/template/scripts/sync-strategic-handoff-tools""]",0,0,logs/validation-after-recovery-0.stdout; runs.jsonl; final-refresh-results.json; distribution-results-corrected.json,权威实现或其受控 Harness 变体有本轮变更；验证以 Fresh Verification、相关场景和候选对照为依据，副本不冒充独立优化。,V8 观察是维护夹具入口频次，非线上调用频率；未观察到的实现未作逐函数性能通过声明。输入尺度详见 report.md。
7d7d23d09bb86ad55ff159dc648ed1f1be51649a9a503fae80a724590c0d15bd,scripts/verify-governance-release,True,False,7,8,static-no-confirmed-hotspot,,词法/路径分类，未证明性能正常,按真实调用频率与输入规模采样；有证据再扩大分析,unknown-unless-candidate-explicitly-establishes-source,cli,"{""process_spawn"": false, ""tree_io"": true, ""network"": false, ""mutation"": false, ""sleep"": false, ""loop"": true}",manual-candidate-or-automatic-classification-not-function-level-proof,测量后保留,"[""scripts/verify-governance-release"", ""submodules/yss-harness-backend-agent/scripts/verify-governance-release"", ""submodules/yss-harness-design-agent/scripts/verify-governance-release"", ""submodules/yss-harness-dev-agent/scripts/verify-governance-release"", ""submodules/yss-harness-frontend-agent/scripts/verify-governance-release""]","{""scripts/verify-governance-release"": ""本体脚本权威；通过本体 CLI manifest/sync-template 分发；入口由完整核验 profile 选择"", ""submodules/yss-harness-backend-agent/scripts/verify-governance-release"": ""所属 Harness 持有 profile 变体；仅移植已核对的性能变更 → 所属 CLI sync-template"", ""submodules/yss-harness-design-agent/scripts/verify-governance-release"": ""所属 Harness 持有 profile 变体；仅移植已核对的性能变更 → 所属 CLI sync-template"", ""submodules/yss-harness-dev-agent/scripts/verify-governance-release"": ""所属 Harness 持有 profile 变体；仅移植已核对的性能变更 → 所属 CLI sync-template"", ""submodules/yss-harness-frontend-agent/scripts/verify-governance-release"": ""所属 Harness 持有 profile 变体；仅移植已核对的性能变更 → 所属 CLI sync-template""}","[""scripts/verify-template-verification-scenarios"", ""submodules/create-yss-harness-dev/template/scripts/verify-template-verification-scenarios"", ""submodules/create-yss-spec/template/scripts/verify-template-verification-scenarios"", ""submodules/yss-harness-backend-agent/scripts/verify-template-verification-scenarios"", ""submodules/yss-harness-dev-agent/scripts/verify-template-verification-scenarios"", ""submodules/yss-harness-frontend-agent/scripts/verify-template-verification-scenarios""]","{""scripts/verify-governance-release"": ""7d7d23d09bb86ad55ff159dc648ed1f1be51649a9a503fae80a724590c0d15bd"", ""submodules/yss-harness-backend-agent/scripts/verify-governance-release"": ""7d7d23d09bb86ad55ff159dc648ed1f1be51649a9a503fae80a724590c0d15bd"", ""submodules/yss-harness-design-agent/scripts/verify-governance-release"": ""7d7d23d09bb86ad55ff159dc648ed1f1be51649a9a503fae80a724590c0d15bd"", ""submodules/yss-harness-dev-agent/scripts/verify-governance-release"": ""7d7d23d09bb86ad55ff159dc648ed1f1be51649a9a503fae80a724590c0d15bd"", ""submodules/yss-harness-frontend-agent/scripts/verify-governance-release"": ""7d7d23d09bb86ad55ff159dc648ed1f1be51649a9a503fae80a724590c0d15bd""}",[],,"[""submodules/create-yss-harness-dev/template/scripts/verify-governance-release"", ""submodules/create-yss-spec/template/scripts/verify-governance-release""]",1,5,logs/validation-after-recovery-0.stdout; runs.jsonl; final-refresh-results.json; distribution-results-corrected.json,采样维护入口调用频次、目录/输入规模后未取得应增加复杂度的独立热点证据；保留现实现。,V8 观察是维护夹具入口频次，非线上调用频率；未观察到的实现未作逐函数性能通过声明。输入尺度详见 report.md。
7fc5f3d0a5976131cb5213695b6d47e40f2af7d33bba0df7cad6c6f91880f0bc,submodules/yss-harness-backend-agent/scripts/lib/harness-profile.mjs,True,False,1,1,static-no-confirmed-hotspot,,词法/路径分类，未证明性能正常,按真实调用频率与输入规模采样；有证据再扩大分析,unknown-unless-candidate-explicitly-establishes-source,library,"{""process_spawn"": false, ""tree_io"": false, ""network"": false, ""mutation"": false, ""sleep"": false, ""loop"": true}",manual-candidate-or-automatic-classification-not-function-level-proof,测量后保留,"[""submodules/yss-harness-backend-agent/scripts/lib/harness-profile.mjs""]","{""submodules/yss-harness-backend-agent/scripts/lib/harness-profile.mjs"": ""所属 Harness 持有 profile 变体；仅移植已核对的性能变更 → 所属 CLI sync-template""}","[""submodules/yss-harness-backend-agent/scripts/lib/entry-alignment.mjs"", ""submodules/yss-harness-backend-agent/scripts/lib/instance-distribution.mjs"", ""submodules/yss-harness-backend-agent/scripts/verify-harness-profile"", ""submodules/yss-harness-backend-agent/scripts/verify-harness-profile-scenarios""]","{""submodules/yss-harness-backend-agent/scripts/lib/harness-profile.mjs"": ""7fc5f3d0a5976131cb5213695b6d47e40f2af7d33bba0df7cad6c6f91880f0bc""}",[],,[],0,0,logs/validation-after-recovery-0.stdout; runs.jsonl; final-refresh-results.json; distribution-results-corrected.json,采样维护入口调用频次、目录/输入规模后未取得应增加复杂度的独立热点证据；保留现实现。 未取得可绑定此 SHA 的 V8 加载样本；临时模块可能已随夹具清理，不能把缺少可绑定样本解释成线上零调用或性能正常。,V8 观察是维护夹具入口频次，非线上调用频率；未观察到的实现未作逐函数性能通过声明。输入尺度详见 report.md。
806eafcab0e42841cb07b2e1866471d09e861614e8b77f931ad89b5ee8de7c0e,.agents/skills/yss-frontend-scaffold-generator/scripts/generate_scaffold.mjs,True,False,2,9,candidate,P12,直接引用源码已人工核对,见关联候选验证设计,unknown-unless-candidate-explicitly-establishes-source,cli,"{""process_spawn"": true, ""tree_io"": true, ""network"": false, ""mutation"": true, ""sleep"": false, ""loop"": true}",manual-candidate-or-automatic-classification-not-function-level-proof,优化并验证,"["".agents/skills/yss-frontend-scaffold-generator/scripts/generate_scaffold.mjs""]","{"".agents/skills/yss-frontend-scaffold-generator/scripts/generate_scaffold.mjs"": ""所属仓 .agents/skills 权威目录 → update-skill-lock / sync-skills → 所属 CLI sync-template""}","["".agents/skills/yss-frontend-scaffold-generator/scripts/generate_and_verify_scaffold.mjs"", ""submodules/create-yss-spec/template/.agents/skills/yss-frontend-scaffold-generator/scripts/generate_and_verify_scaffold.mjs""]","{"".agents/skills/yss-frontend-scaffold-generator/scripts/generate_scaffold.mjs"": ""743c168c559034eb116bd82e743e72e848c9e417f3c02fcd6de38b031631cd43""}","["".agents/skills/yss-frontend-scaffold-generator/scripts/generate_scaffold.mjs""]",P12,"[""submodules/create-yss-spec/template/.agents/skills/yss-frontend-scaffold-generator/scripts/generate_scaffold.mjs""]",4,82,logs/validation-after-recovery-0.stdout; runs.jsonl; final-refresh-results.json; distribution-results-corrected.json,权威实现或其受控 Harness 变体有本轮变更；验证以 Fresh Verification、相关场景和候选对照为依据，副本不冒充独立优化。,V8 观察是维护夹具入口频次，非线上调用频率；未观察到的实现未作逐函数性能通过声明。输入尺度详见 report.md。
807268998969c6900ace6a43a317c38bad602b40b057b100ea264a70d87d9829,submodules/yss-harness-design-agent/.agents/skills/yss-antdv-next-design/scripts/validate-fact-pack.mjs,True,False,2,8,static-no-confirmed-hotspot,,词法/路径分类，未证明性能正常,按真实调用频率与输入规模采样；有证据再扩大分析,unknown-unless-candidate-explicitly-establishes-source,cli,"{""process_spawn"": false, ""tree_io"": false, ""network"": false, ""mutation"": false, ""sleep"": false, ""loop"": true}",manual-candidate-or-automatic-classification-not-function-level-proof,测量后保留,"[""submodules/yss-harness-design-agent/.agents/skills/yss-antdv-next-design/scripts/validate-fact-pack.mjs""]","{""submodules/yss-harness-design-agent/.agents/skills/yss-antdv-next-design/scripts/validate-fact-pack.mjs"": ""所属仓 .agents/skills 权威目录 → update-skill-lock / sync-skills → 所属 CLI sync-template""}","[""submodules/create-yss-strategic-design/template/.agents/skills/yss-antdv-next-design/scripts/collect-antdv-next-facts.mjs"", ""submodules/yss-harness-design-agent/.agents/skills/yss-antdv-next-design/scripts/collect-antdv-next-facts.mjs""]","{""submodules/yss-harness-design-agent/.agents/skills/yss-antdv-next-design/scripts/validate-fact-pack.mjs"": ""807268998969c6900ace6a43a317c38bad602b40b057b100ea264a70d87d9829""}",[],,"[""submodules/create-yss-strategic-design/template/.agents/skills/yss-antdv-next-design/scripts/validate-fact-pack.mjs""]",0,0,logs/validation-after-recovery-0.stdout; runs.jsonl; final-refresh-results.json; distribution-results-corrected.json,采样维护入口调用频次、目录/输入规模后未取得应增加复杂度的独立热点证据；保留现实现。 未取得可绑定此 SHA 的 V8 加载样本；临时模块可能已随夹具清理，不能把缺少可绑定样本解释成线上零调用或性能正常。,V8 观察是维护夹具入口频次，非线上调用频率；未观察到的实现未作逐函数性能通过声明。输入尺度详见 report.md。
822cf193aa3ca9af02864958d5fe8e0dffde1ae055c81b353544a50ea814bc73,scripts/capture-maintenance-candidate,True,False,2,2,wrapper-follow-callee,,短包装/重导出入口；主要成本落在callee,计入口启动开销并追踪实际callee，保留兼容入口,unknown-unless-candidate-explicitly-establishes-source,wrapper,"{""process_spawn"": false, ""tree_io"": false, ""network"": false, ""mutation"": false, ""sleep"": false, ""loop"": false}",manual-candidate-or-automatic-classification-not-function-level-proof,测量后保留,"[""scripts/capture-maintenance-candidate""]","{""scripts/capture-maintenance-candidate"": ""本体脚本权威；通过本体 CLI manifest/sync-template 分发；入口由完整核验 profile 选择""}","[""scripts/capture-maintenance-candidate"", ""submodules/create-yss-spec/template/scripts/capture-maintenance-candidate""]","{""scripts/capture-maintenance-candidate"": ""822cf193aa3ca9af02864958d5fe8e0dffde1ae055c81b353544a50ea814bc73""}",[],,"[""submodules/create-yss-spec/template/scripts/capture-maintenance-candidate""]",0,0,logs/validation-after-recovery-0.stdout; runs.jsonl; final-refresh-results.json; distribution-results-corrected.json,采样维护入口调用频次、目录/输入规模后未取得应增加复杂度的独立热点证据；保留现实现。 未取得可绑定此 SHA 的 V8 加载样本；临时模块可能已随夹具清理，不能把缺少可绑定样本解释成线上零调用或性能正常。,V8 观察是维护夹具入口频次，非线上调用频率；未观察到的实现未作逐函数性能通过声明。输入尺度详见 report.md。
82aeed5da833a9c242b6bb106181fcd208f552480d3d455f4408f095accd697a,submodules/yss-harness-dev-agent/.agents/skills/yss-skill-source-index-refresh/scripts/refresh-yss-skill-index.test.mjs,True,False,3,17,fixture-test-only,,断言/回归入口；是否启动真实环境需沿callee区分,隔离执行对应测试，区分mock/真实构建/外部资源,unknown-unless-candidate-explicitly-establishes-source,test,"{""process_spawn"": false, ""tree_io"": true, ""network"": false, ""mutation"": true, ""sleep"": false, ""loop"": true}",manual-candidate-or-automatic-classification-not-function-level-proof,测量后保留,"[""submodules/yss-harness-backend-agent/.agents/skills/yss-skill-source-index-refresh/scripts/refresh-yss-skill-index.test.mjs"", ""submodules/yss-harness-dev-agent/.agents/skills/yss-skill-source-index-refresh/scripts/refresh-yss-skill-index.test.mjs""]","{""submodules/yss-harness-backend-agent/.agents/skills/yss-skill-source-index-refresh/scripts/refresh-yss-skill-index.test.mjs"": ""所属仓 .agents/skills 权威目录 → update-skill-lock / sync-skills → 所属 CLI sync-template"", ""submodules/yss-harness-dev-agent/.agents/skills/yss-skill-source-index-refresh/scripts/refresh-yss-skill-index.test.mjs"": ""所属仓 .agents/skills 权威目录 → update-skill-lock / sync-skills → 所属 CLI sync-template""}",[],"{""submodules/yss-harness-backend-agent/.agents/skills/yss-skill-source-index-refresh/scripts/refresh-yss-skill-index.test.mjs"": ""82aeed5da833a9c242b6bb106181fcd208f552480d3d455f4408f095accd697a"", ""submodules/yss-harness-dev-agent/.agents/skills/yss-skill-source-index-refresh/scripts/refresh-yss-skill-index.test.mjs"": ""82aeed5da833a9c242b6bb106181fcd208f552480d3d455f4408f095accd697a""}",[],,"[""submodules/create-yss-harness-dev/template/.agents/skills/yss-skill-source-index-refresh/scripts/refresh-yss-skill-index.test.mjs""]",0,0,logs/validation-after-recovery-0.stdout; runs.jsonl; final-refresh-results.json; distribution-results-corrected.json,采样维护入口调用频次、目录/输入规模后未取得应增加复杂度的独立热点证据；保留现实现。 未取得可绑定此 SHA 的 V8 加载样本；临时模块可能已随夹具清理，不能把缺少可绑定样本解释成线上零调用或性能正常。,V8 观察是维护夹具入口频次，非线上调用频率；未观察到的实现未作逐函数性能通过声明。输入尺度详见 report.md。
82c6d2c512f1f97f9c81ff60c083cf0e530fb82da4a4dab6eec59157e6e1b9a4,submodules/yss-harness-frontend-agent/scripts/lib/skill-governance.mjs,True,False,1,1,static-no-confirmed-hotspot,,词法/路径分类，未证明性能正常,按真实调用频率与输入规模采样；有证据再扩大分析,unknown-unless-candidate-explicitly-establishes-source,library,"{""process_spawn"": false, ""tree_io"": false, ""network"": false, ""mutation"": false, ""sleep"": false, ""loop"": true}",manual-candidate-or-automatic-classification-not-function-level-proof,测量后保留,"[""submodules/yss-harness-frontend-agent/scripts/lib/skill-governance.mjs""]","{""submodules/yss-harness-frontend-agent/scripts/lib/skill-governance.mjs"": ""所属 Harness 持有 profile 变体；仅移植已核对的性能变更 → 所属 CLI sync-template""}","[""submodules/yss-harness-frontend-agent/scripts/verify-skill-governance""]","{""submodules/yss-harness-frontend-agent/scripts/lib/skill-governance.mjs"": ""82c6d2c512f1f97f9c81ff60c083cf0e530fb82da4a4dab6eec59157e6e1b9a4""}",[],,[],0,0,logs/validation-after-recovery-0.stdout; runs.jsonl; final-refresh-results.json; distribution-results-corrected.json,采样维护入口调用频次、目录/输入规模后未取得应增加复杂度的独立热点证据；保留现实现。 未取得可绑定此 SHA 的 V8 加载样本；临时模块可能已随夹具清理，不能把缺少可绑定样本解释成线上零调用或性能正常。,V8 观察是维护夹具入口频次，非线上调用频率；未观察到的实现未作逐函数性能通过声明。输入尺度详见 report.md。
855fea15daf2beb5be7fad0d54b72a63a4af8595f227facf845ba1852b3b365a,.agents/skills/archify/renderers/shared/diagnostics.mjs,False,True,6,6,static-no-confirmed-hotspot,,词法/路径分类，未证明性能正常,按真实调用频率与输入规模采样；有证据再扩大分析,unknown-unless-candidate-explicitly-establishes-source,library,"{""process_spawn"": false, ""tree_io"": false, ""network"": false, ""mutation"": false, ""sleep"": false, ""loop"": true}",manual-candidate-or-automatic-classification-not-function-level-proof,测量后保留,"["".agents/skills/archify/renderers/shared/diagnostics.mjs"", ""submodules/yss-harness-backend-agent/.agents/skills/archify/renderers/shared/diagnostics.mjs"", ""submodules/yss-harness-dev-agent/.agents/skills/archify/renderers/shared/diagnostics.mjs"", ""submodules/yss-harness-frontend-agent/.agents/skills/archify/renderers/shared/diagnostics.mjs""]","{"".agents/skills/archify/renderers/shared/diagnostics.mjs"": ""所属仓 .agents/skills 权威目录 → update-skill-lock / sync-skills → 所属 CLI sync-template"", ""submodules/yss-harness-backend-agent/.agents/skills/archify/renderers/shared/diagnostics.mjs"": ""所属仓 .agents/skills 权威目录 → update-skill-lock / sync-skills → 所属 CLI sync-template"", ""submodules/yss-harness-dev-agent/.agents/skills/archify/renderers/shared/diagnostics.mjs"": ""所属仓 .agents/skills 权威目录 → update-skill-lock / sync-skills → 所属 CLI sync-template"", ""submodules/yss-harness-frontend-agent/.agents/skills/archify/renderers/shared/diagnostics.mjs"": ""所属仓 .agents/skills 权威目录 → update-skill-lock / sync-skills → 所属 CLI sync-template""}","["".agents/skills/archify/renderers/shared/geometry.mjs"", ""submodules/create-yss-harness-dev/template/.agents/skills/archify/renderers/shared/geometry.mjs"", ""submodules/create-yss-spec/template/.agents/skills/archify/renderers/shared/geometry.mjs"", ""submodules/yss-harness-backend-agent/.agents/skills/archify/renderers/shared/geometry.mjs"", ""submodules/yss-harness-dev-agent/.agents/skills/archify/renderers/shared/geometry.mjs"", ""submodules/yss-harness-frontend-agent/.agents/skills/archify/renderers/shared/geometry.mjs""]","{"".agents/skills/archify/renderers/shared/diagnostics.mjs"": ""855fea15daf2beb5be7fad0d54b72a63a4af8595f227facf845ba1852b3b365a"", ""submodules/yss-harness-backend-agent/.agents/skills/archify/renderers/shared/diagnostics.mjs"": ""855fea15daf2beb5be7fad0d54b72a63a4af8595f227facf845ba1852b3b365a"", ""submodules/yss-harness-dev-agent/.agents/skills/archify/renderers/shared/diagnostics.mjs"": ""855fea15daf2beb5be7fad0d54b72a63a4af8595f227facf845ba1852b3b365a"", ""submodules/yss-harness-frontend-agent/.agents/skills/archify/renderers/shared/diagnostics.mjs"": ""855fea15daf2beb5be7fad0d54b72a63a4af8595f227facf845ba1852b3b365a""}",[],,"[""submodules/create-yss-harness-dev/template/.agents/skills/archify/renderers/shared/diagnostics.mjs"", ""submodules/create-yss-spec/template/.agents/skills/archify/renderers/shared/diagnostics.mjs""]",0,0,logs/validation-after-recovery-0.stdout; runs.jsonl; final-refresh-results.json; distribution-results-corrected.json,采样维护入口调用频次、目录/输入规模后未取得应增加复杂度的独立热点证据；保留现实现。 未取得可绑定此 SHA 的 V8 加载样本；临时模块可能已随夹具清理，不能把缺少可绑定样本解释成线上零调用或性能正常。,V8 观察是维护夹具入口频次，非线上调用频率；未观察到的实现未作逐函数性能通过声明。输入尺度详见 report.md。
85b094a69b3e8b86f7d917fa48f88bddbe0c589a8b0f46da051f9c0eef70714c,.agents/skills/yss-technical-design/scripts/validate-technical-design.mjs,True,False,5,17,candidate-caller,P01,命中候选函数/调用链；可能含字符串/注释，非独立瓶颈证明,沿实际调用链归因，见候选设计；不要据regex删除检查,unknown-unless-candidate-explicitly-establishes-source,cli,"{""process_spawn"": false, ""tree_io"": false, ""network"": false, ""mutation"": false, ""sleep"": false, ""loop"": true}",manual-candidate-or-automatic-classification-not-function-level-proof,测量后保留,"["".agents/skills/yss-technical-design/scripts/validate-technical-design.mjs"", ""submodules/yss-harness-backend-agent/.agents/skills/yss-technical-design/scripts/validate-technical-design.mjs"", ""submodules/yss-harness-dev-agent/.agents/skills/yss-technical-design/scripts/validate-technical-design.mjs""]","{"".agents/skills/yss-technical-design/scripts/validate-technical-design.mjs"": ""所属仓 .agents/skills 权威目录 → update-skill-lock / sync-skills → 所属 CLI sync-template"", ""submodules/yss-harness-backend-agent/.agents/skills/yss-technical-design/scripts/validate-technical-design.mjs"": ""所属仓 .agents/skills 权威目录 → update-skill-lock / sync-skills → 所属 CLI sync-template"", ""submodules/yss-harness-dev-agent/.agents/skills/yss-technical-design/scripts/validate-technical-design.mjs"": ""所属仓 .agents/skills 权威目录 → update-skill-lock / sync-skills → 所属 CLI sync-template""}","[""scripts/lib/technical-design-boundary.mjs"", ""submodules/create-yss-harness-dev/template/scripts/lib/technical-design-boundary.mjs"", ""submodules/create-yss-spec/template/scripts/lib/technical-design-boundary.mjs"", ""submodules/yss-harness-backend-agent/scripts/lib/technical-design-boundary.mjs"", ""submodules/yss-harness-dev-agent/scripts/lib/technical-design-boundary.mjs""]","{"".agents/skills/yss-technical-design/scripts/validate-technical-design.mjs"": ""85b094a69b3e8b86f7d917fa48f88bddbe0c589a8b0f46da051f9c0eef70714c"", ""submodules/yss-harness-backend-agent/.agents/skills/yss-technical-design/scripts/validate-technical-design.mjs"": ""85b094a69b3e8b86f7d917fa48f88bddbe0c589a8b0f46da051f9c0eef70714c"", ""submodules/yss-harness-dev-agent/.agents/skills/yss-technical-design/scripts/validate-technical-design.mjs"": ""85b094a69b3e8b86f7d917fa48f88bddbe0c589a8b0f46da051f9c0eef70714c""}",[],P01,"[""submodules/create-yss-harness-dev/template/.agents/skills/yss-technical-design/scripts/validate-technical-design.mjs"", ""submodules/create-yss-spec/template/.agents/skills/yss-technical-design/scripts/validate-technical-design.mjs""]",4,1137,logs/validation-after-recovery-0.stdout; runs.jsonl; final-refresh-results.json; distribution-results-corrected.json,采样维护入口调用频次、目录/输入规模后未取得应增加复杂度的独立热点证据；保留现实现。,V8 观察是维护夹具入口频次，非线上调用频率；未观察到的实现未作逐函数性能通过声明。输入尺度详见 report.md。
8673596ce27fd4a18a1eeabe915e13218916ae75eb902e7b5d0fb4560574c8b3,submodules/yss-harness-frontend-agent/.agents/skills/yss-skill-source-index-refresh/scripts/refresh-yss-skill-index.test.mjs,True,False,1,1,fixture-test-only,,断言/回归入口；是否启动真实环境需沿callee区分,隔离执行对应测试，区分mock/真实构建/外部资源,unknown-unless-candidate-explicitly-establishes-source,test,"{""process_spawn"": true, ""tree_io"": true, ""network"": false, ""mutation"": true, ""sleep"": false, ""loop"": true}",manual-candidate-or-automatic-classification-not-function-level-proof,测量后保留,"[""submodules/yss-harness-frontend-agent/.agents/skills/yss-skill-source-index-refresh/scripts/refresh-yss-skill-index.test.mjs""]","{""submodules/yss-harness-frontend-agent/.agents/skills/yss-skill-source-index-refresh/scripts/refresh-yss-skill-index.test.mjs"": ""所属仓 .agents/skills 权威目录 → update-skill-lock / sync-skills → 所属 CLI sync-template""}","[""submodules/yss-harness-frontend-agent/scripts/verify-template-verification-scenarios""]","{""submodules/yss-harness-frontend-agent/.agents/skills/yss-skill-source-index-refresh/scripts/refresh-yss-skill-index.test.mjs"": ""8673596ce27fd4a18a1eeabe915e13218916ae75eb902e7b5d0fb4560574c8b3""}",[],,[],0,0,logs/validation-after-recovery-0.stdout; runs.jsonl; final-refresh-results.json; distribution-results-corrected.json,采样维护入口调用频次、目录/输入规模后未取得应增加复杂度的独立热点证据；保留现实现。 未取得可绑定此 SHA 的 V8 加载样本；临时模块可能已随夹具清理，不能把缺少可绑定样本解释成线上零调用或性能正常。,V8 观察是维护夹具入口频次，非线上调用频率；未观察到的实现未作逐函数性能通过声明。输入尺度详见 report.md。
86dba7d7a1bd7e8e91272449d9f606efd6be514e7ee51272d72215005c74554a,.agents/skills/yss-frontend-scaffold-generator/scripts/generate_and_verify_scaffold.mjs,True,False,2,9,wrapper-follow-callee,,短包装/重导出入口；主要成本落在callee,计入口启动开销并追踪实际callee，保留兼容入口,unknown-unless-candidate-explicitly-establishes-source,wrapper,"{""process_spawn"": false, ""tree_io"": false, ""network"": false, ""mutation"": false, ""sleep"": false, ""loop"": true}",manual-candidate-or-automatic-classification-not-function-level-proof,测量后保留,"["".agents/skills/yss-frontend-scaffold-generator/scripts/generate_and_verify_scaffold.mjs""]","{"".agents/skills/yss-frontend-scaffold-generator/scripts/generate_and_verify_scaffold.mjs"": ""所属仓 .agents/skills 权威目录 → update-skill-lock / sync-skills → 所属 CLI sync-template""}","["".agents/skills/yss-frontend-scaffold-generator/scripts/scaffold-generator.test.mjs"", ""submodules/create-yss-spec/template/.agents/skills/yss-frontend-scaffold-generator/scripts/scaffold-generator.test.mjs""]","{"".agents/skills/yss-frontend-scaffold-generator/scripts/generate_and_verify_scaffold.mjs"": ""86dba7d7a1bd7e8e91272449d9f606efd6be514e7ee51272d72215005c74554a""}",[],,"[""submodules/create-yss-spec/template/.agents/skills/yss-frontend-scaffold-generator/scripts/generate_and_verify_scaffold.mjs""]",4,8,logs/validation-after-recovery-0.stdout; runs.jsonl; final-refresh-results.json; distribution-results-corrected.json,采样维护入口调用频次、目录/输入规模后未取得应增加复杂度的独立热点证据；保留现实现。,V8 观察是维护夹具入口频次，非线上调用频率；未观察到的实现未作逐函数性能通过声明。输入尺度详见 report.md。
8726578b642e55ae7fadf446329be7a90ea573f9b3e19e7ff6555ba31d1c4a91,submodules/yss-harness-frontend-agent/scripts/lib/implementation-contract-compiler.mjs,True,False,1,1,static-no-confirmed-hotspot,,词法/路径分类，未证明性能正常,按真实调用频率与输入规模采样；有证据再扩大分析,unknown-unless-candidate-explicitly-establishes-source,library,"{""process_spawn"": false, ""tree_io"": false, ""network"": false, ""mutation"": false, ""sleep"": false, ""loop"": true}",manual-candidate-or-automatic-classification-not-function-level-proof,测量后保留,"[""submodules/yss-harness-frontend-agent/scripts/lib/implementation-contract-compiler.mjs""]","{""submodules/yss-harness-frontend-agent/scripts/lib/implementation-contract-compiler.mjs"": ""所属 Harness 持有 profile 变体；仅移植已核对的性能变更 → 所属 CLI sync-template""}","[""submodules/yss-harness-frontend-agent/scripts/generate-yss-skill-boundaries"", ""submodules/yss-harness-frontend-agent/scripts/verify-frontend-delivery-scenarios"", ""submodules/yss-harness-frontend-agent/scripts/verify-retired-skill-ids""]","{""submodules/yss-harness-frontend-agent/scripts/lib/implementation-contract-compiler.mjs"": ""8726578b642e55ae7fadf446329be7a90ea573f9b3e19e7ff6555ba31d1c4a91""}",[],,[],0,0,logs/validation-after-recovery-0.stdout; runs.jsonl; final-refresh-results.json; distribution-results-corrected.json,采样维护入口调用频次、目录/输入规模后未取得应增加复杂度的独立热点证据；保留现实现。 未取得可绑定此 SHA 的 V8 加载样本；临时模块可能已随夹具清理，不能把缺少可绑定样本解释成线上零调用或性能正常。,V8 观察是维护夹具入口频次，非线上调用频率；未观察到的实现未作逐函数性能通过声明。输入尺度详见 report.md。
88bc952802f8fe72cbf320d3faca956078647fa13575b6bfd844f636a8985fa9,submodules/yss-harness-design-agent/scripts/lib/harness-profile.mjs,True,False,2,2,static-no-confirmed-hotspot,,词法/路径分类，未证明性能正常,按真实调用频率与输入规模采样；有证据再扩大分析,unknown-unless-candidate-explicitly-establishes-source,library,"{""process_spawn"": false, ""tree_io"": false, ""network"": false, ""mutation"": false, ""sleep"": false, ""loop"": true}",manual-candidate-or-automatic-classification-not-function-level-proof,测量后保留,"[""submodules/yss-harness-design-agent/scripts/lib/harness-profile.mjs""]","{""submodules/yss-harness-design-agent/scripts/lib/harness-profile.mjs"": ""所属 Harness 持有 profile 变体；仅移植已核对的性能变更 → 所属 CLI sync-template""}","[""submodules/create-yss-strategic-design/template/scripts/lib/entry-alignment.mjs"", ""submodules/create-yss-strategic-design/template/scripts/lib/instance-distribution.mjs"", ""submodules/create-yss-strategic-design/template/scripts/lib/task-package.mjs"", ""submodules/create-yss-strategic-design/template/scripts/verify-harness-profile"", ""submodules/create-yss-strategic-design/template/scripts/verify-harness-profile-scenarios"", ""submodules/yss-harness-design-agent/scripts/lib/entry-alignment.mjs"", ""submodules/yss-harness-design-agent/scripts/lib/instance-distribution.mjs"", ""submodules/yss-harness-design-agent/scripts/lib/task-package.mjs"", ""submodules/yss-harness-design-agent/scripts/verify-harness-profile"", ""submodules/yss-harness-design-agent/scripts/verify-harness-profile-scenarios""]","{""submodules/yss-harness-design-agent/scripts/lib/harness-profile.mjs"": ""88bc952802f8fe72cbf320d3faca956078647fa13575b6bfd844f636a8985fa9""}",[],,"[""submodules/create-yss-strategic-design/template/scripts/lib/harness-profile.mjs""]",0,0,logs/validation-after-recovery-0.stdout; runs.jsonl; final-refresh-results.json; distribution-results-corrected.json,采样维护入口调用频次、目录/输入规模后未取得应增加复杂度的独立热点证据；保留现实现。 未取得可绑定此 SHA 的 V8 加载样本；临时模块可能已随夹具清理，不能把缺少可绑定样本解释成线上零调用或性能正常。,V8 观察是维护夹具入口频次，非线上调用频率；未观察到的实现未作逐函数性能通过声明。输入尺度详见 report.md。
891ff89d811289f517d8f703c455015abe4fe22daf97ff53237597e8e7778f71,scripts/lib/strategic-handoff-consumption.mjs,True,False,8,8,candidate-caller,"P02,P09",命中候选函数/调用链；可能含字符串/注释，非独立瓶颈证明,沿实际调用链归因，见候选设计；不要据regex删除检查,unknown-unless-candidate-explicitly-establishes-source,library,"{""process_spawn"": true, ""tree_io"": true, ""network"": false, ""mutation"": false, ""sleep"": false, ""loop"": true}",manual-candidate-or-automatic-classification-not-function-level-proof,测量后保留,"[""scripts/lib/strategic-handoff-consumption.mjs""]","{""scripts/lib/strategic-handoff-consumption.mjs"": ""本体共享工具 → sync-strategic-handoff-tools → 四 Harness（backend wire import 适配）→ CLI 快照""}","["".agents/skills/yss-tactical-design/scripts/validate-tactical-design.mjs"", "".agents/skills/yss-technical-design/scripts/validate-technical-design.mjs"", ""scripts/lib/frontend-delivery.mjs"", ""scripts/verify-strategic-handoff-consumption"", ""scripts/verify-strategic-handoff-package-scenarios"", ""submodules/create-yss-harness-dev/template/.agents/skills/yss-tactical-design/scripts/validate-tactical-design.mjs"", ""submodules/create-yss-harness-dev/template/.agents/skills/yss-technical-design/scripts/validate-technical-design.mjs"", ""submodules/create-yss-harness-dev/template/scripts/lib/frontend-delivery.mjs"", ""submodules/create-yss-harness-dev/template/scripts/verify-strategic-handoff-consumption"", ""submodules/create-yss-harness-dev/template/scripts/verify-strategic-handoff-package-scenarios"", ""submodules/create-yss-spec/template/.agents/skills/yss-tactical-design/scripts/validate-tactical-design.mjs"", ""submodules/create-yss-spec/template/.agents/skills/yss-technical-design/scripts/validate-technical-design.mjs"", ""submodules/create-yss-spec/template/scripts/lib/frontend-delivery.mjs"", ""submodules/create-yss-spec/template/scripts/verify-strategic-handoff-consumption"", ""submodules/create-yss-spec/template/scripts/verify-strategic-handoff-package-scenarios"", ""submodules/create-yss-strategic-design/template/scripts/lib/frontend-delivery.mjs"", ""submodules/create-yss-strategic-design/template/scripts/verify-strategic-handoff-consumption"", ""submodules/create-yss-strategic-design/template/scripts/verify-strategic-handoff-package-scenarios"", ""submodules/yss-harness-backend-agent/.agents/skills/yss-tactical-design/scripts/validate-tactical-design.mjs"", ""submodules/yss-harness-backend-agent/.agents/skills/yss-technical-design/scripts/validate-technical-design.mjs"", ""submodules/yss-harness-backend-agent/scripts/lib/frontend-delivery.mjs"", ""submodules/yss-harness-backend-agent/scripts/verify-strategic-handoff-consumption"", ""submodules/yss-harness-backend-agent/scripts/verify-strategic-handoff-package-scenarios"", ""submodules/yss-harness-design-agent/scripts/lib/frontend-delivery.mjs"", ""submodules/yss-harness-design-agent/scripts/verify-strategic-handoff-consumption"", ""submodules/yss-harness-design-agent/scripts/verify-strategic-handoff-package-scenarios"", ""submodules/yss-harness-dev-agent/.agents/skills/yss-tactical-design/scripts/validate-tactical-design.mjs"", ""submodules/yss-harness-dev-agent/.agents/skills/yss-technical-design/scripts/validate-technical-design.mjs"", ""submodules/yss-harness-dev-agent/scripts/lib/frontend-delivery.mjs"", ""submodules/yss-harness-dev-agent/scripts/verify-strategic-handoff-consumption"", ""submodules/yss-harness-dev-agent/scripts/verify-strategic-handoff-package-scenarios"", ""submodules/yss-harness-frontend-agent/scripts/lib/frontend-delivery.mjs"", ""submodules/yss-harness-frontend-agent/scripts/verify-strategic-handoff-consumption"", ""submodules/yss-harness-frontend-agent/scripts/verify-strategic-handoff-package-scenarios""]","{""scripts/lib/strategic-handoff-consumption.mjs"": ""891ff89d811289f517d8f703c455015abe4fe22daf97ff53237597e8e7778f71""}",[],P02;P09,"[""submodules/create-yss-harness-dev/template/scripts/lib/strategic-handoff-consumption.mjs"", ""submodules/create-yss-spec/template/scripts/lib/strategic-handoff-consumption.mjs"", ""submodules/create-yss-strategic-design/template/scripts/lib/strategic-handoff-consumption.mjs"", ""submodules/yss-harness-backend-agent/scripts/lib/strategic-handoff-consumption.mjs"", ""submodules/yss-harness-design-agent/scripts/lib/strategic-handoff-consumption.mjs"", ""submodules/yss-harness-dev-agent/scripts/lib/strategic-handoff-consumption.mjs"", ""submodules/yss-harness-frontend-agent/scripts/lib/strategic-handoff-consumption.mjs""]",18,2653,logs/validation-after-recovery-0.stdout; runs.jsonl; final-refresh-results.json; distribution-results-corrected.json,采样维护入口调用频次、目录/输入规模后未取得应增加复杂度的独立热点证据；保留现实现。,V8 观察是维护夹具入口频次，非线上调用频率；未观察到的实现未作逐函数性能通过声明。输入尺度详见 report.md。
8aac81dbd5437602f66a9ee4e602b5a9b8dd68fe9e4e27ce482f81dd7989a713,scripts/lib/frontend-delivery.mjs,True,False,8,8,candidate,P11,直接引用源码已人工核对,见关联候选验证设计,unknown-unless-candidate-explicitly-establishes-source,library,"{""process_spawn"": false, ""tree_io"": true, ""network"": true, ""mutation"": false, ""sleep"": false, ""loop"": true}",manual-candidate-or-automatic-classification-not-function-level-proof,测量后保留,"[""scripts/lib/frontend-delivery.mjs""]","{""scripts/lib/frontend-delivery.mjs"": ""本体脚本权威；通过本体 CLI manifest/sync-template 分发；入口由完整核验 profile 选择""}","[""scripts/sync-strategic-handoff-tools"", ""scripts/verify-frontend-delivery"", ""scripts/verify-frontend-delivery-scenarios"", ""submodules/create-yss-harness-dev/template/scripts/verify-frontend-delivery"", ""submodules/create-yss-harness-dev/template/scripts/verify-frontend-delivery-scenarios"", ""submodules/create-yss-spec/template/scripts/sync-strategic-handoff-tools"", ""submodules/create-yss-spec/template/scripts/verify-frontend-delivery"", ""submodules/create-yss-spec/template/scripts/verify-frontend-delivery-scenarios"", ""submodules/create-yss-strategic-design/template/scripts/verify-frontend-delivery"", ""submodules/yss-harness-backend-agent/scripts/verify-frontend-delivery"", ""submodules/yss-harness-backend-agent/scripts/verify-frontend-delivery-scenarios"", ""submodules/yss-harness-design-agent/scripts/verify-frontend-delivery"", ""submodules/yss-harness-dev-agent/scripts/verify-frontend-delivery"", ""submodules/yss-harness-dev-agent/scripts/verify-frontend-delivery-scenarios"", ""submodules/yss-harness-frontend-agent/scripts/verify-frontend-delivery"", ""submodules/yss-harness-frontend-agent/scripts/verify-frontend-delivery-scenarios""]","{""scripts/lib/frontend-delivery.mjs"": ""8aac81dbd5437602f66a9ee4e602b5a9b8dd68fe9e4e27ce482f81dd7989a713""}",[],P11,"[""submodules/create-yss-harness-dev/template/scripts/lib/frontend-delivery.mjs"", ""submodules/create-yss-spec/template/scripts/lib/frontend-delivery.mjs"", ""submodules/create-yss-strategic-design/template/scripts/lib/frontend-delivery.mjs"", ""submodules/yss-harness-backend-agent/scripts/lib/frontend-delivery.mjs"", ""submodules/yss-harness-design-agent/scripts/lib/frontend-delivery.mjs"", ""submodules/yss-harness-dev-agent/scripts/lib/frontend-delivery.mjs"", ""submodules/yss-harness-frontend-agent/scripts/lib/frontend-delivery.mjs""]",4,308,logs/validation-after-recovery-0.stdout; runs.jsonl; final-refresh-results.json; distribution-results-corrected.json,采样维护入口调用频次、目录/输入规模后未取得应增加复杂度的独立热点证据；保留现实现。,V8 观察是维护夹具入口频次，非线上调用频率；未观察到的实现未作逐函数性能通过声明。输入尺度详见 report.md。
8be5209cda2f089dca4863734d6a8802cc5f4dd5c3b14a97fa37c8bb72d6a2ad,scripts/fixtures/user-decision/build-fixture.mjs,True,False,7,7,fixture-test-only,,测试数据/服务/生成fixture，非普通产品流转入口,随调用它的场景测fixture准备/清理；不当独立业务基准,unknown-unless-candidate-explicitly-establishes-source,fixture,"{""process_spawn"": false, ""tree_io"": true, ""network"": false, ""mutation"": true, ""sleep"": false, ""loop"": true}",manual-candidate-or-automatic-classification-not-function-level-proof,测量后保留,"[""scripts/fixtures/user-decision/build-fixture.mjs"", ""submodules/yss-harness-backend-agent/scripts/fixtures/user-decision/build-fixture.mjs"", ""submodules/yss-harness-design-agent/scripts/fixtures/user-decision/build-fixture.mjs"", ""submodules/yss-harness-dev-agent/scripts/fixtures/user-decision/build-fixture.mjs""]","{""scripts/fixtures/user-decision/build-fixture.mjs"": ""本体脚本权威；通过本体 CLI manifest/sync-template 分发；入口由完整核验 profile 选择"", ""submodules/yss-harness-backend-agent/scripts/fixtures/user-decision/build-fixture.mjs"": ""所属 Harness 持有 profile 变体；仅移植已核对的性能变更 → 所属 CLI sync-template"", ""submodules/yss-harness-design-agent/scripts/fixtures/user-decision/build-fixture.mjs"": ""所属 Harness 持有 profile 变体；仅移植已核对的性能变更 → 所属 CLI sync-template"", ""submodules/yss-harness-dev-agent/scripts/fixtures/user-decision/build-fixture.mjs"": ""所属 Harness 持有 profile 变体；仅移植已核对的性能变更 → 所属 CLI sync-template""}","["".agents/skills/yss-ddd-scaffold-generator/scripts/first-slice-compatibility.test.mjs"", "".agents/skills/yss-ddd-scaffold-generator/scripts/scaffold-generator.test.mjs"", "".agents/skills/yss-layered-mvc-scaffold-generator/scripts/scaffold-generator.test.mjs"", "".agents/skills/yss-prototype-stage/tests/run-scenarios.mjs"", ""scripts/fixtures/user-decision/plan-fixture.mjs"", ""scripts/lib/scenario-checks.mjs"", ""scripts/verify-lifecycle-transition-scenarios"", ""scripts/verify-plan-spec-entry-scenarios"", ""scripts/verify-scaffold-architecture-decision-scenarios"", ""scripts/verify-scaffold-generator-scenarios"", ""scripts/verify-subagent-task-package-scenarios"", ""scripts/verify-user-decision-scenarios"", ""submodules/create-yss-spec/template/.agents/skills/yss-ddd-scaffold-generator/scripts/first-slice-compatibility.test.mjs"", ""submodules/create-yss-spec/template/.agents/skills/yss-ddd-scaffold-generator/scripts/scaffold-generator.test.mjs"", ""submodules/create-yss-spec/template/.agents/skills/yss-layered-mvc-scaffold-generator/scripts/scaffold-generator.test.mjs"", ""submodules/create-yss-spec/template/.agents/skills/yss-prototype-stage/tests/run-scenarios.mjs"", ""submodules/create-yss-spec/template/scripts/fixtures/user-decision/plan-fixture.mjs"", ""submodules/create-yss-spec/template/scripts/lib/scenario-checks.mjs"", ""submodules/create-yss-spec/template/scripts/verify-lifecycle-transition-scenarios"", ""submodules/create-yss-spec/template/scripts/verify-plan-spec-entry-scenarios"", ""submodules/create-yss-spec/template/scripts/verify-scaffold-architecture-decision-scenarios"", ""submodules/create-yss-spec/template/scripts/verify-scaffold-generator-scenarios"", ""submodules/create-yss-spec/template/scripts/verify-subagent-task-package-scenarios"", ""submodules/create-yss-spec/template/scripts/verify-user-decision-scenarios"", ""submodules/create-yss-strategic-design/template/scripts/fixtures/user-decision/plan-fixture.mjs"", ""submodules/create-yss-strategic-design/template/scripts/verify-plan-spec-entry-scenarios"", ""submodules/yss-harness-design-agent/scripts/fixtures/user-decision/plan-fixture.mjs"", ""submodules/yss-harness-design-agent/scripts/verify-plan-spec-entry-scenarios""]","{""scripts/fixtures/user-decision/build-fixture.mjs"": ""8be5209cda2f089dca4863734d6a8802cc5f4dd5c3b14a97fa37c8bb72d6a2ad"", ""submodules/yss-harness-backend-agent/scripts/fixtures/user-decision/build-fixture.mjs"": ""8be5209cda2f089dca4863734d6a8802cc5f4dd5c3b14a97fa37c8bb72d6a2ad"", ""submodules/yss-harness-design-agent/scripts/fixtures/user-decision/build-fixture.mjs"": ""8be5209cda2f089dca4863734d6a8802cc5f4dd5c3b14a97fa37c8bb72d6a2ad"", ""submodules/yss-harness-dev-agent/scripts/fixtures/user-decision/build-fixture.mjs"": ""8be5209cda2f089dca4863734d6a8802cc5f4dd5c3b14a97fa37c8bb72d6a2ad""}",[],,"[""submodules/create-yss-harness-dev/template/scripts/fixtures/user-decision/build-fixture.mjs"", ""submodules/create-yss-spec/template/scripts/fixtures/user-decision/build-fixture.mjs"", ""submodules/create-yss-strategic-design/template/scripts/fixtures/user-decision/build-fixture.mjs""]",22,2150,logs/validation-after-recovery-0.stdout; runs.jsonl; final-refresh-results.json; distribution-results-corrected.json,采样维护入口调用频次、目录/输入规模后未取得应增加复杂度的独立热点证据；保留现实现。,V8 观察是维护夹具入口频次，非线上调用频率；未观察到的实现未作逐函数性能通过声明。输入尺度详见 report.md。
8c701c56a5aba6ac68b634801c45f94f3fa4c2b9fe01681faee4eda0a6f78d7c,submodules/create-yss-spec/src/template-hash.js,False,True,2,2,candidate-caller,P04,命中候选函数/调用链；可能含字符串/注释，非独立瓶颈证明,沿实际调用链归因，见候选设计；不要据regex删除检查,unknown-unless-candidate-explicitly-establishes-source,library,"{""process_spawn"": false, ""tree_io"": true, ""network"": false, ""mutation"": false, ""sleep"": false, ""loop"": true}",manual-candidate-or-automatic-classification-not-function-level-proof,测量后保留,"[""submodules/create-yss-harness-dev/src/template-hash.js"", ""submodules/create-yss-spec/src/template-hash.js""]","{""submodules/create-yss-harness-dev/src/template-hash.js"": ""所属 CLI 自有源码；test:unit / test:prepared / sync-template；不以同名合并来源"", ""submodules/create-yss-spec/src/template-hash.js"": ""所属 CLI 自有源码；test:unit / test:prepared / sync-template；不以同名合并来源""}","[""submodules/create-yss-harness-dev/scripts/sync-template.js"", ""submodules/create-yss-spec/scripts/sync-template.js""]","{""submodules/create-yss-harness-dev/src/template-hash.js"": ""8c701c56a5aba6ac68b634801c45f94f3fa4c2b9fe01681faee4eda0a6f78d7c"", ""submodules/create-yss-spec/src/template-hash.js"": ""8c701c56a5aba6ac68b634801c45f94f3fa4c2b9fe01681faee4eda0a6f78d7c""}",[],P04,[],0,0,logs/validation-after-recovery-0.stdout; runs.jsonl; final-refresh-results.json; distribution-results-corrected.json,采样维护入口调用频次、目录/输入规模后未取得应增加复杂度的独立热点证据；保留现实现。 未取得可绑定此 SHA 的 V8 加载样本；临时模块可能已随夹具清理，不能把缺少可绑定样本解释成线上零调用或性能正常。,V8 观察是维护夹具入口频次，非线上调用频率；未观察到的实现未作逐函数性能通过声明。输入尺度详见 report.md。
8cdef38d8cc996d8edf5d3072620b8b7be4f7f8b1b2b94bca8349a35444ea6c9,submodules/create-yss-harness-backend/scripts/sync-core.mjs,True,False,2,2,candidate,P07,直接引用源码已人工核对,见关联候选验证设计,unknown-unless-candidate-explicitly-establishes-source,wrapper,"{""process_spawn"": false, ""tree_io"": false, ""network"": false, ""mutation"": false, ""sleep"": false, ""loop"": false}",manual-candidate-or-automatic-classification-not-function-level-proof,测量后保留,"[""submodules/create-yss-harness-backend/scripts/sync-core.mjs"", ""submodules/create-yss-harness-frontend/scripts/sync-core.mjs""]","{""submodules/create-yss-harness-backend/scripts/sync-core.mjs"": ""所属 CLI 自有源码；test:unit / test:prepared / sync-template；不以同名合并来源"", ""submodules/create-yss-harness-frontend/scripts/sync-core.mjs"": ""所属 CLI 自有源码；test:unit / test:prepared / sync-template；不以同名合并来源""}",[],"{""submodules/create-yss-harness-backend/scripts/sync-core.mjs"": ""8cdef38d8cc996d8edf5d3072620b8b7be4f7f8b1b2b94bca8349a35444ea6c9"", ""submodules/create-yss-harness-frontend/scripts/sync-core.mjs"": ""8cdef38d8cc996d8edf5d3072620b8b7be4f7f8b1b2b94bca8349a35444ea6c9""}",[],P07,[],0,0,logs/validation-after-recovery-0.stdout; runs.jsonl; final-refresh-results.json; distribution-results-corrected.json,采样维护入口调用频次、目录/输入规模后未取得应增加复杂度的独立热点证据；保留现实现。 未取得可绑定此 SHA 的 V8 加载样本；临时模块可能已随夹具清理，不能把缺少可绑定样本解释成线上零调用或性能正常。,V8 观察是维护夹具入口频次，非线上调用频率；未观察到的实现未作逐函数性能通过声明。输入尺度详见 report.md。
8d084a1c00f7042d8092096b27fe9f19aaf11f0d17e0dab386ba4841d9b31d19,.template-source/tooling/node/scripts/build-vendor.mjs,True,False,5,5,external-runtime-needs-input,,可能外部访问/更新入口，需具体参数与本地注入fixture,本轮不触发真实外部动作；区分cache/timeout与服务耗时,unknown-unless-candidate-explicitly-establishes-source,cli,"{""process_spawn"": false, ""tree_io"": true, ""network"": true, ""mutation"": true, ""sleep"": false, ""loop"": true}",manual-candidate-or-automatic-classification-not-function-level-proof,外部环境待验证,"["".template-source/tooling/node/scripts/build-vendor.mjs"", ""submodules/yss-harness-backend-agent/.template-source/tooling/node/scripts/build-vendor.mjs"", ""submodules/yss-harness-design-agent/.template-source/tooling/node/scripts/build-vendor.mjs"", ""submodules/yss-harness-dev-agent/.template-source/tooling/node/scripts/build-vendor.mjs"", ""submodules/yss-harness-frontend-agent/.template-source/tooling/node/scripts/build-vendor.mjs""]","{"".template-source/tooling/node/scripts/build-vendor.mjs"": ""本体脚本权威；通过本体 CLI manifest/sync-template 分发；入口由完整核验 profile 选择"", ""submodules/yss-harness-backend-agent/.template-source/tooling/node/scripts/build-vendor.mjs"": ""所属 Harness 持有 profile 变体；仅移植已核对的性能变更 → 所属 CLI sync-template"", ""submodules/yss-harness-design-agent/.template-source/tooling/node/scripts/build-vendor.mjs"": ""所属 Harness 持有 profile 变体；仅移植已核对的性能变更 → 所属 CLI sync-template"", ""submodules/yss-harness-dev-agent/.template-source/tooling/node/scripts/build-vendor.mjs"": ""所属 Harness 持有 profile 变体；仅移植已核对的性能变更 → 所属 CLI sync-template"", ""submodules/yss-harness-frontend-agent/.template-source/tooling/node/scripts/build-vendor.mjs"": ""所属 Harness 持有 profile 变体；仅移植已核对的性能变更 → 所属 CLI sync-template""}",[],"{"".template-source/tooling/node/scripts/build-vendor.mjs"": ""8d084a1c00f7042d8092096b27fe9f19aaf11f0d17e0dab386ba4841d9b31d19"", ""submodules/yss-harness-backend-agent/.template-source/tooling/node/scripts/build-vendor.mjs"": ""8d084a1c00f7042d8092096b27fe9f19aaf11f0d17e0dab386ba4841d9b31d19"", ""submodules/yss-harness-design-agent/.template-source/tooling/node/scripts/build-vendor.mjs"": ""8d084a1c00f7042d8092096b27fe9f19aaf11f0d17e0dab386ba4841d9b31d19"", ""submodules/yss-harness-dev-agent/.template-source/tooling/node/scripts/build-vendor.mjs"": ""8d084a1c00f7042d8092096b27fe9f19aaf11f0d17e0dab386ba4841d9b31d19"", ""submodules/yss-harness-frontend-agent/.template-source/tooling/node/scripts/build-vendor.mjs"": ""8d084a1c00f7042d8092096b27fe9f19aaf11f0d17e0dab386ba4841d9b31d19""}",[],,[],1,867,logs/validation-after-recovery-0.stdout; runs.jsonl; final-refresh-results.json; distribution-results-corrected.json,本轮只执行维护夹具；真实依赖、实际工程、远端网络或显式 self-update 缺少已选真实环境，不把 mock 用时算作外部收益。,V8 观察是维护夹具入口频次，非线上调用频率；未观察到的实现未作逐函数性能通过声明。输入尺度详见 report.md。
8e2964b8ccfd794740d8fe1315d50b60354522670cc403cfcef4f699e3bebe8d,submodules/yss-harness-design-agent/scripts/verify-lifecycle-checkpoint,True,False,2,2,candidate-caller,P01,命中候选函数/调用链；可能含字符串/注释，非独立瓶颈证明,沿实际调用链归因，见候选设计；不要据regex删除检查,unknown-unless-candidate-explicitly-establishes-source,cli,"{""process_spawn"": true, ""tree_io"": false, ""network"": false, ""mutation"": false, ""sleep"": false, ""loop"": true}",manual-candidate-or-automatic-classification-not-function-level-proof,测量后保留,"[""submodules/yss-harness-design-agent/scripts/verify-lifecycle-checkpoint""]","{""submodules/yss-harness-design-agent/scripts/verify-lifecycle-checkpoint"": ""所属 Harness 持有 profile 变体；仅移植已核对的性能变更 → 所属 CLI sync-template""}","[""submodules/create-yss-strategic-design/template/scripts/verify-lifecycle-checkpoint"", ""submodules/create-yss-strategic-design/template/scripts/verify-template-verification-scenarios"", ""submodules/yss-harness-design-agent/scripts/verify-lifecycle-checkpoint"", ""submodules/yss-harness-design-agent/scripts/verify-template-verification-scenarios""]","{""submodules/yss-harness-design-agent/scripts/verify-lifecycle-checkpoint"": ""8e2964b8ccfd794740d8fe1315d50b60354522670cc403cfcef4f699e3bebe8d""}",[],P01,"[""submodules/create-yss-strategic-design/template/scripts/verify-lifecycle-checkpoint""]",0,0,logs/validation-after-recovery-0.stdout; runs.jsonl; final-refresh-results.json; distribution-results-corrected.json,采样维护入口调用频次、目录/输入规模后未取得应增加复杂度的独立热点证据；保留现实现。 未取得可绑定此 SHA 的 V8 加载样本；临时模块可能已随夹具清理，不能把缺少可绑定样本解释成线上零调用或性能正常。,V8 观察是维护夹具入口频次，非线上调用频率；未观察到的实现未作逐函数性能通过声明。输入尺度详见 report.md。
8ee268dca51c0dac9a95bc2c95249b7887512b6492048cc015e45d43088a6861,submodules/yss-harness-dev-agent/.agents/skills/yss-mvc-data-analysis-project-initializer/scripts/generate_project.mjs,True,False,3,9,static-no-confirmed-hotspot,,词法/路径分类，未证明性能正常,按真实调用频率与输入规模采样；有证据再扩大分析,unknown-unless-candidate-explicitly-establishes-source,cli,"{""process_spawn"": true, ""tree_io"": true, ""network"": false, ""mutation"": true, ""sleep"": false, ""loop"": true}",manual-candidate-or-automatic-classification-not-function-level-proof,测量后保留,"[""submodules/yss-harness-backend-agent/.agents/skills/yss-mvc-data-analysis-project-initializer/scripts/generate_project.mjs"", ""submodules/yss-harness-dev-agent/.agents/skills/yss-mvc-data-analysis-project-initializer/scripts/generate_project.mjs""]","{""submodules/yss-harness-backend-agent/.agents/skills/yss-mvc-data-analysis-project-initializer/scripts/generate_project.mjs"": ""所属仓 .agents/skills 权威目录 → update-skill-lock / sync-skills → 所属 CLI sync-template"", ""submodules/yss-harness-dev-agent/.agents/skills/yss-mvc-data-analysis-project-initializer/scripts/generate_project.mjs"": ""所属仓 .agents/skills 权威目录 → update-skill-lock / sync-skills → 所属 CLI sync-template""}",[],"{""submodules/yss-harness-backend-agent/.agents/skills/yss-mvc-data-analysis-project-initializer/scripts/generate_project.mjs"": ""8ee268dca51c0dac9a95bc2c95249b7887512b6492048cc015e45d43088a6861"", ""submodules/yss-harness-dev-agent/.agents/skills/yss-mvc-data-analysis-project-initializer/scripts/generate_project.mjs"": ""8ee268dca51c0dac9a95bc2c95249b7887512b6492048cc015e45d43088a6861""}",[],,"[""submodules/create-yss-harness-dev/template/.agents/skills/yss-mvc-data-analysis-project-initializer/scripts/generate_project.mjs""]",0,0,logs/validation-after-recovery-0.stdout; runs.jsonl; final-refresh-results.json; distribution-results-corrected.json,采样维护入口调用频次、目录/输入规模后未取得应增加复杂度的独立热点证据；保留现实现。 未取得可绑定此 SHA 的 V8 加载样本；临时模块可能已随夹具清理，不能把缺少可绑定样本解释成线上零调用或性能正常。,V8 观察是维护夹具入口频次，非线上调用频率；未观察到的实现未作逐函数性能通过声明。输入尺度详见 report.md。
90f93479502784382b0c4d06a04d791267f6947b59521eb9a89e36491194bbf4,.agents/skills/yss-antd-design/scripts/validate-frontmatter.test.mjs,True,False,7,33,fixture-test-only,,断言/回归入口；是否启动真实环境需沿callee区分,隔离执行对应测试，区分mock/真实构建/外部资源,unknown-unless-candidate-explicitly-establishes-source,test,"{""process_spawn"": false, ""tree_io"": false, ""network"": false, ""mutation"": false, ""sleep"": false, ""loop"": true}",manual-candidate-or-automatic-classification-not-function-level-proof,测量后保留,"["".agents/skills/yss-antd-design/scripts/validate-frontmatter.test.mjs"", ""submodules/yss-harness-design-agent/.agents/skills/yss-antd-design/scripts/validate-frontmatter.test.mjs"", ""submodules/yss-harness-dev-agent/.agents/skills/yss-antd-design/scripts/validate-frontmatter.test.mjs"", ""submodules/yss-harness-frontend-agent/.agents/skills/yss-antd-design/scripts/validate-frontmatter.test.mjs""]","{"".agents/skills/yss-antd-design/scripts/validate-frontmatter.test.mjs"": ""所属仓 .agents/skills 权威目录 → update-skill-lock / sync-skills → 所属 CLI sync-template"", ""submodules/yss-harness-design-agent/.agents/skills/yss-antd-design/scripts/validate-frontmatter.test.mjs"": ""所属仓 .agents/skills 权威目录 → update-skill-lock / sync-skills → 所属 CLI sync-template"", ""submodules/yss-harness-dev-agent/.agents/skills/yss-antd-design/scripts/validate-frontmatter.test.mjs"": ""所属仓 .agents/skills 权威目录 → update-skill-lock / sync-skills → 所属 CLI sync-template"", ""submodules/yss-harness-frontend-agent/.agents/skills/yss-antd-design/scripts/validate-frontmatter.test.mjs"": ""所属仓 .agents/skills 权威目录 → update-skill-lock / sync-skills → 所属 CLI sync-template""}",[],"{"".agents/skills/yss-antd-design/scripts/validate-frontmatter.test.mjs"": ""90f93479502784382b0c4d06a04d791267f6947b59521eb9a89e36491194bbf4"", ""submodules/yss-harness-design-agent/.agents/skills/yss-antd-design/scripts/validate-frontmatter.test.mjs"": ""90f93479502784382b0c4d06a04d791267f6947b59521eb9a89e36491194bbf4"", ""submodules/yss-harness-dev-agent/.agents/skills/yss-antd-design/scripts/validate-frontmatter.test.mjs"": ""90f93479502784382b0c4d06a04d791267f6947b59521eb9a89e36491194bbf4"", ""submodules/yss-harness-frontend-agent/.agents/skills/yss-antd-design/scripts/validate-frontmatter.test.mjs"": ""90f93479502784382b0c4d06a04d791267f6947b59521eb9a89e36491194bbf4""}",[],,"[""submodules/create-yss-harness-dev/template/.agents/skills/yss-antd-design/scripts/validate-frontmatter.test.mjs"", ""submodules/create-yss-spec/template/.agents/skills/yss-antd-design/scripts/validate-frontmatter.test.mjs"", ""submodules/create-yss-strategic-design/template/.agents/skills/yss-antd-design/scripts/validate-frontmatter.test.mjs""]",0,0,logs/validation-after-recovery-0.stdout; runs.jsonl; final-refresh-results.json; distribution-results-corrected.json,采样维护入口调用频次、目录/输入规模后未取得应增加复杂度的独立热点证据；保留现实现。 未取得可绑定此 SHA 的 V8 加载样本；临时模块可能已随夹具清理，不能把缺少可绑定样本解释成线上零调用或性能正常。,V8 观察是维护夹具入口频次，非线上调用频率；未观察到的实现未作逐函数性能通过声明。输入尺度详见 report.md。
915fd5d552645ed706702f84fe1ee47f61648c34eb63208c0031f342c49521ce,scripts/verify-yss-dto-openapi-profile,True,False,5,6,static-no-confirmed-hotspot,,词法/路径分类，未证明性能正常,按真实调用频率与输入规模采样；有证据再扩大分析,unknown-unless-candidate-explicitly-establishes-source,cli,"{""process_spawn"": false, ""tree_io"": false, ""network"": false, ""mutation"": false, ""sleep"": false, ""loop"": true}",manual-candidate-or-automatic-classification-not-function-level-proof,测量后保留,"[""scripts/verify-yss-dto-openapi-profile"", ""submodules/yss-harness-backend-agent/scripts/verify-yss-dto-openapi-profile"", ""submodules/yss-harness-dev-agent/scripts/verify-yss-dto-openapi-profile""]","{""scripts/verify-yss-dto-openapi-profile"": ""本体脚本权威；通过本体 CLI manifest/sync-template 分发；入口由完整核验 profile 选择"", ""submodules/yss-harness-backend-agent/scripts/verify-yss-dto-openapi-profile"": ""所属 Harness 持有 profile 变体；仅移植已核对的性能变更 → 所属 CLI sync-template"", ""submodules/yss-harness-dev-agent/scripts/verify-yss-dto-openapi-profile"": ""所属 Harness 持有 profile 变体；仅移植已核对的性能变更 → 所属 CLI sync-template""}","["".agents/skills/yss-mvc-scaffold-generator/scripts/lib/envelope.mjs"", ""scripts/lib/scenario-checks.mjs"", ""scripts/verify-template-verification-scenarios"", ""submodules/create-yss-harness-dev/template/scripts/lib/scenario-checks.mjs"", ""submodules/create-yss-harness-dev/template/scripts/verify-template-verification-scenarios"", ""submodules/create-yss-spec/template/.agents/skills/yss-mvc-scaffold-generator/scripts/lib/envelope.mjs"", ""submodules/create-yss-spec/template/scripts/lib/scenario-checks.mjs"", ""submodules/create-yss-spec/template/scripts/verify-template-verification-scenarios"", ""submodules/yss-harness-backend-agent/scripts/lib/scenario-checks.mjs"", ""submodules/yss-harness-backend-agent/scripts/verify-template-verification-scenarios"", ""submodules/yss-harness-dev-agent/scripts/lib/scenario-checks.mjs"", ""submodules/yss-harness-dev-agent/scripts/verify-template-verification-scenarios""]","{""scripts/verify-yss-dto-openapi-profile"": ""915fd5d552645ed706702f84fe1ee47f61648c34eb63208c0031f342c49521ce"", ""submodules/yss-harness-backend-agent/scripts/verify-yss-dto-openapi-profile"": ""915fd5d552645ed706702f84fe1ee47f61648c34eb63208c0031f342c49521ce"", ""submodules/yss-harness-dev-agent/scripts/verify-yss-dto-openapi-profile"": ""915fd5d552645ed706702f84fe1ee47f61648c34eb63208c0031f342c49521ce""}",[],,"[""submodules/create-yss-harness-dev/template/scripts/verify-yss-dto-openapi-profile"", ""submodules/create-yss-spec/template/scripts/verify-yss-dto-openapi-profile""]",2,384,logs/validation-after-recovery-0.stdout; runs.jsonl; final-refresh-results.json; distribution-results-corrected.json,采样维护入口调用频次、目录/输入规模后未取得应增加复杂度的独立热点证据；保留现实现。,V8 观察是维护夹具入口频次，非线上调用频率；未观察到的实现未作逐函数性能通过声明。输入尺度详见 report.md。
93ce0c5dae97f9efa06fa781a019123f3693193267acf4efef4d9027aca17c5b,submodules/yss-harness-design-agent/scripts/lib/task-package.mjs,True,False,2,2,candidate-caller,P01,命中候选函数/调用链；可能含字符串/注释，非独立瓶颈证明,沿实际调用链归因，见候选设计；不要据regex删除检查,unknown-unless-candidate-explicitly-establishes-source,library,"{""process_spawn"": true, ""tree_io"": false, ""network"": false, ""mutation"": false, ""sleep"": false, ""loop"": true}",manual-candidate-or-automatic-classification-not-function-level-proof,测量后保留,"[""submodules/yss-harness-design-agent/scripts/lib/task-package.mjs""]","{""submodules/yss-harness-design-agent/scripts/lib/task-package.mjs"": ""所属 Harness 持有 profile 变体；仅移植已核对的性能变更 → 所属 CLI sync-template""}","[""submodules/create-yss-strategic-design/template/scripts/verify-digital-human-task-package"", ""submodules/create-yss-strategic-design/template/scripts/verify-subagent-task-package-scenarios"", ""submodules/yss-harness-design-agent/scripts/verify-digital-human-task-package"", ""submodules/yss-harness-design-agent/scripts/verify-subagent-task-package-scenarios""]","{""submodules/yss-harness-design-agent/scripts/lib/task-package.mjs"": ""93ce0c5dae97f9efa06fa781a019123f3693193267acf4efef4d9027aca17c5b""}",[],P01,"[""submodules/create-yss-strategic-design/template/scripts/lib/task-package.mjs""]",0,0,logs/validation-after-recovery-0.stdout; runs.jsonl; final-refresh-results.json; distribution-results-corrected.json,采样维护入口调用频次、目录/输入规模后未取得应增加复杂度的独立热点证据；保留现实现。 未取得可绑定此 SHA 的 V8 加载样本；临时模块可能已随夹具清理，不能把缺少可绑定样本解释成线上零调用或性能正常。,V8 观察是维护夹具入口频次，非线上调用频率；未观察到的实现未作逐函数性能通过声明。输入尺度详见 report.md。
93fe098f6157d20d57aa921b9496a93538dc3b5297a1447ddb6b3c360deab6dc,scripts/verify-matt-yss-integration-scenarios,True,False,8,9,fixture-test-only,,断言/回归入口；是否启动真实环境需沿callee区分,隔离执行对应测试，区分mock/真实构建/外部资源,unknown-unless-candidate-explicitly-establishes-source,wrapper,"{""process_spawn"": false, ""tree_io"": false, ""network"": false, ""mutation"": false, ""sleep"": false, ""loop"": false}",manual-candidate-or-automatic-classification-not-function-level-proof,测量后保留,"[""scripts/verify-matt-yss-integration-scenarios"", ""submodules/yss-harness-backend-agent/scripts/verify-matt-yss-integration-scenarios"", ""submodules/yss-harness-design-agent/scripts/verify-matt-yss-integration-scenarios"", ""submodules/yss-harness-dev-agent/scripts/verify-matt-yss-integration-scenarios"", ""submodules/yss-harness-frontend-agent/scripts/verify-matt-yss-integration-scenarios""]","{""scripts/verify-matt-yss-integration-scenarios"": ""本体脚本权威；通过本体 CLI manifest/sync-template 分发；入口由完整核验 profile 选择"", ""submodules/yss-harness-backend-agent/scripts/verify-matt-yss-integration-scenarios"": ""所属 Harness 持有 profile 变体；仅移植已核对的性能变更 → 所属 CLI sync-template"", ""submodules/yss-harness-design-agent/scripts/verify-matt-yss-integration-scenarios"": ""所属 Harness 持有 profile 变体；仅移植已核对的性能变更 → 所属 CLI sync-template"", ""submodules/yss-harness-dev-agent/scripts/verify-matt-yss-integration-scenarios"": ""所属 Harness 持有 profile 变体；仅移植已核对的性能变更 → 所属 CLI sync-template"", ""submodules/yss-harness-frontend-agent/scripts/verify-matt-yss-integration-scenarios"": ""所属 Harness 持有 profile 变体；仅移植已核对的性能变更 → 所属 CLI sync-template""}","[""scripts/verify-template-verification-scenarios"", ""submodules/create-yss-harness-dev/template/scripts/verify-template-verification-scenarios"", ""submodules/create-yss-spec/template/scripts/verify-template-verification-scenarios"", ""submodules/yss-harness-backend-agent/scripts/verify-template-verification-scenarios"", ""submodules/yss-harness-dev-agent/scripts/verify-template-verification-scenarios"", ""submodules/yss-harness-frontend-agent/scripts/verify-template-verification-scenarios""]","{""scripts/verify-matt-yss-integration-scenarios"": ""93fe098f6157d20d57aa921b9496a93538dc3b5297a1447ddb6b3c360deab6dc"", ""submodules/yss-harness-backend-agent/scripts/verify-matt-yss-integration-scenarios"": ""93fe098f6157d20d57aa921b9496a93538dc3b5297a1447ddb6b3c360deab6dc"", ""submodules/yss-harness-design-agent/scripts/verify-matt-yss-integration-scenarios"": ""93fe098f6157d20d57aa921b9496a93538dc3b5297a1447ddb6b3c360deab6dc"", ""submodules/yss-harness-dev-agent/scripts/verify-matt-yss-integration-scenarios"": ""93fe098f6157d20d57aa921b9496a93538dc3b5297a1447ddb6b3c360deab6dc"", ""submodules/yss-harness-frontend-agent/scripts/verify-matt-yss-integration-scenarios"": ""93fe098f6157d20d57aa921b9496a93538dc3b5297a1447ddb6b3c360deab6dc""}",[],,"[""submodules/create-yss-harness-dev/template/scripts/verify-matt-yss-integration-scenarios"", ""submodules/create-yss-spec/template/scripts/verify-matt-yss-integration-scenarios"", ""submodules/create-yss-strategic-design/template/scripts/verify-matt-yss-integration-scenarios""]",1,1,logs/validation-after-recovery-0.stdout; runs.jsonl; final-refresh-results.json; distribution-results-corrected.json,采样维护入口调用频次、目录/输入规模后未取得应增加复杂度的独立热点证据；保留现实现。,V8 观察是维护夹具入口频次，非线上调用频率；未观察到的实现未作逐函数性能通过声明。输入尺度详见 report.md。
96a2e2de54f68dada593122552c42a654b3e98531273565a94fb3462b44811a3,scripts/verify-context-contract,True,False,8,8,wrapper-follow-callee,,短包装/重导出入口；主要成本落在callee,计入口启动开销并追踪实际callee，保留兼容入口,unknown-unless-candidate-explicitly-establishes-source,wrapper,"{""process_spawn"": false, ""tree_io"": false, ""network"": false, ""mutation"": false, ""sleep"": false, ""loop"": false}",manual-candidate-or-automatic-classification-not-function-level-proof,测量后保留,"[""scripts/verify-context-contract"", ""submodules/yss-harness-backend-agent/scripts/verify-context-contract"", ""submodules/yss-harness-design-agent/scripts/verify-context-contract"", ""submodules/yss-harness-dev-agent/scripts/verify-context-contract"", ""submodules/yss-harness-frontend-agent/scripts/verify-context-contract""]","{""scripts/verify-context-contract"": ""本体脚本权威；通过本体 CLI manifest/sync-template 分发；入口由完整核验 profile 选择"", ""submodules/yss-harness-backend-agent/scripts/verify-context-contract"": ""所属 Harness 持有 profile 变体；仅移植已核对的性能变更 → 所属 CLI sync-template"", ""submodules/yss-harness-design-agent/scripts/verify-context-contract"": ""所属 Harness 持有 profile 变体；仅移植已核对的性能变更 → 所属 CLI sync-template"", ""submodules/yss-harness-dev-agent/scripts/verify-context-contract"": ""所属 Harness 持有 profile 变体；仅移植已核对的性能变更 → 所属 CLI sync-template"", ""submodules/yss-harness-frontend-agent/scripts/verify-context-contract"": ""所属 Harness 持有 profile 变体；仅移植已核对的性能变更 → 所属 CLI sync-template""}","[""scripts/verify-context-contract-scenarios"", ""scripts/verify-context-reconciliation-scenarios"", ""scripts/verify-grill-with-docs-context-scenarios"", ""scripts/verify-strategic-context-import-scenarios"", ""scripts/verify-template-verification-scenarios"", ""submodules/create-yss-harness-dev/template/scripts/verify-strategic-context-import-scenarios"", ""submodules/create-yss-spec/template/scripts/verify-context-contract-scenarios"", ""submodules/create-yss-spec/template/scripts/verify-context-reconciliation-scenarios"", ""submodules/create-yss-spec/template/scripts/verify-grill-with-docs-context-scenarios"", ""submodules/create-yss-spec/template/scripts/verify-strategic-context-import-scenarios"", ""submodules/create-yss-spec/template/scripts/verify-template-verification-scenarios"", ""submodules/create-yss-strategic-design/template/scripts/verify-context-contract-scenarios"", ""submodules/create-yss-strategic-design/template/scripts/verify-context-reconciliation-scenarios"", ""submodules/create-yss-strategic-design/template/scripts/verify-grill-with-docs-context-scenarios"", ""submodules/create-yss-strategic-design/template/scripts/verify-strategic-context-import-scenarios"", ""submodules/create-yss-strategic-design/template/scripts/verify-strategic-design-handoff-scenarios"", ""submodules/create-yss-strategic-design/template/scripts/verify-template-verification-scenarios"", ""submodules/yss-harness-backend-agent/scripts/verify-strategic-context-import-scenarios"", ""submodules/yss-harness-design-agent/scripts/verify-context-contract-scenarios"", ""submodules/yss-harness-design-agent/scripts/verify-context-reconciliation-scenarios"", ""submodules/yss-harness-design-agent/scripts/verify-grill-with-docs-context-scenarios"", ""submodules/yss-harness-design-agent/scripts/verify-strategic-context-import-scenarios"", ""submodules/yss-harness-design-agent/scripts/verify-strategic-design-handoff-scenarios"", ""submodules/yss-harness-design-agent/scripts/verify-template-verification-scenarios"", ""submodules/yss-harness-dev-agent/scripts/verify-strategic-context-import-scenarios"", ""submodules/yss-harness-frontend-agent/scripts/verify-strategic-context-import-scenarios""]","{""scripts/verify-context-contract"": ""96a2e2de54f68dada593122552c42a654b3e98531273565a94fb3462b44811a3"", ""submodules/yss-harness-backend-agent/scripts/verify-context-contract"": ""96a2e2de54f68dada593122552c42a654b3e98531273565a94fb3462b44811a3"", ""submodules/yss-harness-design-agent/scripts/verify-context-contract"": ""96a2e2de54f68dada593122552c42a654b3e98531273565a94fb3462b44811a3"", ""submodules/yss-harness-dev-agent/scripts/verify-context-contract"": ""96a2e2de54f68dada593122552c42a654b3e98531273565a94fb3462b44811a3"", ""submodules/yss-harness-frontend-agent/scripts/verify-context-contract"": ""96a2e2de54f68dada593122552c42a654b3e98531273565a94fb3462b44811a3""}",[],,"[""submodules/create-yss-harness-dev/template/scripts/verify-context-contract"", ""submodules/create-yss-spec/template/scripts/verify-context-contract"", ""submodules/create-yss-strategic-design/template/scripts/verify-context-contract""]",23,35,logs/validation-after-recovery-0.stdout; runs.jsonl; final-refresh-results.json; distribution-results-corrected.json,采样维护入口调用频次、目录/输入规模后未取得应增加复杂度的独立热点证据；保留现实现。,V8 观察是维护夹具入口频次，非线上调用频率；未观察到的实现未作逐函数性能通过声明。输入尺度详见 report.md。
96cab2a3f06122d0847b3c57a997e793ccc54cc8b547db9b747a519b647e6a18,scripts/implementation-path-policy,True,False,7,8,static-no-confirmed-hotspot,,词法/路径分类，未证明性能正常,按真实调用频率与输入规模采样；有证据再扩大分析,unknown-unless-candidate-explicitly-establishes-source,wrapper,"{""process_spawn"": false, ""tree_io"": false, ""network"": false, ""mutation"": false, ""sleep"": false, ""loop"": false}",manual-candidate-or-automatic-classification-not-function-level-proof,测量后保留,"[""scripts/implementation-path-policy"", ""submodules/yss-harness-backend-agent/scripts/implementation-path-policy"", ""submodules/yss-harness-design-agent/scripts/implementation-path-policy"", ""submodules/yss-harness-dev-agent/scripts/implementation-path-policy"", ""submodules/yss-harness-frontend-agent/scripts/implementation-path-policy""]","{""scripts/implementation-path-policy"": ""本体脚本权威；通过本体 CLI manifest/sync-template 分发；入口由完整核验 profile 选择"", ""submodules/yss-harness-backend-agent/scripts/implementation-path-policy"": ""所属 Harness 持有 profile 变体；仅移植已核对的性能变更 → 所属 CLI sync-template"", ""submodules/yss-harness-design-agent/scripts/implementation-path-policy"": ""所属 Harness 持有 profile 变体；仅移植已核对的性能变更 → 所属 CLI sync-template"", ""submodules/yss-harness-dev-agent/scripts/implementation-path-policy"": ""所属 Harness 持有 profile 变体；仅移植已核对的性能变更 → 所属 CLI sync-template"", ""submodules/yss-harness-frontend-agent/scripts/implementation-path-policy"": ""所属 Harness 持有 profile 变体；仅移植已核对的性能变更 → 所属 CLI sync-template""}","["".agents/skills/yss-mvc-scaffold-generator/scripts/lib/envelope.mjs"", ""submodules/create-yss-spec/template/.agents/skills/yss-mvc-scaffold-generator/scripts/lib/envelope.mjs""]","{""scripts/implementation-path-policy"": ""96cab2a3f06122d0847b3c57a997e793ccc54cc8b547db9b747a519b647e6a18"", ""submodules/yss-harness-backend-agent/scripts/implementation-path-policy"": ""96cab2a3f06122d0847b3c57a997e793ccc54cc8b547db9b747a519b647e6a18"", ""submodules/yss-harness-design-agent/scripts/implementation-path-policy"": ""96cab2a3f06122d0847b3c57a997e793ccc54cc8b547db9b747a519b647e6a18"", ""submodules/yss-harness-dev-agent/scripts/implementation-path-policy"": ""96cab2a3f06122d0847b3c57a997e793ccc54cc8b547db9b747a519b647e6a18"", ""submodules/yss-harness-frontend-agent/scripts/implementation-path-policy"": ""96cab2a3f06122d0847b3c57a997e793ccc54cc8b547db9b747a519b647e6a18""}",[],,"[""submodules/create-yss-harness-dev/template/scripts/implementation-path-policy"", ""submodules/create-yss-spec/template/scripts/implementation-path-policy""]",0,0,logs/validation-after-recovery-0.stdout; runs.jsonl; final-refresh-results.json; distribution-results-corrected.json,采样维护入口调用频次、目录/输入规模后未取得应增加复杂度的独立热点证据；保留现实现。 未取得可绑定此 SHA 的 V8 加载样本；临时模块可能已随夹具清理，不能把缺少可绑定样本解释成线上零调用或性能正常。,V8 观察是维护夹具入口频次，非线上调用频率；未观察到的实现未作逐函数性能通过声明。输入尺度详见 report.md。
9711092452f5ba94c53e019b87703a86a624100637431564217414fa345e362c,.agents/skills/yss-frontend-scaffold-generator/scripts/run_scaffold_verification.mjs,True,False,2,9,candidate,P10,直接引用源码已人工核对,见关联候选验证设计,unknown-unless-candidate-explicitly-establishes-source,cli,"{""process_spawn"": true, ""tree_io"": true, ""network"": false, ""mutation"": true, ""sleep"": false, ""loop"": true}",manual-candidate-or-automatic-classification-not-function-level-proof,优化并验证,"["".agents/skills/yss-frontend-scaffold-generator/scripts/run_scaffold_verification.mjs""]","{"".agents/skills/yss-frontend-scaffold-generator/scripts/run_scaffold_verification.mjs"": ""所属仓 .agents/skills 权威目录 → update-skill-lock / sync-skills → 所属 CLI sync-template""}","["".agents/skills/yss-frontend-scaffold-generator/scripts/generate_and_verify_scaffold.mjs"", ""submodules/create-yss-spec/template/.agents/skills/yss-frontend-scaffold-generator/scripts/generate_and_verify_scaffold.mjs""]","{"".agents/skills/yss-frontend-scaffold-generator/scripts/run_scaffold_verification.mjs"": ""75eb6cdbd5234cb2dd1701af2f9a7f1cbbbeda0d56a060673532974833accf40""}","["".agents/skills/yss-frontend-scaffold-generator/scripts/run_scaffold_verification.mjs""]",P10,"[""submodules/create-yss-spec/template/.agents/skills/yss-frontend-scaffold-generator/scripts/run_scaffold_verification.mjs""]",4,22,logs/validation-after-recovery-0.stdout; runs.jsonl; final-refresh-results.json; distribution-results-corrected.json,权威实现或其受控 Harness 变体有本轮变更；验证以 Fresh Verification、相关场景和候选对照为依据，副本不冒充独立优化。,V8 观察是维护夹具入口频次，非线上调用频率；未观察到的实现未作逐函数性能通过声明。输入尺度详见 report.md。
972bef79e126c67bd4e3cecef8d708cba9f15e975bf5518dbedd9c97e9c28696,scripts/verify-template-candidate,True,False,8,9,wrapper-follow-callee,,短包装/重导出入口；主要成本落在callee,计入口启动开销并追踪实际callee，保留兼容入口,unknown-unless-candidate-explicitly-establishes-source,wrapper,"{""process_spawn"": false, ""tree_io"": false, ""network"": false, ""mutation"": false, ""sleep"": false, ""loop"": false}",manual-candidate-or-automatic-classification-not-function-level-proof,测量后保留,"[""scripts/verify-template-candidate"", ""submodules/yss-harness-backend-agent/scripts/verify-template-candidate"", ""submodules/yss-harness-design-agent/scripts/verify-template-candidate"", ""submodules/yss-harness-dev-agent/scripts/verify-template-candidate"", ""submodules/yss-harness-frontend-agent/scripts/verify-template-candidate""]","{""scripts/verify-template-candidate"": ""本体脚本权威；通过本体 CLI manifest/sync-template 分发；入口由完整核验 profile 选择"", ""submodules/yss-harness-backend-agent/scripts/verify-template-candidate"": ""所属 Harness 持有 profile 变体；仅移植已核对的性能变更 → 所属 CLI sync-template"", ""submodules/yss-harness-design-agent/scripts/verify-template-candidate"": ""所属 Harness 持有 profile 变体；仅移植已核对的性能变更 → 所属 CLI sync-template"", ""submodules/yss-harness-dev-agent/scripts/verify-template-candidate"": ""所属 Harness 持有 profile 变体；仅移植已核对的性能变更 → 所属 CLI sync-template"", ""submodules/yss-harness-frontend-agent/scripts/verify-template-candidate"": ""所属 Harness 持有 profile 变体；仅移植已核对的性能变更 → 所属 CLI sync-template""}","[""scripts/verify-maintenance-intensity-scenarios"", ""submodules/create-yss-spec/template/scripts/verify-maintenance-intensity-scenarios""]","{""scripts/verify-template-candidate"": ""972bef79e126c67bd4e3cecef8d708cba9f15e975bf5518dbedd9c97e9c28696"", ""submodules/yss-harness-backend-agent/scripts/verify-template-candidate"": ""972bef79e126c67bd4e3cecef8d708cba9f15e975bf5518dbedd9c97e9c28696"", ""submodules/yss-harness-design-agent/scripts/verify-template-candidate"": ""972bef79e126c67bd4e3cecef8d708cba9f15e975bf5518dbedd9c97e9c28696"", ""submodules/yss-harness-dev-agent/scripts/verify-template-candidate"": ""972bef79e126c67bd4e3cecef8d708cba9f15e975bf5518dbedd9c97e9c28696"", ""submodules/yss-harness-frontend-agent/scripts/verify-template-candidate"": ""972bef79e126c67bd4e3cecef8d708cba9f15e975bf5518dbedd9c97e9c28696""}",[],,"[""submodules/create-yss-harness-dev/template/scripts/verify-template-candidate"", ""submodules/create-yss-spec/template/scripts/verify-template-candidate"", ""submodules/create-yss-strategic-design/template/scripts/verify-template-candidate""]",0,0,logs/validation-after-recovery-0.stdout; runs.jsonl; final-refresh-results.json; distribution-results-corrected.json,采样维护入口调用频次、目录/输入规模后未取得应增加复杂度的独立热点证据；保留现实现。 未取得可绑定此 SHA 的 V8 加载样本；临时模块可能已随夹具清理，不能把缺少可绑定样本解释成线上零调用或性能正常。,V8 观察是维护夹具入口频次，非线上调用频率；未观察到的实现未作逐函数性能通过声明。输入尺度详见 report.md。
980aeb6ae78770761c97156f6936381e6cc3257273e444a55b2e3a132b971288,scripts/lib/export-skills.mjs,True,False,8,8,external-runtime-needs-input,,可能外部访问/更新入口，需具体参数与本地注入fixture,本轮不触发真实外部动作；区分cache/timeout与服务耗时,unknown-unless-candidate-explicitly-establishes-source,library,"{""process_spawn"": true, ""tree_io"": true, ""network"": true, ""mutation"": true, ""sleep"": false, ""loop"": true}",manual-candidate-or-automatic-classification-not-function-level-proof,外部环境待验证,"[""scripts/lib/export-skills.mjs"", ""submodules/yss-harness-backend-agent/scripts/lib/export-skills.mjs"", ""submodules/yss-harness-design-agent/scripts/lib/export-skills.mjs"", ""submodules/yss-harness-dev-agent/scripts/lib/export-skills.mjs"", ""submodules/yss-harness-frontend-agent/scripts/lib/export-skills.mjs""]","{""scripts/lib/export-skills.mjs"": ""本体脚本权威；通过本体 CLI manifest/sync-template 分发；入口由完整核验 profile 选择"", ""submodules/yss-harness-backend-agent/scripts/lib/export-skills.mjs"": ""所属 Harness 持有 profile 变体；仅移植已核对的性能变更 → 所属 CLI sync-template"", ""submodules/yss-harness-design-agent/scripts/lib/export-skills.mjs"": ""所属 Harness 持有 profile 变体；仅移植已核对的性能变更 → 所属 CLI sync-template"", ""submodules/yss-harness-dev-agent/scripts/lib/export-skills.mjs"": ""所属 Harness 持有 profile 变体；仅移植已核对的性能变更 → 所属 CLI sync-template"", ""submodules/yss-harness-frontend-agent/scripts/lib/export-skills.mjs"": ""所属 Harness 持有 profile 变体；仅移植已核对的性能变更 → 所属 CLI sync-template""}","[""scripts/export-yss-skills"", ""submodules/create-yss-harness-dev/template/scripts/export-yss-skills"", ""submodules/create-yss-spec/template/scripts/export-yss-skills"", ""submodules/create-yss-strategic-design/template/scripts/export-yss-skills"", ""submodules/yss-harness-backend-agent/scripts/export-yss-skills"", ""submodules/yss-harness-design-agent/scripts/export-yss-skills"", ""submodules/yss-harness-dev-agent/scripts/export-yss-skills"", ""submodules/yss-harness-frontend-agent/scripts/export-yss-skills""]","{""scripts/lib/export-skills.mjs"": ""980aeb6ae78770761c97156f6936381e6cc3257273e444a55b2e3a132b971288"", ""submodules/yss-harness-backend-agent/scripts/lib/export-skills.mjs"": ""980aeb6ae78770761c97156f6936381e6cc3257273e444a55b2e3a132b971288"", ""submodules/yss-harness-design-agent/scripts/lib/export-skills.mjs"": ""980aeb6ae78770761c97156f6936381e6cc3257273e444a55b2e3a132b971288"", ""submodules/yss-harness-dev-agent/scripts/lib/export-skills.mjs"": ""980aeb6ae78770761c97156f6936381e6cc3257273e444a55b2e3a132b971288"", ""submodules/yss-harness-frontend-agent/scripts/lib/export-skills.mjs"": ""980aeb6ae78770761c97156f6936381e6cc3257273e444a55b2e3a132b971288""}",[],,"[""submodules/create-yss-harness-dev/template/scripts/lib/export-skills.mjs"", ""submodules/create-yss-spec/template/scripts/lib/export-skills.mjs"", ""submodules/create-yss-strategic-design/template/scripts/lib/export-skills.mjs""]",2,96645,logs/validation-after-recovery-0.stdout; runs.jsonl; final-refresh-results.json; distribution-results-corrected.json,本轮只执行维护夹具；真实依赖、实际工程、远端网络或显式 self-update 缺少已选真实环境，不把 mock 用时算作外部收益。,V8 观察是维护夹具入口频次，非线上调用频率；未观察到的实现未作逐函数性能通过声明。输入尺度详见 report.md。
98143e45423ff491682b143fd9bc6a749be0ed97ff300936963a286435d0c313,.template-source/scripts/verify-delivery-harness-distribution.mjs,True,False,1,1,candidate,P05,直接引用源码已人工核对,见关联候选验证设计,unknown-unless-candidate-explicitly-establishes-source,cli,"{""process_spawn"": true, ""tree_io"": true, ""network"": false, ""mutation"": true, ""sleep"": false, ""loop"": true}",manual-candidate-or-automatic-classification-not-function-level-proof,优化并验证,"["".template-source/scripts/verify-delivery-harness-distribution.mjs""]","{"".template-source/scripts/verify-delivery-harness-distribution.mjs"": ""本体脚本权威；通过本体 CLI manifest/sync-template 分发；入口由完整核验 profile 选择""}",[],"{"".template-source/scripts/verify-delivery-harness-distribution.mjs"": ""4cff103fe1dbd2c9c5fe87a3ef1f6c736f67bc07e8b9d79c704e99a67912ebfb""}","["".template-source/scripts/verify-delivery-harness-distribution.mjs""]",P05,[],1,300,logs/validation-after-recovery-0.stdout; runs.jsonl; final-refresh-results.json; distribution-results-corrected.json,权威实现或其受控 Harness 变体有本轮变更；验证以 Fresh Verification、相关场景和候选对照为依据，副本不冒充独立优化。,V8 观察是维护夹具入口频次，非线上调用频率；未观察到的实现未作逐函数性能通过声明。输入尺度详见 report.md。
9815cafce4e545c5b342874b2fd4a27dd5f9977d5e0b564740ada2f47f6832ba,scripts/verify-maintenance-checkpoint,True,False,2,2,wrapper-follow-callee,,短包装/重导出入口；主要成本落在callee,计入口启动开销并追踪实际callee，保留兼容入口,unknown-unless-candidate-explicitly-establishes-source,wrapper,"{""process_spawn"": false, ""tree_io"": false, ""network"": false, ""mutation"": false, ""sleep"": false, ""loop"": false}",manual-candidate-or-automatic-classification-not-function-level-proof,测量后保留,"[""scripts/verify-maintenance-checkpoint""]","{""scripts/verify-maintenance-checkpoint"": ""本体脚本权威；通过本体 CLI manifest/sync-template 分发；入口由完整核验 profile 选择""}","["".agents/skills/yss-mvc-scaffold-generator/scripts/lib/envelope.mjs"", ""scripts/run-template-verification"", ""scripts/verify-maintenance-checkpoint"", ""scripts/verify-template-verification-scenarios"", ""submodules/create-yss-spec/template/.agents/skills/yss-mvc-scaffold-generator/scripts/lib/envelope.mjs"", ""submodules/create-yss-spec/template/scripts/run-template-verification"", ""submodules/create-yss-spec/template/scripts/verify-maintenance-checkpoint"", ""submodules/create-yss-spec/template/scripts/verify-template-verification-scenarios""]","{""scripts/verify-maintenance-checkpoint"": ""9815cafce4e545c5b342874b2fd4a27dd5f9977d5e0b564740ada2f47f6832ba""}",[],,"[""submodules/create-yss-spec/template/scripts/verify-maintenance-checkpoint""]",1,1,logs/validation-after-recovery-0.stdout; runs.jsonl; final-refresh-results.json; distribution-results-corrected.json,采样维护入口调用频次、目录/输入规模后未取得应增加复杂度的独立热点证据；保留现实现。,V8 观察是维护夹具入口频次，非线上调用频率；未观察到的实现未作逐函数性能通过声明。输入尺度详见 report.md。
98977b471e33c531b102cfd09e073e57d879ec6869dd8319a5998ab45aeb2b12,.agents/skills/yss-prototype-stage/scripts/visual-baseline-contract.mjs,True,False,7,25,static-no-confirmed-hotspot,,词法/路径分类，未证明性能正常,按真实调用频率与输入规模采样；有证据再扩大分析,unknown-unless-candidate-explicitly-establishes-source,cli,"{""process_spawn"": false, ""tree_io"": true, ""network"": false, ""mutation"": true, ""sleep"": false, ""loop"": true}",manual-candidate-or-automatic-classification-not-function-level-proof,测量后保留,"["".agents/skills/yss-prototype-stage/scripts/visual-baseline-contract.mjs"", ""submodules/yss-harness-design-agent/.agents/skills/yss-prototype-stage/scripts/visual-baseline-contract.mjs"", ""submodules/yss-harness-dev-agent/.agents/skills/yss-prototype-stage/scripts/visual-baseline-contract.mjs"", ""submodules/yss-harness-frontend-agent/.agents/skills/yss-prototype-stage/scripts/visual-baseline-contract.mjs""]","{"".agents/skills/yss-prototype-stage/scripts/visual-baseline-contract.mjs"": ""所属仓 .agents/skills 权威目录 → update-skill-lock / sync-skills → 所属 CLI sync-template"", ""submodules/yss-harness-design-agent/.agents/skills/yss-prototype-stage/scripts/visual-baseline-contract.mjs"": ""所属仓 .agents/skills 权威目录 → update-skill-lock / sync-skills → 所属 CLI sync-template"", ""submodules/yss-harness-dev-agent/.agents/skills/yss-prototype-stage/scripts/visual-baseline-contract.mjs"": ""所属仓 .agents/skills 权威目录 → update-skill-lock / sync-skills → 所属 CLI sync-template"", ""submodules/yss-harness-frontend-agent/.agents/skills/yss-prototype-stage/scripts/visual-baseline-contract.mjs"": ""所属仓 .agents/skills 权威目录 → update-skill-lock / sync-skills → 所属 CLI sync-template""}","["".agents/skills/yss-prototype-stage/tests/run-scenarios.mjs"", ""scripts/fixtures/strategic-handoff/fixture.mjs"", ""scripts/lib/strategic-handoff.mjs"", ""scripts/verify-frontend-implementation-evidence"", ""scripts/verify-frontend-implementation-evidence-scenarios"", ""scripts/verify-strategic-context-import"", ""scripts/verify-strategic-context-import-scenarios"", ""submodules/create-yss-harness-dev/template/scripts/fixtures/strategic-handoff/fixture.mjs"", ""submodules/create-yss-harness-dev/template/scripts/lib/strategic-handoff.mjs"", ""submodules/create-yss-harness-dev/template/scripts/verify-frontend-implementation-evidence"", ""submodules/create-yss-harness-dev/template/scripts/verify-frontend-implementation-evidence-scenarios"", ""submodules/create-yss-harness-dev/template/scripts/verify-strategic-context-import"", ""submodules/create-yss-harness-dev/template/scripts/verify-strategic-context-import-scenarios"", ""submodules/create-yss-spec/template/.agents/skills/yss-prototype-stage/tests/run-scenarios.mjs"", ""submodules/create-yss-spec/template/scripts/fixtures/strategic-handoff/fixture.mjs"", ""submodules/create-yss-spec/template/scripts/lib/strategic-handoff.mjs"", ""submodules/create-yss-spec/template/scripts/sync-strategic-handoff-tools"", ""submodules/create-yss-spec/template/scripts/verify-frontend-implementation-evidence"", ""submodules/create-yss-spec/template/scripts/verify-frontend-implementation-evidence-scenarios"", ""submodules/create-yss-spec/template/scripts/verify-strategic-context-import"", ""submodules/create-yss-spec/template/scripts/verify-strategic-context-import-scenarios"", ""submodules/create-yss-strategic-design/template/scripts/fixtures/strategic-handoff/fixture.mjs"", ""submodules/create-yss-strategic-design/template/scripts/lib/strategic-handoff.mjs"", ""submodules/create-yss-strategic-design/template/scripts/verify-strategic-context-import"", ""submodules/create-yss-strategic-design/template/scripts/verify-strategic-context-import-scenarios"", ""submodules/create-yss-strategic-design/template/scripts/verify-strategic-design-handoff"", ""submodules/create-yss-strategic-design/template/scripts/verify-strategic-design-handoff-scenarios"", ""submodules/yss-harness-design-agent/scripts/fixtures/strategic-handoff/fixture.mjs"", ""submodules/yss-harness-design-agent/scripts/lib/strategic-handoff.mjs"", ""submodules/yss-harness-design-agent/scripts/verify-strategic-context-import"", ""submodules/yss-harness-design-agent/scripts/verify-strategic-context-import-scenarios"", ""submodules/yss-harness-design-agent/scripts/verify-strategic-design-handoff"", ""submodules/yss-harness-design-agent/scripts/verify-strategic-design-handoff-scenarios"", ""submodules/yss-harness-dev-agent/scripts/fixtures/strategic-handoff/fixture.mjs"", ""submodules/yss-harness-dev-agent/scripts/lib/strategic-handoff.mjs"", ""submodules/yss-harness-dev-agent/scripts/verify-frontend-implementation-evidence"", ""submodules/yss-harness-dev-agent/scripts/verify-frontend-implementation-evidence-scenarios"", ""submodules/yss-harness-dev-agent/scripts/verify-strategic-context-import"", ""submodules/yss-harness-dev-agent/scripts/verify-strategic-context-import-scenarios"", ""submodules/yss-harness-frontend-agent/scripts/fixtures/strategic-handoff/fixture.mjs"", ""submodules/yss-harness-frontend-agent/scripts/lib/strategic-handoff.mjs"", ""submodules/yss-harness-frontend-agent/scripts/verify-frontend-implementation-evidence"", ""submodules/yss-harness-frontend-agent/scripts/verify-frontend-implementation-evidence-scenarios"", ""submodules/yss-harness-frontend-agent/scripts/verify-strategic-context-import"", ""submodules/yss-harness-frontend-agent/scripts/verify-strategic-context-import-scenarios""]","{"".agents/skills/yss-prototype-stage/scripts/visual-baseline-contract.mjs"": ""98977b471e33c531b102cfd09e073e57d879ec6869dd8319a5998ab45aeb2b12"", ""submodules/yss-harness-design-agent/.agents/skills/yss-prototype-stage/scripts/visual-baseline-contract.mjs"": ""98977b471e33c531b102cfd09e073e57d879ec6869dd8319a5998ab45aeb2b12"", ""submodules/yss-harness-dev-agent/.agents/skills/yss-prototype-stage/scripts/visual-baseline-contract.mjs"": ""98977b471e33c531b102cfd09e073e57d879ec6869dd8319a5998ab45aeb2b12"", ""submodules/yss-harness-frontend-agent/.agents/skills/yss-prototype-stage/scripts/visual-baseline-contract.mjs"": ""98977b471e33c531b102cfd09e073e57d879ec6869dd8319a5998ab45aeb2b12""}",[],,"[""submodules/create-yss-harness-dev/template/.agents/skills/yss-prototype-stage/scripts/visual-baseline-contract.mjs"", ""submodules/create-yss-spec/template/.agents/skills/yss-prototype-stage/scripts/visual-baseline-contract.mjs"", ""submodules/create-yss-strategic-design/template/.agents/skills/yss-prototype-stage/scripts/visual-baseline-contract.mjs""]",36,45500,logs/validation-after-recovery-0.stdout; runs.jsonl; final-refresh-results.json; distribution-results-corrected.json,采样维护入口调用频次、目录/输入规模后未取得应增加复杂度的独立热点证据；保留现实现。,V8 观察是维护夹具入口频次，非线上调用频率；未观察到的实现未作逐函数性能通过声明。输入尺度详见 report.md。
99b27996511454eee5ffc447a2a50f078fba75516d1c46ee0a6b194b81d5aff8,.agents/skills/yss-cache/scripts/verify-cache-component.sh,True,False,5,33,static-no-confirmed-hotspot,,词法/路径分类，未证明性能正常,按真实调用频率与输入规模采样；有证据再扩大分析,unknown-unless-candidate-explicitly-establishes-source,cli,"{""process_spawn"": false, ""tree_io"": true, ""network"": false, ""mutation"": false, ""sleep"": false, ""loop"": true}",manual-candidate-or-automatic-classification-not-function-level-proof,测量后保留,"["".agents/skills/yss-cache/scripts/verify-cache-component.sh"", ""submodules/yss-harness-backend-agent/.agents/skills/yss-cache/scripts/verify-cache-component.sh"", ""submodules/yss-harness-dev-agent/.agents/skills/yss-cache/scripts/verify-cache-component.sh""]","{"".agents/skills/yss-cache/scripts/verify-cache-component.sh"": ""所属仓 .agents/skills 权威目录 → update-skill-lock / sync-skills → 所属 CLI sync-template"", ""submodules/yss-harness-backend-agent/.agents/skills/yss-cache/scripts/verify-cache-component.sh"": ""所属仓 .agents/skills 权威目录 → update-skill-lock / sync-skills → 所属 CLI sync-template"", ""submodules/yss-harness-dev-agent/.agents/skills/yss-cache/scripts/verify-cache-component.sh"": ""所属仓 .agents/skills 权威目录 → update-skill-lock / sync-skills → 所属 CLI sync-template""}",[],"{"".agents/skills/yss-cache/scripts/verify-cache-component.sh"": ""99b27996511454eee5ffc447a2a50f078fba75516d1c46ee0a6b194b81d5aff8"", ""submodules/yss-harness-backend-agent/.agents/skills/yss-cache/scripts/verify-cache-component.sh"": ""99b27996511454eee5ffc447a2a50f078fba75516d1c46ee0a6b194b81d5aff8"", ""submodules/yss-harness-dev-agent/.agents/skills/yss-cache/scripts/verify-cache-component.sh"": ""99b27996511454eee5ffc447a2a50f078fba75516d1c46ee0a6b194b81d5aff8""}",[],,"[""submodules/create-yss-harness-dev/template/.agents/skills/yss-cache/scripts/verify-cache-component.sh"", ""submodules/create-yss-spec/template/.agents/skills/yss-cache/scripts/verify-cache-component.sh""]",0,0,logs/validation-after-recovery-0.stdout; runs.jsonl; final-refresh-results.json; distribution-results-corrected.json,采样维护入口调用频次、目录/输入规模后未取得应增加复杂度的独立热点证据；保留现实现。 未取得可绑定此 SHA 的 V8 加载样本；临时模块可能已随夹具清理，不能把缺少可绑定样本解释成线上零调用或性能正常。,V8 观察是维护夹具入口频次，非线上调用频率；未观察到的实现未作逐函数性能通过声明。输入尺度详见 report.md。
9a00793cb073170b322ea1611c7db43c6b8058cc747c655521b623761cbe0e87,submodules/create-yss-strategic-design/src/manifest.js,False,True,1,1,static-no-confirmed-hotspot,,词法/路径分类，未证明性能正常,按真实调用频率与输入规模采样；有证据再扩大分析,unknown-unless-candidate-explicitly-establishes-source,library,"{""process_spawn"": false, ""tree_io"": false, ""network"": false, ""mutation"": false, ""sleep"": false, ""loop"": false}",manual-candidate-or-automatic-classification-not-function-level-proof,测量后保留,"[""submodules/create-yss-strategic-design/src/manifest.js""]","{""submodules/create-yss-strategic-design/src/manifest.js"": ""所属 CLI 自有源码；test:unit / test:prepared / sync-template；不以同名合并来源""}","[""submodules/create-yss-strategic-design/scripts/sync-template.js""]","{""submodules/create-yss-strategic-design/src/manifest.js"": ""9a00793cb073170b322ea1611c7db43c6b8058cc747c655521b623761cbe0e87""}",[],,[],0,0,logs/validation-after-recovery-0.stdout; runs.jsonl; final-refresh-results.json; distribution-results-corrected.json,采样维护入口调用频次、目录/输入规模后未取得应增加复杂度的独立热点证据；保留现实现。 未取得可绑定此 SHA 的 V8 加载样本；临时模块可能已随夹具清理，不能把缺少可绑定样本解释成线上零调用或性能正常。,V8 观察是维护夹具入口频次，非线上调用频率；未观察到的实现未作逐函数性能通过声明。输入尺度详见 report.md。
9a152e0201cadb73bcf87397f3bfa9289cbdda8a80b2e73413a0be89ca650819,submodules/create-yss-harness-backend/bin/create-yss-harness-backend.js,False,True,2,2,wrapper-follow-callee,,短包装/重导出入口；主要成本落在callee,计入口启动开销并追踪实际callee，保留兼容入口,unknown-unless-candidate-explicitly-establishes-source,wrapper,"{""process_spawn"": false, ""tree_io"": false, ""network"": false, ""mutation"": false, ""sleep"": false, ""loop"": false}",manual-candidate-or-automatic-classification-not-function-level-proof,测量后保留,"[""submodules/create-yss-harness-backend/bin/create-yss-harness-backend.js"", ""submodules/create-yss-harness-frontend/bin/create-yss-harness-frontend.js""]","{""submodules/create-yss-harness-backend/bin/create-yss-harness-backend.js"": ""所属 CLI 自有源码；test:unit / test:prepared / sync-template；不以同名合并来源"", ""submodules/create-yss-harness-frontend/bin/create-yss-harness-frontend.js"": ""所属 CLI 自有源码；test:unit / test:prepared / sync-template；不以同名合并来源""}","[""audit-supplemental-entrypoints""]","{""submodules/create-yss-harness-backend/bin/create-yss-harness-backend.js"": ""9a152e0201cadb73bcf87397f3bfa9289cbdda8a80b2e73413a0be89ca650819"", ""submodules/create-yss-harness-frontend/bin/create-yss-harness-frontend.js"": ""9a152e0201cadb73bcf87397f3bfa9289cbdda8a80b2e73413a0be89ca650819""}",[],,[],6,6,logs/validation-after-recovery-0.stdout; runs.jsonl; final-refresh-results.json; distribution-results-corrected.json,采样维护入口调用频次、目录/输入规模后未取得应增加复杂度的独立热点证据；保留现实现。,V8 观察是维护夹具入口频次，非线上调用频率；未观察到的实现未作逐函数性能通过声明。输入尺度详见 report.md。
9a22cef7a8f25b92085e9210a8c3ec03eff826767a8e6ca8f5c3b13d82235376,submodules/yss-harness-dev-agent/scripts/lib/scenario-checks.mjs,True,False,2,2,fixture-test-only,,测试检查/合成Git仓工具，按实际回归场景测量，不独立产品基准,只读源码抽样核对；隔离真实输入计时；若关联候选则采用其验证设计,unknown-unless-candidate-explicitly-establishes-source,library,"{""process_spawn"": true, ""tree_io"": false, ""network"": false, ""mutation"": false, ""sleep"": false, ""loop"": true}",manual-candidate-or-automatic-classification-not-function-level-proof,测量后保留,"[""submodules/yss-harness-dev-agent/scripts/lib/scenario-checks.mjs""]","{""submodules/yss-harness-dev-agent/scripts/lib/scenario-checks.mjs"": ""所属 Harness 持有 profile 变体；仅移植已核对的性能变更 → 所属 CLI sync-template""}","[""submodules/create-yss-harness-dev/template/scripts/verify-lifecycle-scenarios"", ""submodules/create-yss-harness-dev/template/scripts/verify-matt-yss-integration-scenarios"", ""submodules/create-yss-harness-dev/template/scripts/verify-openapi-json-handoff-scenarios"", ""submodules/create-yss-harness-dev/template/scripts/verify-openapi-yaml-first-scenarios"", ""submodules/create-yss-harness-dev/template/scripts/verify-prototype-backend-scaffold-scenarios"", ""submodules/create-yss-harness-dev/template/scripts/verify-yss-dto-openapi-scenarios"", ""submodules/create-yss-harness-dev/template/scripts/verify-yss-implementation-contract-compiler-scenarios"", ""submodules/yss-harness-dev-agent/scripts/verify-lifecycle-scenarios"", ""submodules/yss-harness-dev-agent/scripts/verify-matt-yss-integration-scenarios"", ""submodules/yss-harness-dev-agent/scripts/verify-openapi-json-handoff-scenarios"", ""submodules/yss-harness-dev-agent/scripts/verify-openapi-yaml-first-scenarios"", ""submodules/yss-harness-dev-agent/scripts/verify-prototype-backend-scaffold-scenarios"", ""submodules/yss-harness-dev-agent/scripts/verify-yss-dto-openapi-scenarios"", ""submodules/yss-harness-dev-agent/scripts/verify-yss-implementation-contract-compiler-scenarios""]","{""submodules/yss-harness-dev-agent/scripts/lib/scenario-checks.mjs"": ""9a22cef7a8f25b92085e9210a8c3ec03eff826767a8e6ca8f5c3b13d82235376""}",[],,"[""submodules/create-yss-harness-dev/template/scripts/lib/scenario-checks.mjs""]",0,0,logs/validation-after-recovery-0.stdout; runs.jsonl; final-refresh-results.json; distribution-results-corrected.json,采样维护入口调用频次、目录/输入规模后未取得应增加复杂度的独立热点证据；保留现实现。 未取得可绑定此 SHA 的 V8 加载样本；临时模块可能已随夹具清理，不能把缺少可绑定样本解释成线上零调用或性能正常。,V8 观察是维护夹具入口频次，非线上调用频率；未观察到的实现未作逐函数性能通过声明。输入尺度详见 report.md。
9a2b138d20dbfee43ef6743bffdf1af129f1d3eb0d00091eff0c2d6c667fa40e,.template-source/scripts/evidence-index,True,False,4,4,static-no-confirmed-hotspot,,维护冻结/证据路径；大diff或候选包需RSS规模测量，非日常产品流程优先项,只读源码抽样核对；隔离真实输入计时；若关联候选则采用其验证设计,unknown-unless-candidate-explicitly-establishes-source,cli,"{""process_spawn"": true, ""tree_io"": true, ""network"": false, ""mutation"": true, ""sleep"": false, ""loop"": true}",manual-candidate-or-automatic-classification-not-function-level-proof,测量后保留,"["".template-source/scripts/evidence-index"", ""submodules/yss-harness-backend-agent/.template-source/scripts/evidence-index"", ""submodules/yss-harness-dev-agent/.template-source/scripts/evidence-index"", ""submodules/yss-harness-frontend-agent/.template-source/scripts/evidence-index""]","{"".template-source/scripts/evidence-index"": ""本体脚本权威；通过本体 CLI manifest/sync-template 分发；入口由完整核验 profile 选择"", ""submodules/yss-harness-backend-agent/.template-source/scripts/evidence-index"": ""所属 Harness 持有 profile 变体；仅移植已核对的性能变更 → 所属 CLI sync-template"", ""submodules/yss-harness-dev-agent/.template-source/scripts/evidence-index"": ""所属 Harness 持有 profile 变体；仅移植已核对的性能变更 → 所属 CLI sync-template"", ""submodules/yss-harness-frontend-agent/.template-source/scripts/evidence-index"": ""所属 Harness 持有 profile 变体；仅移植已核对的性能变更 → 所属 CLI sync-template""}","[""scripts/verify-template-verification-scenarios"", ""submodules/yss-harness-backend-agent/scripts/verify-template-verification-scenarios"", ""submodules/yss-harness-dev-agent/scripts/verify-template-verification-scenarios"", ""submodules/yss-harness-frontend-agent/scripts/verify-template-verification-scenarios""]","{"".template-source/scripts/evidence-index"": ""9a2b138d20dbfee43ef6743bffdf1af129f1d3eb0d00091eff0c2d6c667fa40e"", ""submodules/yss-harness-backend-agent/.template-source/scripts/evidence-index"": ""9a2b138d20dbfee43ef6743bffdf1af129f1d3eb0d00091eff0c2d6c667fa40e"", ""submodules/yss-harness-dev-agent/.template-source/scripts/evidence-index"": ""9a2b138d20dbfee43ef6743bffdf1af129f1d3eb0d00091eff0c2d6c667fa40e"", ""submodules/yss-harness-frontend-agent/.template-source/scripts/evidence-index"": ""9a2b138d20dbfee43ef6743bffdf1af129f1d3eb0d00091eff0c2d6c667fa40e""}",[],,[],6,119,logs/validation-after-recovery-0.stdout; runs.jsonl; final-refresh-results.json; distribution-results-corrected.json,采样维护入口调用频次、目录/输入规模后未取得应增加复杂度的独立热点证据；保留现实现。,V8 观察是维护夹具入口频次，非线上调用频率；未观察到的实现未作逐函数性能通过声明。输入尺度详见 report.md。
9a7ab1424b1a2b187bcc2105d16dee9fe84bc4018ecc7e5db75ce07455f17360,scripts/verify-scaffold-architecture-decision-scenarios,True,False,2,2,fixture-test-only,,断言/回归入口；是否启动真实环境需沿callee区分,隔离执行对应测试，区分mock/真实构建/外部资源,unknown-unless-candidate-explicitly-establishes-source,cli,"{""process_spawn"": true, ""tree_io"": true, ""network"": false, ""mutation"": true, ""sleep"": false, ""loop"": true}",manual-candidate-or-automatic-classification-not-function-level-proof,测量后保留,"[""scripts/verify-scaffold-architecture-decision-scenarios""]","{""scripts/verify-scaffold-architecture-decision-scenarios"": ""本体脚本权威；通过本体 CLI manifest/sync-template 分发；入口由完整核验 profile 选择""}",[],"{""scripts/verify-scaffold-architecture-decision-scenarios"": ""9a7ab1424b1a2b187bcc2105d16dee9fe84bc4018ecc7e5db75ce07455f17360""}",[],,"[""submodules/create-yss-spec/template/scripts/verify-scaffold-architecture-decision-scenarios""]",1,14,logs/validation-after-recovery-0.stdout; runs.jsonl; final-refresh-results.json; distribution-results-corrected.json,采样维护入口调用频次、目录/输入规模后未取得应增加复杂度的独立热点证据；保留现实现。,V8 观察是维护夹具入口频次，非线上调用频率；未观察到的实现未作逐函数性能通过声明。输入尺度详见 report.md。
9ab43edbcf48ab6677ca7389e959a557d52939455ed309e5306391aa48ef0b10,scripts/verify-strategic-handoff-consumption,True,False,8,8,wrapper-follow-callee,,短包装/重导出入口；主要成本落在callee,计入口启动开销并追踪实际callee，保留兼容入口,unknown-unless-candidate-explicitly-establishes-source,wrapper,"{""process_spawn"": false, ""tree_io"": false, ""network"": false, ""mutation"": false, ""sleep"": false, ""loop"": false}",manual-candidate-or-automatic-classification-not-function-level-proof,测量后保留,"[""scripts/verify-strategic-handoff-consumption""]","{""scripts/verify-strategic-handoff-consumption"": ""本体脚本权威；通过本体 CLI manifest/sync-template 分发；入口由完整核验 profile 选择""}","["".template-source/scripts/verify-strategic-handoff-distribution.mjs"", ""scripts/sync-strategic-handoff-tools"", ""submodules/create-yss-spec/template/scripts/sync-strategic-handoff-tools""]","{""scripts/verify-strategic-handoff-consumption"": ""9ab43edbcf48ab6677ca7389e959a557d52939455ed309e5306391aa48ef0b10""}",[],,"[""submodules/create-yss-harness-dev/template/scripts/verify-strategic-handoff-consumption"", ""submodules/create-yss-spec/template/scripts/verify-strategic-handoff-consumption"", ""submodules/create-yss-strategic-design/template/scripts/verify-strategic-handoff-consumption"", ""submodules/yss-harness-backend-agent/scripts/verify-strategic-handoff-consumption"", ""submodules/yss-harness-design-agent/scripts/verify-strategic-handoff-consumption"", ""submodules/yss-harness-dev-agent/scripts/verify-strategic-handoff-consumption"", ""submodules/yss-harness-frontend-agent/scripts/verify-strategic-handoff-consumption""]",0,0,logs/validation-after-recovery-0.stdout; runs.jsonl; final-refresh-results.json; distribution-results-corrected.json,采样维护入口调用频次、目录/输入规模后未取得应增加复杂度的独立热点证据；保留现实现。 未取得可绑定此 SHA 的 V8 加载样本；临时模块可能已随夹具清理，不能把缺少可绑定样本解释成线上零调用或性能正常。,V8 观察是维护夹具入口频次，非线上调用频率；未观察到的实现未作逐函数性能通过声明。输入尺度详见 report.md。
9c07cd5ccd9db11e71999710193fdd8c284b57cabf076e85a5b7d466bdc24d51,scripts/audit-yss-backend-skills,True,False,6,6,static-no-confirmed-hotspot,,词法/路径分类，未证明性能正常,按真实调用频率与输入规模采样；有证据再扩大分析,unknown-unless-candidate-explicitly-establishes-source,cli,"{""process_spawn"": false, ""tree_io"": false, ""network"": false, ""mutation"": false, ""sleep"": false, ""loop"": true}",manual-candidate-or-automatic-classification-not-function-level-proof,测量后保留,"[""scripts/audit-yss-backend-skills"", ""submodules/yss-harness-backend-agent/scripts/audit-yss-backend-skills"", ""submodules/yss-harness-dev-agent/scripts/audit-yss-backend-skills"", ""submodules/yss-harness-frontend-agent/scripts/audit-yss-backend-skills""]","{""scripts/audit-yss-backend-skills"": ""本体脚本权威；通过本体 CLI manifest/sync-template 分发；入口由完整核验 profile 选择"", ""submodules/yss-harness-backend-agent/scripts/audit-yss-backend-skills"": ""所属 Harness 持有 profile 变体；仅移植已核对的性能变更 → 所属 CLI sync-template"", ""submodules/yss-harness-dev-agent/scripts/audit-yss-backend-skills"": ""所属 Harness 持有 profile 变体；仅移植已核对的性能变更 → 所属 CLI sync-template"", ""submodules/yss-harness-frontend-agent/scripts/audit-yss-backend-skills"": ""所属 Harness 持有 profile 变体；仅移植已核对的性能变更 → 所属 CLI sync-template""}","[""scripts/verify-template-verification-scenarios"", ""submodules/create-yss-harness-dev/template/scripts/verify-template-verification-scenarios"", ""submodules/create-yss-spec/template/scripts/verify-template-verification-scenarios"", ""submodules/yss-harness-backend-agent/scripts/verify-template-verification-scenarios"", ""submodules/yss-harness-dev-agent/scripts/verify-template-verification-scenarios""]","{""scripts/audit-yss-backend-skills"": ""9c07cd5ccd9db11e71999710193fdd8c284b57cabf076e85a5b7d466bdc24d51"", ""submodules/yss-harness-backend-agent/scripts/audit-yss-backend-skills"": ""9c07cd5ccd9db11e71999710193fdd8c284b57cabf076e85a5b7d466bdc24d51"", ""submodules/yss-harness-dev-agent/scripts/audit-yss-backend-skills"": ""9c07cd5ccd9db11e71999710193fdd8c284b57cabf076e85a5b7d466bdc24d51"", ""submodules/yss-harness-frontend-agent/scripts/audit-yss-backend-skills"": ""9c07cd5ccd9db11e71999710193fdd8c284b57cabf076e85a5b7d466bdc24d51""}",[],,"[""submodules/create-yss-harness-dev/template/scripts/audit-yss-backend-skills"", ""submodules/create-yss-spec/template/scripts/audit-yss-backend-skills""]",1,1497,logs/validation-after-recovery-0.stdout; runs.jsonl; final-refresh-results.json; distribution-results-corrected.json,采样维护入口调用频次、目录/输入规模后未取得应增加复杂度的独立热点证据；保留现实现。,V8 观察是维护夹具入口频次，非线上调用频率；未观察到的实现未作逐函数性能通过声明。输入尺度详见 report.md。
9ea30d29eb29b878c3cd82345edf722b5cfdae1e9ac51eade1c565a40f3d0485,scripts/lib/git-submodule-fixtures.mjs,True,False,7,8,fixture-test-only,,测试检查/合成Git仓工具，按实际回归场景测量，不独立产品基准,只读源码抽样核对；隔离真实输入计时；若关联候选则采用其验证设计,unknown-unless-candidate-explicitly-establishes-source,library,"{""process_spawn"": true, ""tree_io"": true, ""network"": false, ""mutation"": true, ""sleep"": false, ""loop"": true}",manual-candidate-or-automatic-classification-not-function-level-proof,测量后保留,"[""scripts/lib/git-submodule-fixtures.mjs"", ""submodules/yss-harness-backend-agent/scripts/lib/git-submodule-fixtures.mjs"", ""submodules/yss-harness-design-agent/scripts/lib/git-submodule-fixtures.mjs"", ""submodules/yss-harness-dev-agent/scripts/lib/git-submodule-fixtures.mjs"", ""submodules/yss-harness-frontend-agent/scripts/lib/git-submodule-fixtures.mjs""]","{""scripts/lib/git-submodule-fixtures.mjs"": ""本体脚本权威；通过本体 CLI manifest/sync-template 分发；入口由完整核验 profile 选择"", ""submodules/yss-harness-backend-agent/scripts/lib/git-submodule-fixtures.mjs"": ""所属 Harness 持有 profile 变体；仅移植已核对的性能变更 → 所属 CLI sync-template"", ""submodules/yss-harness-design-agent/scripts/lib/git-submodule-fixtures.mjs"": ""所属 Harness 持有 profile 变体；仅移植已核对的性能变更 → 所属 CLI sync-template"", ""submodules/yss-harness-dev-agent/scripts/lib/git-submodule-fixtures.mjs"": ""所属 Harness 持有 profile 变体；仅移植已核对的性能变更 → 所属 CLI sync-template"", ""submodules/yss-harness-frontend-agent/scripts/lib/git-submodule-fixtures.mjs"": ""所属 Harness 持有 profile 变体；仅移植已核对的性能变更 → 所属 CLI sync-template""}","["".agents/skills/yss-ddd-scaffold-generator/scripts/scaffold-generator.test.mjs"", ""scripts/verify-repository-scope-scenarios"", ""submodules/create-yss-harness-dev/template/.agents/skills/yss-ddd-scaffold-generator/scripts/scaffold-generator.test.mjs"", ""submodules/create-yss-harness-dev/template/scripts/verify-repository-scope-scenarios"", ""submodules/create-yss-spec/template/.agents/skills/yss-ddd-scaffold-generator/scripts/scaffold-generator.test.mjs"", ""submodules/create-yss-spec/template/scripts/verify-repository-scope-scenarios"", ""submodules/yss-harness-backend-agent/.agents/skills/yss-ddd-scaffold-generator/scripts/scaffold-generator.test.mjs"", ""submodules/yss-harness-backend-agent/scripts/verify-repository-scope-scenarios"", ""submodules/yss-harness-design-agent/scripts/verify-repository-scope-scenarios"", ""submodules/yss-harness-dev-agent/.agents/skills/yss-ddd-scaffold-generator/scripts/scaffold-generator.test.mjs"", ""submodules/yss-harness-dev-agent/scripts/verify-repository-scope-scenarios"", ""submodules/yss-harness-frontend-agent/scripts/verify-repository-scope-scenarios""]","{""scripts/lib/git-submodule-fixtures.mjs"": ""9ea30d29eb29b878c3cd82345edf722b5cfdae1e9ac51eade1c565a40f3d0485"", ""submodules/yss-harness-backend-agent/scripts/lib/git-submodule-fixtures.mjs"": ""9ea30d29eb29b878c3cd82345edf722b5cfdae1e9ac51eade1c565a40f3d0485"", ""submodules/yss-harness-design-agent/scripts/lib/git-submodule-fixtures.mjs"": ""9ea30d29eb29b878c3cd82345edf722b5cfdae1e9ac51eade1c565a40f3d0485"", ""submodules/yss-harness-dev-agent/scripts/lib/git-submodule-fixtures.mjs"": ""9ea30d29eb29b878c3cd82345edf722b5cfdae1e9ac51eade1c565a40f3d0485"", ""submodules/yss-harness-frontend-agent/scripts/lib/git-submodule-fixtures.mjs"": ""9ea30d29eb29b878c3cd82345edf722b5cfdae1e9ac51eade1c565a40f3d0485""}",[],,"[""submodules/create-yss-harness-dev/template/scripts/lib/git-submodule-fixtures.mjs"", ""submodules/create-yss-spec/template/scripts/lib/git-submodule-fixtures.mjs""]",3,147,logs/validation-after-recovery-0.stdout; runs.jsonl; final-refresh-results.json; distribution-results-corrected.json,采样维护入口调用频次、目录/输入规模后未取得应增加复杂度的独立热点证据；保留现实现。,V8 观察是维护夹具入口频次，非线上调用频率；未观察到的实现未作逐函数性能通过声明。输入尺度详见 report.md。
9ef2618863153d55595b21401fcbd7352759ee11c5780d92ca0992f891df4e12,submodules/yss-harness-dev-agent/scripts/lib/skill-governance.mjs,True,False,2,2,static-no-confirmed-hotspot,,词法/路径分类，未证明性能正常,按真实调用频率与输入规模采样；有证据再扩大分析,unknown-unless-candidate-explicitly-establishes-source,library,"{""process_spawn"": false, ""tree_io"": false, ""network"": false, ""mutation"": false, ""sleep"": false, ""loop"": true}",manual-candidate-or-automatic-classification-not-function-level-proof,测量后保留,"[""submodules/yss-harness-dev-agent/scripts/lib/skill-governance.mjs""]","{""submodules/yss-harness-dev-agent/scripts/lib/skill-governance.mjs"": ""所属 Harness 持有 profile 变体；仅移植已核对的性能变更 → 所属 CLI sync-template""}","[""submodules/create-yss-harness-dev/template/scripts/verify-skill-governance"", ""submodules/yss-harness-dev-agent/scripts/verify-skill-governance""]","{""submodules/yss-harness-dev-agent/scripts/lib/skill-governance.mjs"": ""9ef2618863153d55595b21401fcbd7352759ee11c5780d92ca0992f891df4e12""}",[],,"[""submodules/create-yss-harness-dev/template/scripts/lib/skill-governance.mjs""]",0,0,logs/validation-after-recovery-0.stdout; runs.jsonl; final-refresh-results.json; distribution-results-corrected.json,采样维护入口调用频次、目录/输入规模后未取得应增加复杂度的独立热点证据；保留现实现。 未取得可绑定此 SHA 的 V8 加载样本；临时模块可能已随夹具清理，不能把缺少可绑定样本解释成线上零调用或性能正常。,V8 观察是维护夹具入口频次，非线上调用频率；未观察到的实现未作逐函数性能通过声明。输入尺度详见 report.md。
9fcf1de96936c47c693bdd9da2b181504358cfb604a0646475779fec5eb584a3,.agents/skills/yss-layered-mvc-scaffold-generator/scripts/run_scaffold_verification.mjs,True,False,5,17,candidate-caller,P10,命中候选函数/调用链；可能含字符串/注释，非独立瓶颈证明,沿实际调用链归因，见候选设计；不要据regex删除检查,unknown-unless-candidate-explicitly-establishes-source,cli,"{""process_spawn"": false, ""tree_io"": false, ""network"": false, ""mutation"": false, ""sleep"": false, ""loop"": false}",manual-candidate-or-automatic-classification-not-function-level-proof,测量后保留,"["".agents/skills/yss-layered-mvc-scaffold-generator/scripts/run_scaffold_verification.mjs"", ""submodules/yss-harness-backend-agent/.agents/skills/yss-layered-mvc-scaffold-generator/scripts/run_scaffold_verification.mjs"", ""submodules/yss-harness-dev-agent/.agents/skills/yss-layered-mvc-scaffold-generator/scripts/run_scaffold_verification.mjs""]","{"".agents/skills/yss-layered-mvc-scaffold-generator/scripts/run_scaffold_verification.mjs"": ""所属仓 .agents/skills 权威目录 → update-skill-lock / sync-skills → 所属 CLI sync-template"", ""submodules/yss-harness-backend-agent/.agents/skills/yss-layered-mvc-scaffold-generator/scripts/run_scaffold_verification.mjs"": ""所属仓 .agents/skills 权威目录 → update-skill-lock / sync-skills → 所属 CLI sync-template"", ""submodules/yss-harness-dev-agent/.agents/skills/yss-layered-mvc-scaffold-generator/scripts/run_scaffold_verification.mjs"": ""所属仓 .agents/skills 权威目录 → update-skill-lock / sync-skills → 所属 CLI sync-template""}","["".agents/skills/yss-layered-mvc-scaffold-generator/scripts/generate_and_verify_scaffold.mjs"", ""submodules/create-yss-harness-dev/template/.agents/skills/yss-layered-mvc-scaffold-generator/scripts/generate_and_verify_scaffold.mjs"", ""submodules/create-yss-spec/template/.agents/skills/yss-layered-mvc-scaffold-generator/scripts/generate_and_verify_scaffold.mjs"", ""submodules/yss-harness-backend-agent/.agents/skills/yss-layered-mvc-scaffold-generator/scripts/generate_and_verify_scaffold.mjs"", ""submodules/yss-harness-dev-agent/.agents/skills/yss-layered-mvc-scaffold-generator/scripts/generate_and_verify_scaffold.mjs""]","{"".agents/skills/yss-layered-mvc-scaffold-generator/scripts/run_scaffold_verification.mjs"": ""9fcf1de96936c47c693bdd9da2b181504358cfb604a0646475779fec5eb584a3"", ""submodules/yss-harness-backend-agent/.agents/skills/yss-layered-mvc-scaffold-generator/scripts/run_scaffold_verification.mjs"": ""9fcf1de96936c47c693bdd9da2b181504358cfb604a0646475779fec5eb584a3"", ""submodules/yss-harness-dev-agent/.agents/skills/yss-layered-mvc-scaffold-generator/scripts/run_scaffold_verification.mjs"": ""9fcf1de96936c47c693bdd9da2b181504358cfb604a0646475779fec5eb584a3""}",[],P10,"[""submodules/create-yss-harness-dev/template/.agents/skills/yss-layered-mvc-scaffold-generator/scripts/run_scaffold_verification.mjs"", ""submodules/create-yss-spec/template/.agents/skills/yss-layered-mvc-scaffold-generator/scripts/run_scaffold_verification.mjs""]",0,0,logs/validation-after-recovery-0.stdout; runs.jsonl; final-refresh-results.json; distribution-results-corrected.json,采样维护入口调用频次、目录/输入规模后未取得应增加复杂度的独立热点证据；保留现实现。 未取得可绑定此 SHA 的 V8 加载样本；临时模块可能已随夹具清理，不能把缺少可绑定样本解释成线上零调用或性能正常。,V8 观察是维护夹具入口频次，非线上调用频率；未观察到的实现未作逐函数性能通过声明。输入尺度详见 report.md。
a0ad7d9834ad8afd0221dc398702ac780f30eb7aebc0bfc1a45029c99805fcda,submodules/yss-harness-dev-agent/scripts/lib/harness-profile.mjs,True,False,2,2,static-no-confirmed-hotspot,,词法/路径分类，未证明性能正常,按真实调用频率与输入规模采样；有证据再扩大分析,unknown-unless-candidate-explicitly-establishes-source,library,"{""process_spawn"": false, ""tree_io"": false, ""network"": false, ""mutation"": false, ""sleep"": false, ""loop"": true}",manual-candidate-or-automatic-classification-not-function-level-proof,测量后保留,"[""submodules/yss-harness-dev-agent/scripts/lib/harness-profile.mjs""]","{""submodules/yss-harness-dev-agent/scripts/lib/harness-profile.mjs"": ""所属 Harness 持有 profile 变体；仅移植已核对的性能变更 → 所属 CLI sync-template""}","[""submodules/create-yss-harness-dev/template/scripts/lib/entry-alignment.mjs"", ""submodules/create-yss-harness-dev/template/scripts/lib/instance-distribution.mjs"", ""submodules/create-yss-harness-dev/template/scripts/verify-harness-profile"", ""submodules/create-yss-harness-dev/template/scripts/verify-harness-profile-scenarios"", ""submodules/yss-harness-dev-agent/scripts/lib/entry-alignment.mjs"", ""submodules/yss-harness-dev-agent/scripts/lib/instance-distribution.mjs"", ""submodules/yss-harness-dev-agent/scripts/verify-harness-profile"", ""submodules/yss-harness-dev-agent/scripts/verify-harness-profile-scenarios""]","{""submodules/yss-harness-dev-agent/scripts/lib/harness-profile.mjs"": ""a0ad7d9834ad8afd0221dc398702ac780f30eb7aebc0bfc1a45029c99805fcda""}",[],,"[""submodules/create-yss-harness-dev/template/scripts/lib/harness-profile.mjs""]",0,0,logs/validation-after-recovery-0.stdout; runs.jsonl; final-refresh-results.json; distribution-results-corrected.json,采样维护入口调用频次、目录/输入规模后未取得应增加复杂度的独立热点证据；保留现实现。 未取得可绑定此 SHA 的 V8 加载样本；临时模块可能已随夹具清理，不能把缺少可绑定样本解释成线上零调用或性能正常。,V8 观察是维护夹具入口频次，非线上调用频率；未观察到的实现未作逐函数性能通过声明。输入尺度详见 report.md。
a1391e0c01d6eb41cd7855e5da403ff7ccbfd0b70e7638b662ece2fbd0f74d54,.template-source/tooling/node/scripts/design-md.mjs,True,False,1,1,static-no-confirmed-hotspot,,词法/路径分类，未证明性能正常,按真实调用频率与输入规模采样；有证据再扩大分析,unknown-unless-candidate-explicitly-establishes-source,cli,"{""process_spawn"": true, ""tree_io"": false, ""network"": false, ""mutation"": true, ""sleep"": false, ""loop"": true}",manual-candidate-or-automatic-classification-not-function-level-proof,测量后保留,"["".template-source/tooling/node/scripts/design-md.mjs""]","{"".template-source/tooling/node/scripts/design-md.mjs"": ""本体脚本权威；通过本体 CLI manifest/sync-template 分发；入口由完整核验 profile 选择""}",[],"{"".template-source/tooling/node/scripts/design-md.mjs"": ""a1391e0c01d6eb41cd7855e5da403ff7ccbfd0b70e7638b662ece2fbd0f74d54""}",[],,[],4,806,logs/validation-after-recovery-0.stdout; runs.jsonl; final-refresh-results.json; distribution-results-corrected.json,采样维护入口调用频次、目录/输入规模后未取得应增加复杂度的独立热点证据；保留现实现。,V8 观察是维护夹具入口频次，非线上调用频率；未观察到的实现未作逐函数性能通过声明。输入尺度详见 report.md。
a1513759c283e34d1a871cd484052c0cbcafa938f2d03ddfcef2fe6c2476db73,.agents/skills/yss-ddd-scaffold-generator/scripts/scaffold-generator.test.mjs,True,False,2,9,candidate,P10,直接引用源码已人工核对,见关联候选验证设计,unknown-unless-candidate-explicitly-establishes-source,test,"{""process_spawn"": true, ""tree_io"": true, ""network"": true, ""mutation"": true, ""sleep"": false, ""loop"": true}",manual-candidate-or-automatic-classification-not-function-level-proof,测量后保留,"["".agents/skills/yss-ddd-scaffold-generator/scripts/scaffold-generator.test.mjs""]","{"".agents/skills/yss-ddd-scaffold-generator/scripts/scaffold-generator.test.mjs"": ""所属仓 .agents/skills 权威目录 → update-skill-lock / sync-skills → 所属 CLI sync-template""}",[],"{"".agents/skills/yss-ddd-scaffold-generator/scripts/scaffold-generator.test.mjs"": ""a1513759c283e34d1a871cd484052c0cbcafa938f2d03ddfcef2fe6c2476db73""}",[],P10,"[""submodules/create-yss-spec/template/.agents/skills/yss-ddd-scaffold-generator/scripts/scaffold-generator.test.mjs""]",1,250,logs/validation-after-recovery-0.stdout; runs.jsonl; final-refresh-results.json; distribution-results-corrected.json,采样维护入口调用频次、目录/输入规模后未取得应增加复杂度的独立热点证据；保留现实现。,V8 观察是维护夹具入口频次，非线上调用频率；未观察到的实现未作逐函数性能通过声明。输入尺度详见 report.md。
a173a053fb26c0ac3cd72eb9b4e50411e67ca8c50bec57f05d4ca8ba79db2c0b,.agents/skills/archify/scripts/render-examples.mjs,True,False,6,26,external-runtime-needs-input,,已核对调用独立renderers/archify入口；需要具体IR与输出fixture，不能从shell标记推断瓶颈,只读源码抽样核对；隔离真实输入计时；若关联候选则采用其验证设计,unknown-unless-candidate-explicitly-establishes-source,cli,"{""process_spawn"": true, ""tree_io"": false, ""network"": false, ""mutation"": false, ""sleep"": false, ""loop"": true}",manual-candidate-or-automatic-classification-not-function-level-proof,外部环境待验证,"["".agents/skills/archify/scripts/render-examples.mjs"", ""submodules/yss-harness-backend-agent/.agents/skills/archify/scripts/render-examples.mjs"", ""submodules/yss-harness-dev-agent/.agents/skills/archify/scripts/render-examples.mjs"", ""submodules/yss-harness-frontend-agent/.agents/skills/archify/scripts/render-examples.mjs""]","{"".agents/skills/archify/scripts/render-examples.mjs"": ""所属仓 .agents/skills 权威目录 → update-skill-lock / sync-skills → 所属 CLI sync-template"", ""submodules/yss-harness-backend-agent/.agents/skills/archify/scripts/render-examples.mjs"": ""所属仓 .agents/skills 权威目录 → update-skill-lock / sync-skills → 所属 CLI sync-template"", ""submodules/yss-harness-dev-agent/.agents/skills/archify/scripts/render-examples.mjs"": ""所属仓 .agents/skills 权威目录 → update-skill-lock / sync-skills → 所属 CLI sync-template"", ""submodules/yss-harness-frontend-agent/.agents/skills/archify/scripts/render-examples.mjs"": ""所属仓 .agents/skills 权威目录 → update-skill-lock / sync-skills → 所属 CLI sync-template""}",[],"{"".agents/skills/archify/scripts/render-examples.mjs"": ""a173a053fb26c0ac3cd72eb9b4e50411e67ca8c50bec57f05d4ca8ba79db2c0b"", ""submodules/yss-harness-backend-agent/.agents/skills/archify/scripts/render-examples.mjs"": ""a173a053fb26c0ac3cd72eb9b4e50411e67ca8c50bec57f05d4ca8ba79db2c0b"", ""submodules/yss-harness-dev-agent/.agents/skills/archify/scripts/render-examples.mjs"": ""a173a053fb26c0ac3cd72eb9b4e50411e67ca8c50bec57f05d4ca8ba79db2c0b"", ""submodules/yss-harness-frontend-agent/.agents/skills/archify/scripts/render-examples.mjs"": ""a173a053fb26c0ac3cd72eb9b4e50411e67ca8c50bec57f05d4ca8ba79db2c0b""}",[],,"[""submodules/create-yss-harness-dev/template/.agents/skills/archify/scripts/render-examples.mjs"", ""submodules/create-yss-spec/template/.agents/skills/archify/scripts/render-examples.mjs""]",0,0,logs/validation-after-recovery-0.stdout; runs.jsonl; final-refresh-results.json; distribution-results-corrected.json,本轮只执行维护夹具；真实依赖、实际工程、远端网络或显式 self-update 缺少已选真实环境，不把 mock 用时算作外部收益。,V8 观察是维护夹具入口频次，非线上调用频率；未观察到的实现未作逐函数性能通过声明。输入尺度详见 report.md。
a2154a4025be8795e831c9a07ee477fad950f3d755546faffd7a3256a2750dd5,scripts/node-verify-lifecycle-registry.mjs,True,False,2,2,candidate-caller,P01,命中候选函数/调用链；可能含字符串/注释，非独立瓶颈证明,沿实际调用链归因，见候选设计；不要据regex删除检查,unknown-unless-candidate-explicitly-establishes-source,cli,"{""process_spawn"": true, ""tree_io"": false, ""network"": false, ""mutation"": false, ""sleep"": false, ""loop"": true}",manual-candidate-or-automatic-classification-not-function-level-proof,测量后保留,"[""scripts/node-verify-lifecycle-registry.mjs""]","{""scripts/node-verify-lifecycle-registry.mjs"": ""本体脚本权威；通过本体 CLI manifest/sync-template 分发；入口由完整核验 profile 选择""}","[""scripts/verify-lifecycle-registry"", ""submodules/create-yss-spec/template/scripts/verify-lifecycle-registry""]","{""scripts/node-verify-lifecycle-registry.mjs"": ""a2154a4025be8795e831c9a07ee477fad950f3d755546faffd7a3256a2750dd5""}",[],P01,"[""submodules/create-yss-spec/template/scripts/node-verify-lifecycle-registry.mjs""]",3,36,logs/validation-after-recovery-0.stdout; runs.jsonl; final-refresh-results.json; distribution-results-corrected.json,采样维护入口调用频次、目录/输入规模后未取得应增加复杂度的独立热点证据；保留现实现。,V8 观察是维护夹具入口频次，非线上调用频率；未观察到的实现未作逐函数性能通过声明。输入尺度详见 report.md。
a374cf0222c59bceb31cea0150ad390dbf64c81150007505de6f59362ee96681,submodules/yss-harness-dev-agent/.agents/skills/yss-ddd-scaffold-generator/scripts/first-slice-compatibility.test.mjs,True,False,3,10,fixture-test-only,,断言/回归入口；是否启动真实环境需沿callee区分,隔离执行对应测试，区分mock/真实构建/外部资源,unknown-unless-candidate-explicitly-establishes-source,test,"{""process_spawn"": true, ""tree_io"": true, ""network"": false, ""mutation"": true, ""sleep"": false, ""loop"": true}",manual-candidate-or-automatic-classification-not-function-level-proof,测量后保留,"[""submodules/yss-harness-backend-agent/.agents/skills/yss-ddd-scaffold-generator/scripts/first-slice-compatibility.test.mjs"", ""submodules/yss-harness-dev-agent/.agents/skills/yss-ddd-scaffold-generator/scripts/first-slice-compatibility.test.mjs""]","{""submodules/yss-harness-backend-agent/.agents/skills/yss-ddd-scaffold-generator/scripts/first-slice-compatibility.test.mjs"": ""所属仓 .agents/skills 权威目录 → update-skill-lock / sync-skills → 所属 CLI sync-template"", ""submodules/yss-harness-dev-agent/.agents/skills/yss-ddd-scaffold-generator/scripts/first-slice-compatibility.test.mjs"": ""所属仓 .agents/skills 权威目录 → update-skill-lock / sync-skills → 所属 CLI sync-template""}",[],"{""submodules/yss-harness-backend-agent/.agents/skills/yss-ddd-scaffold-generator/scripts/first-slice-compatibility.test.mjs"": ""a374cf0222c59bceb31cea0150ad390dbf64c81150007505de6f59362ee96681"", ""submodules/yss-harness-dev-agent/.agents/skills/yss-ddd-scaffold-generator/scripts/first-slice-compatibility.test.mjs"": ""a374cf0222c59bceb31cea0150ad390dbf64c81150007505de6f59362ee96681""}",[],,"[""submodules/create-yss-harness-dev/template/.agents/skills/yss-ddd-scaffold-generator/scripts/first-slice-compatibility.test.mjs""]",0,0,logs/validation-after-recovery-0.stdout; runs.jsonl; final-refresh-results.json; distribution-results-corrected.json,采样维护入口调用频次、目录/输入规模后未取得应增加复杂度的独立热点证据；保留现实现。 未取得可绑定此 SHA 的 V8 加载样本；临时模块可能已随夹具清理，不能把缺少可绑定样本解释成线上零调用或性能正常。,V8 观察是维护夹具入口频次，非线上调用频率；未观察到的实现未作逐函数性能通过声明。输入尺度详见 report.md。
a3ff3eec0be02152c3246c89f0c0b26285606e92c4acfb36655b26010320c28c,scripts/update-skill-lock,True,False,8,9,wrapper-follow-callee,,短包装/重导出入口；主要成本落在callee,计入口启动开销并追踪实际callee，保留兼容入口,unknown-unless-candidate-explicitly-establishes-source,wrapper,"{""process_spawn"": false, ""tree_io"": false, ""network"": false, ""mutation"": false, ""sleep"": false, ""loop"": false}",manual-candidate-or-automatic-classification-not-function-level-proof,测量后保留,"[""scripts/update-skill-lock"", ""submodules/yss-harness-backend-agent/scripts/update-skill-lock"", ""submodules/yss-harness-design-agent/scripts/update-skill-lock"", ""submodules/yss-harness-dev-agent/scripts/update-skill-lock"", ""submodules/yss-harness-frontend-agent/scripts/update-skill-lock""]","{""scripts/update-skill-lock"": ""本体脚本权威；通过本体 CLI manifest/sync-template 分发；入口由完整核验 profile 选择"", ""submodules/yss-harness-backend-agent/scripts/update-skill-lock"": ""所属 Harness 持有 profile 变体；仅移植已核对的性能变更 → 所属 CLI sync-template"", ""submodules/yss-harness-design-agent/scripts/update-skill-lock"": ""所属 Harness 持有 profile 变体；仅移植已核对的性能变更 → 所属 CLI sync-template"", ""submodules/yss-harness-dev-agent/scripts/update-skill-lock"": ""所属 Harness 持有 profile 变体；仅移植已核对的性能变更 → 所属 CLI sync-template"", ""submodules/yss-harness-frontend-agent/scripts/update-skill-lock"": ""所属 Harness 持有 profile 变体；仅移植已核对的性能变更 → 所属 CLI sync-template""}","["".template-source/scripts/verify-cli-upgrade.mjs"", ""scripts/lib/skill-supply-chain.mjs"", ""scripts/verify-template-verification-scenarios"", ""submodules/create-yss-harness-dev/template/scripts/lib/skill-supply-chain.mjs"", ""submodules/create-yss-harness-dev/template/scripts/verify-template-verification-scenarios"", ""submodules/create-yss-spec/template/scripts/lib/skill-supply-chain.mjs"", ""submodules/create-yss-spec/template/scripts/verify-template-verification-scenarios"", ""submodules/create-yss-strategic-design/template/scripts/lib/skill-supply-chain.mjs"", ""submodules/create-yss-strategic-design/template/scripts/verify-template-verification-scenarios"", ""submodules/yss-harness-backend-agent/scripts/lib/skill-supply-chain.mjs"", ""submodules/yss-harness-backend-agent/scripts/verify-template-verification-scenarios"", ""submodules/yss-harness-design-agent/scripts/lib/skill-supply-chain.mjs"", ""submodules/yss-harness-design-agent/scripts/verify-template-verification-scenarios"", ""submodules/yss-harness-dev-agent/scripts/lib/skill-supply-chain.mjs"", ""submodules/yss-harness-dev-agent/scripts/verify-template-verification-scenarios"", ""submodules/yss-harness-frontend-agent/scripts/lib/skill-supply-chain.mjs"", ""submodules/yss-harness-frontend-agent/scripts/verify-template-verification-scenarios""]","{""scripts/update-skill-lock"": ""a3ff3eec0be02152c3246c89f0c0b26285606e92c4acfb36655b26010320c28c"", ""submodules/yss-harness-backend-agent/scripts/update-skill-lock"": ""a3ff3eec0be02152c3246c89f0c0b26285606e92c4acfb36655b26010320c28c"", ""submodules/yss-harness-design-agent/scripts/update-skill-lock"": ""a3ff3eec0be02152c3246c89f0c0b26285606e92c4acfb36655b26010320c28c"", ""submodules/yss-harness-dev-agent/scripts/update-skill-lock"": ""a3ff3eec0be02152c3246c89f0c0b26285606e92c4acfb36655b26010320c28c"", ""submodules/yss-harness-frontend-agent/scripts/update-skill-lock"": ""a3ff3eec0be02152c3246c89f0c0b26285606e92c4acfb36655b26010320c28c""}",[],,"[""submodules/create-yss-harness-dev/template/scripts/update-skill-lock"", ""submodules/create-yss-spec/template/scripts/update-skill-lock"", ""submodules/create-yss-strategic-design/template/scripts/update-skill-lock""]",1,1,logs/validation-after-recovery-0.stdout; runs.jsonl; final-refresh-results.json; distribution-results-corrected.json,采样维护入口调用频次、目录/输入规模后未取得应增加复杂度的独立热点证据；保留现实现。,V8 观察是维护夹具入口频次，非线上调用频率；未观察到的实现未作逐函数性能通过声明。输入尺度详见 report.md。
a43aeef1610b0d01398283169df713924c012670d8d145fc6903a8e9925783ba,submodules/yss-harness-dev-agent/scripts/verify-maintenance-intensity-scenarios,True,False,4,5,fixture-test-only,,断言/回归入口；是否启动真实环境需沿callee区分,隔离执行对应测试，区分mock/真实构建/外部资源,unknown-unless-candidate-explicitly-establishes-source,cli,"{""process_spawn"": false, ""tree_io"": true, ""network"": false, ""mutation"": true, ""sleep"": false, ""loop"": true}",manual-candidate-or-automatic-classification-not-function-level-proof,测量后保留,"[""submodules/yss-harness-backend-agent/scripts/verify-maintenance-intensity-scenarios"", ""submodules/yss-harness-dev-agent/scripts/verify-maintenance-intensity-scenarios"", ""submodules/yss-harness-frontend-agent/scripts/verify-maintenance-intensity-scenarios""]","{""submodules/yss-harness-backend-agent/scripts/verify-maintenance-intensity-scenarios"": ""所属 Harness 持有 profile 变体；仅移植已核对的性能变更 → 所属 CLI sync-template"", ""submodules/yss-harness-dev-agent/scripts/verify-maintenance-intensity-scenarios"": ""所属 Harness 持有 profile 变体；仅移植已核对的性能变更 → 所属 CLI sync-template"", ""submodules/yss-harness-frontend-agent/scripts/verify-maintenance-intensity-scenarios"": ""所属 Harness 持有 profile 变体；仅移植已核对的性能变更 → 所属 CLI sync-template""}","[""submodules/create-yss-harness-dev/template/scripts/verify-template-verification-scenarios"", ""submodules/yss-harness-backend-agent/scripts/verify-template-verification-scenarios"", ""submodules/yss-harness-dev-agent/scripts/verify-template-verification-scenarios"", ""submodules/yss-harness-frontend-agent/scripts/verify-template-verification-scenarios""]","{""submodules/yss-harness-backend-agent/scripts/verify-maintenance-intensity-scenarios"": ""a43aeef1610b0d01398283169df713924c012670d8d145fc6903a8e9925783ba"", ""submodules/yss-harness-dev-agent/scripts/verify-maintenance-intensity-scenarios"": ""a43aeef1610b0d01398283169df713924c012670d8d145fc6903a8e9925783ba"", ""submodules/yss-harness-frontend-agent/scripts/verify-maintenance-intensity-scenarios"": ""a43aeef1610b0d01398283169df713924c012670d8d145fc6903a8e9925783ba""}",[],,"[""submodules/create-yss-harness-dev/template/scripts/verify-maintenance-intensity-scenarios""]",0,0,logs/validation-after-recovery-0.stdout; runs.jsonl; final-refresh-results.json; distribution-results-corrected.json,采样维护入口调用频次、目录/输入规模后未取得应增加复杂度的独立热点证据；保留现实现。 未取得可绑定此 SHA 的 V8 加载样本；临时模块可能已随夹具清理，不能把缺少可绑定样本解释成线上零调用或性能正常。,V8 观察是维护夹具入口频次，非线上调用频率；未观察到的实现未作逐函数性能通过声明。输入尺度详见 report.md。
a455b3d0e075159be261171511fc9b17a679e9ca5b5960e11614f8435a369073,scripts/fixtures/strategic-handoff/fixture.mjs,True,False,7,7,fixture-test-only,,测试数据/服务/生成fixture，非普通产品流转入口,随调用它的场景测fixture准备/清理；不当独立业务基准,unknown-unless-candidate-explicitly-establishes-source,fixture,"{""process_spawn"": false, ""tree_io"": true, ""network"": false, ""mutation"": true, ""sleep"": false, ""loop"": true}",manual-candidate-or-automatic-classification-not-function-level-proof,测量后保留,"[""scripts/fixtures/strategic-handoff/fixture.mjs""]","{""scripts/fixtures/strategic-handoff/fixture.mjs"": ""本体共享工具 → sync-strategic-handoff-tools → 四 Harness（backend wire import 适配）→ CLI 快照""}","["".template-source/scripts/verify-strategic-handoff-distribution.mjs"", ""scripts/verify-frontend-delivery-scenarios"", ""scripts/verify-strategic-handoff-package-scenarios"", ""submodules/create-yss-harness-dev/template/scripts/verify-frontend-delivery-scenarios"", ""submodules/create-yss-harness-dev/template/scripts/verify-strategic-handoff-package-scenarios"", ""submodules/create-yss-spec/template/scripts/verify-frontend-delivery-scenarios"", ""submodules/create-yss-spec/template/scripts/verify-strategic-handoff-package-scenarios"", ""submodules/create-yss-strategic-design/template/scripts/verify-strategic-handoff-package-scenarios"", ""submodules/yss-harness-design-agent/scripts/verify-strategic-handoff-package-scenarios"", ""submodules/yss-harness-dev-agent/scripts/verify-frontend-delivery-scenarios"", ""submodules/yss-harness-dev-agent/scripts/verify-strategic-handoff-package-scenarios"", ""submodules/yss-harness-frontend-agent/scripts/verify-frontend-delivery-scenarios"", ""submodules/yss-harness-frontend-agent/scripts/verify-strategic-handoff-package-scenarios""]","{""scripts/fixtures/strategic-handoff/fixture.mjs"": ""a455b3d0e075159be261171511fc9b17a679e9ca5b5960e11614f8435a369073""}",[],,"[""submodules/create-yss-harness-dev/template/scripts/fixtures/strategic-handoff/fixture.mjs"", ""submodules/create-yss-spec/template/scripts/fixtures/strategic-handoff/fixture.mjs"", ""submodules/create-yss-strategic-design/template/scripts/fixtures/strategic-handoff/fixture.mjs"", ""submodules/yss-harness-design-agent/scripts/fixtures/strategic-handoff/fixture.mjs"", ""submodules/yss-harness-dev-agent/scripts/fixtures/strategic-handoff/fixture.mjs"", ""submodules/yss-harness-frontend-agent/scripts/fixtures/strategic-handoff/fixture.mjs""]",3,465,logs/validation-after-recovery-0.stdout; runs.jsonl; final-refresh-results.json; distribution-results-corrected.json,采样维护入口调用频次、目录/输入规模后未取得应增加复杂度的独立热点证据；保留现实现。,V8 观察是维护夹具入口频次，非线上调用频率；未观察到的实现未作逐函数性能通过声明。输入尺度详见 report.md。
a4c53e703da8f2df0075ebccde21d4812806d1dcf3bd236603a676ade0ad1f92,.agents/skills/yss-mvc-scaffold-generator/scripts/lib/envelope.mjs,True,False,2,8,static-no-confirmed-hotspot,,词法/路径分类，未证明性能正常,按真实调用频率与输入规模采样；有证据再扩大分析,unknown-unless-candidate-explicitly-establishes-source,library,"{""process_spawn"": false, ""tree_io"": true, ""network"": false, ""mutation"": true, ""sleep"": false, ""loop"": true}",manual-candidate-or-automatic-classification-not-function-level-proof,测量后保留,"["".agents/skills/yss-mvc-scaffold-generator/scripts/lib/envelope.mjs""]","{"".agents/skills/yss-mvc-scaffold-generator/scripts/lib/envelope.mjs"": ""所属仓 .agents/skills 权威目录 → update-skill-lock / sync-skills → 所属 CLI sync-template""}","["".agents/skills/yss-mvc-scaffold-generator/scripts/lib/envelope.test.mjs"", ""submodules/create-yss-spec/template/.agents/skills/yss-mvc-scaffold-generator/scripts/lib/envelope.test.mjs""]","{"".agents/skills/yss-mvc-scaffold-generator/scripts/lib/envelope.mjs"": ""a4c53e703da8f2df0075ebccde21d4812806d1dcf3bd236603a676ade0ad1f92""}",[],,"[""submodules/create-yss-spec/template/.agents/skills/yss-mvc-scaffold-generator/scripts/lib/envelope.mjs""]",0,0,logs/validation-after-recovery-0.stdout; runs.jsonl; final-refresh-results.json; distribution-results-corrected.json,采样维护入口调用频次、目录/输入规模后未取得应增加复杂度的独立热点证据；保留现实现。 未取得可绑定此 SHA 的 V8 加载样本；临时模块可能已随夹具清理，不能把缺少可绑定样本解释成线上零调用或性能正常。,V8 观察是维护夹具入口频次，非线上调用频率；未观察到的实现未作逐函数性能通过声明。输入尺度详见 report.md。
a4fcf44df8466df57cc275e6b4c4591d82939957bfec3a6d63738743d9538696,scripts/lib/approval-record.mjs,True,False,2,2,static-no-confirmed-hotspot,,词法/路径分类，未证明性能正常,按真实调用频率与输入规模采样；有证据再扩大分析,unknown-unless-candidate-explicitly-establishes-source,library,"{""process_spawn"": false, ""tree_io"": false, ""network"": false, ""mutation"": false, ""sleep"": false, ""loop"": true}",manual-candidate-or-automatic-classification-not-function-level-proof,测量后保留,"[""scripts/lib/approval-record.mjs""]","{""scripts/lib/approval-record.mjs"": ""本体脚本权威；通过本体 CLI manifest/sync-template 分发；入口由完整核验 profile 选择""}","["".agents/skills/yss-stage-decision/scripts/validate-domain-strategy.mjs"", "".agents/skills/yss-stage-decision/scripts/validate-stage-decision-package.mjs"", ""scripts/lib/plan-spec-entry.mjs"", ""scripts/lib/strategic-handoff.mjs"", ""scripts/verify-approval-record"", ""scripts/verify-digital-human-roles-scenarios"", ""scripts/verify-lifecycle-checkpoint"", ""scripts/verify-user-decision-scenarios"", ""submodules/create-yss-spec/template/.agents/skills/yss-stage-decision/scripts/validate-domain-strategy.mjs"", ""submodules/create-yss-spec/template/.agents/skills/yss-stage-decision/scripts/validate-stage-decision-package.mjs"", ""submodules/create-yss-spec/template/scripts/lib/plan-spec-entry.mjs"", ""submodules/create-yss-spec/template/scripts/lib/strategic-handoff.mjs"", ""submodules/create-yss-spec/template/scripts/verify-approval-record"", ""submodules/create-yss-spec/template/scripts/verify-digital-human-roles-scenarios"", ""submodules/create-yss-spec/template/scripts/verify-lifecycle-checkpoint"", ""submodules/create-yss-spec/template/scripts/verify-user-decision-scenarios""]","{""scripts/lib/approval-record.mjs"": ""a4fcf44df8466df57cc275e6b4c4591d82939957bfec3a6d63738743d9538696""}",[],,"[""submodules/create-yss-spec/template/scripts/lib/approval-record.mjs""]",44,12607,logs/validation-after-recovery-0.stdout; runs.jsonl; final-refresh-results.json; distribution-results-corrected.json,采样维护入口调用频次、目录/输入规模后未取得应增加复杂度的独立热点证据；保留现实现。,V8 观察是维护夹具入口频次，非线上调用频率；未观察到的实现未作逐函数性能通过声明。输入尺度详见 report.md。
a517e195e0ae83455ab0e0c9675ce31e3cd4975608965cbd38fbac23e45616a5,submodules/yss-harness-design-agent/scripts/verify-digital-human-roles-scenarios,True,False,2,2,fixture-test-only,,断言/回归入口；是否启动真实环境需沿callee区分,隔离执行对应测试，区分mock/真实构建/外部资源,unknown-unless-candidate-explicitly-establishes-source,cli,"{""process_spawn"": false, ""tree_io"": false, ""network"": false, ""mutation"": false, ""sleep"": false, ""loop"": true}",manual-candidate-or-automatic-classification-not-function-level-proof,测量后保留,"[""submodules/yss-harness-design-agent/scripts/verify-digital-human-roles-scenarios""]","{""submodules/yss-harness-design-agent/scripts/verify-digital-human-roles-scenarios"": ""所属 Harness 持有 profile 变体；仅移植已核对的性能变更 → 所属 CLI sync-template""}","[""submodules/create-yss-strategic-design/template/scripts/verify-template-verification-scenarios"", ""submodules/yss-harness-design-agent/scripts/verify-template-verification-scenarios""]","{""submodules/yss-harness-design-agent/scripts/verify-digital-human-roles-scenarios"": ""a517e195e0ae83455ab0e0c9675ce31e3cd4975608965cbd38fbac23e45616a5""}",[],,"[""submodules/create-yss-strategic-design/template/scripts/verify-digital-human-roles-scenarios""]",0,0,logs/validation-after-recovery-0.stdout; runs.jsonl; final-refresh-results.json; distribution-results-corrected.json,采样维护入口调用频次、目录/输入规模后未取得应增加复杂度的独立热点证据；保留现实现。 未取得可绑定此 SHA 的 V8 加载样本；临时模块可能已随夹具清理，不能把缺少可绑定样本解释成线上零调用或性能正常。,V8 观察是维护夹具入口频次，非线上调用频率；未观察到的实现未作逐函数性能通过声明。输入尺度详见 report.md。
a596ecfdea9d9a8b4d64939690448a83735929b94ca2269f78ec3d4d8d350f88,submodules/yss-harness-backend-agent/scripts/verify-template-verification-scenarios,True,False,1,1,fixture-test-only,,断言/回归入口；是否启动真实环境需沿callee区分,隔离执行对应测试，区分mock/真实构建/外部资源,unknown-unless-candidate-explicitly-establishes-source,cli,"{""process_spawn"": false, ""tree_io"": false, ""network"": false, ""mutation"": false, ""sleep"": false, ""loop"": false}",manual-candidate-or-automatic-classification-not-function-level-proof,测量后保留,"[""submodules/yss-harness-backend-agent/scripts/verify-template-verification-scenarios""]","{""submodules/yss-harness-backend-agent/scripts/verify-template-verification-scenarios"": ""所属 Harness 持有 profile 变体；仅移植已核对的性能变更 → 所属 CLI sync-template""}","[""submodules/yss-harness-backend-agent/scripts/verify-template-verification-scenarios""]","{""submodules/yss-harness-backend-agent/scripts/verify-template-verification-scenarios"": ""a596ecfdea9d9a8b4d64939690448a83735929b94ca2269f78ec3d4d8d350f88""}",[],,[],0,0,logs/validation-after-recovery-0.stdout; runs.jsonl; final-refresh-results.json; distribution-results-corrected.json,采样维护入口调用频次、目录/输入规模后未取得应增加复杂度的独立热点证据；保留现实现。 未取得可绑定此 SHA 的 V8 加载样本；临时模块可能已随夹具清理，不能把缺少可绑定样本解释成线上零调用或性能正常。,V8 观察是维护夹具入口频次，非线上调用频率；未观察到的实现未作逐函数性能通过声明。输入尺度详见 report.md。
a5f5f67d3cd4675b16fa620043a5463f3c15aad89afb1b0c7cf42cf35e883f9a,.agents/skills/archify/scripts/generate-validators.mjs,True,False,6,26,static-no-confirmed-hotspot,,词法/路径分类，未证明性能正常,按真实调用频率与输入规模采样；有证据再扩大分析,unknown-unless-candidate-explicitly-establishes-source,cli,"{""process_spawn"": false, ""tree_io"": false, ""network"": false, ""mutation"": true, ""sleep"": false, ""loop"": true}",manual-candidate-or-automatic-classification-not-function-level-proof,测量后保留,"["".agents/skills/archify/scripts/generate-validators.mjs"", ""submodules/yss-harness-backend-agent/.agents/skills/archify/scripts/generate-validators.mjs"", ""submodules/yss-harness-dev-agent/.agents/skills/archify/scripts/generate-validators.mjs"", ""submodules/yss-harness-frontend-agent/.agents/skills/archify/scripts/generate-validators.mjs""]","{"".agents/skills/archify/scripts/generate-validators.mjs"": ""所属仓 .agents/skills 权威目录 → update-skill-lock / sync-skills → 所属 CLI sync-template"", ""submodules/yss-harness-backend-agent/.agents/skills/archify/scripts/generate-validators.mjs"": ""所属仓 .agents/skills 权威目录 → update-skill-lock / sync-skills → 所属 CLI sync-template"", ""submodules/yss-harness-dev-agent/.agents/skills/archify/scripts/generate-validators.mjs"": ""所属仓 .agents/skills 权威目录 → update-skill-lock / sync-skills → 所属 CLI sync-template"", ""submodules/yss-harness-frontend-agent/.agents/skills/archify/scripts/generate-validators.mjs"": ""所属仓 .agents/skills 权威目录 → update-skill-lock / sync-skills → 所属 CLI sync-template""}",[],"{"".agents/skills/archify/scripts/generate-validators.mjs"": ""a5f5f67d3cd4675b16fa620043a5463f3c15aad89afb1b0c7cf42cf35e883f9a"", ""submodules/yss-harness-backend-agent/.agents/skills/archify/scripts/generate-validators.mjs"": ""a5f5f67d3cd4675b16fa620043a5463f3c15aad89afb1b0c7cf42cf35e883f9a"", ""submodules/yss-harness-dev-agent/.agents/skills/archify/scripts/generate-validators.mjs"": ""a5f5f67d3cd4675b16fa620043a5463f3c15aad89afb1b0c7cf42cf35e883f9a"", ""submodules/yss-harness-frontend-agent/.agents/skills/archify/scripts/generate-validators.mjs"": ""a5f5f67d3cd4675b16fa620043a5463f3c15aad89afb1b0c7cf42cf35e883f9a""}",[],,"[""submodules/create-yss-harness-dev/template/.agents/skills/archify/scripts/generate-validators.mjs"", ""submodules/create-yss-spec/template/.agents/skills/archify/scripts/generate-validators.mjs""]",0,0,logs/validation-after-recovery-0.stdout; runs.jsonl; final-refresh-results.json; distribution-results-corrected.json,采样维护入口调用频次、目录/输入规模后未取得应增加复杂度的独立热点证据；保留现实现。 未取得可绑定此 SHA 的 V8 加载样本；临时模块可能已随夹具清理，不能把缺少可绑定样本解释成线上零调用或性能正常。,V8 观察是维护夹具入口频次，非线上调用频率；未观察到的实现未作逐函数性能通过声明。输入尺度详见 report.md。
a64e72e2205298dd1d7b92af4d78437cc86ec69c0a1835bc6970b1439d091998,submodules/yss-harness-design-agent/scripts/verify-entry-alignment,True,False,2,2,static-no-confirmed-hotspot,,词法/路径分类，未证明性能正常,按真实调用频率与输入规模采样；有证据再扩大分析,unknown-unless-candidate-explicitly-establishes-source,cli,"{""process_spawn"": false, ""tree_io"": false, ""network"": false, ""mutation"": false, ""sleep"": false, ""loop"": true}",manual-candidate-or-automatic-classification-not-function-level-proof,测量后保留,"[""submodules/yss-harness-design-agent/scripts/verify-entry-alignment""]","{""submodules/yss-harness-design-agent/scripts/verify-entry-alignment"": ""所属 Harness 持有 profile 变体；仅移植已核对的性能变更 → 所属 CLI sync-template""}","[""submodules/create-yss-strategic-design/template/scripts/verify-template-verification-scenarios"", ""submodules/yss-harness-design-agent/scripts/verify-template-verification-scenarios""]","{""submodules/yss-harness-design-agent/scripts/verify-entry-alignment"": ""a64e72e2205298dd1d7b92af4d78437cc86ec69c0a1835bc6970b1439d091998""}",[],,"[""submodules/create-yss-strategic-design/template/scripts/verify-entry-alignment""]",0,0,logs/validation-after-recovery-0.stdout; runs.jsonl; final-refresh-results.json; distribution-results-corrected.json,采样维护入口调用频次、目录/输入规模后未取得应增加复杂度的独立热点证据；保留现实现。 未取得可绑定此 SHA 的 V8 加载样本；临时模块可能已随夹具清理，不能把缺少可绑定样本解释成线上零调用或性能正常。,V8 观察是维护夹具入口频次，非线上调用频率；未观察到的实现未作逐函数性能通过声明。输入尺度详见 report.md。
a7ad84582350d565d9c6f24b0940abc4be8742217ce45049418b0eb2ba4cb808,.agents/skills/yss-mvc-scaffold-generator/scripts/generate_project.mjs,True,False,2,8,static-no-confirmed-hotspot,,词法/路径分类，未证明性能正常,按真实调用频率与输入规模采样；有证据再扩大分析,unknown-unless-candidate-explicitly-establishes-source,wrapper,"{""process_spawn"": false, ""tree_io"": false, ""network"": false, ""mutation"": false, ""sleep"": false, ""loop"": false}",manual-candidate-or-automatic-classification-not-function-level-proof,测量后保留,"["".agents/skills/yss-mvc-scaffold-generator/scripts/generate_project.mjs""]","{"".agents/skills/yss-mvc-scaffold-generator/scripts/generate_project.mjs"": ""所属仓 .agents/skills 权威目录 → update-skill-lock / sync-skills → 所属 CLI sync-template""}",[],"{"".agents/skills/yss-mvc-scaffold-generator/scripts/generate_project.mjs"": ""a7ad84582350d565d9c6f24b0940abc4be8742217ce45049418b0eb2ba4cb808""}",[],,"[""submodules/create-yss-spec/template/.agents/skills/yss-mvc-scaffold-generator/scripts/generate_project.mjs""]",0,0,logs/validation-after-recovery-0.stdout; runs.jsonl; final-refresh-results.json; distribution-results-corrected.json,采样维护入口调用频次、目录/输入规模后未取得应增加复杂度的独立热点证据；保留现实现。 未取得可绑定此 SHA 的 V8 加载样本；临时模块可能已随夹具清理，不能把缺少可绑定样本解释成线上零调用或性能正常。,V8 观察是维护夹具入口频次，非线上调用频率；未观察到的实现未作逐函数性能通过声明。输入尺度详见 report.md。
a92466818515979ae0ff82b5c2a6a89e2197a113f5307b80bc2e352bf112ad75,.agents/skills/yss-ddd-scaffold-generator/scripts/run_first_slice_verification.mjs,True,False,5,19,candidate-caller,"P09,P10",命中候选函数/调用链；可能含字符串/注释，非独立瓶颈证明,沿实际调用链归因，见候选设计；不要据regex删除检查,unknown-unless-candidate-explicitly-establishes-source,cli,"{""process_spawn"": false, ""tree_io"": true, ""network"": false, ""mutation"": true, ""sleep"": false, ""loop"": true}",manual-candidate-or-automatic-classification-not-function-level-proof,测量后保留,"["".agents/skills/yss-ddd-scaffold-generator/scripts/run_first_slice_verification.mjs"", ""submodules/yss-harness-backend-agent/.agents/skills/yss-ddd-scaffold-generator/scripts/run_first_slice_verification.mjs"", ""submodules/yss-harness-dev-agent/.agents/skills/yss-ddd-scaffold-generator/scripts/run_first_slice_verification.mjs""]","{"".agents/skills/yss-ddd-scaffold-generator/scripts/run_first_slice_verification.mjs"": ""所属仓 .agents/skills 权威目录 → update-skill-lock / sync-skills → 所属 CLI sync-template"", ""submodules/yss-harness-backend-agent/.agents/skills/yss-ddd-scaffold-generator/scripts/run_first_slice_verification.mjs"": ""所属仓 .agents/skills 权威目录 → update-skill-lock / sync-skills → 所属 CLI sync-template"", ""submodules/yss-harness-dev-agent/.agents/skills/yss-ddd-scaffold-generator/scripts/run_first_slice_verification.mjs"": ""所属仓 .agents/skills 权威目录 → update-skill-lock / sync-skills → 所属 CLI sync-template""}","["".agents/skills/yss-ddd-scaffold-generator/scripts/first-slice-compatibility.test.mjs"", "".agents/skills/yss-ddd-scaffold-generator/scripts/first-slice-verification.test.mjs"", ""submodules/create-yss-harness-dev/template/.agents/skills/yss-ddd-scaffold-generator/scripts/first-slice-compatibility.test.mjs"", ""submodules/create-yss-harness-dev/template/.agents/skills/yss-ddd-scaffold-generator/scripts/first-slice-verification.test.mjs"", ""submodules/create-yss-spec/template/.agents/skills/yss-ddd-scaffold-generator/scripts/first-slice-compatibility.test.mjs"", ""submodules/create-yss-spec/template/.agents/skills/yss-ddd-scaffold-generator/scripts/first-slice-verification.test.mjs"", ""submodules/yss-harness-backend-agent/.agents/skills/yss-ddd-scaffold-generator/scripts/first-slice-compatibility.test.mjs"", ""submodules/yss-harness-backend-agent/.agents/skills/yss-ddd-scaffold-generator/scripts/first-slice-verification.test.mjs"", ""submodules/yss-harness-dev-agent/.agents/skills/yss-ddd-scaffold-generator/scripts/first-slice-compatibility.test.mjs"", ""submodules/yss-harness-dev-agent/.agents/skills/yss-ddd-scaffold-generator/scripts/first-slice-verification.test.mjs""]","{"".agents/skills/yss-ddd-scaffold-generator/scripts/run_first_slice_verification.mjs"": ""a92466818515979ae0ff82b5c2a6a89e2197a113f5307b80bc2e352bf112ad75"", ""submodules/yss-harness-backend-agent/.agents/skills/yss-ddd-scaffold-generator/scripts/run_first_slice_verification.mjs"": ""a92466818515979ae0ff82b5c2a6a89e2197a113f5307b80bc2e352bf112ad75"", ""submodules/yss-harness-dev-agent/.agents/skills/yss-ddd-scaffold-generator/scripts/run_first_slice_verification.mjs"": ""a92466818515979ae0ff82b5c2a6a89e2197a113f5307b80bc2e352bf112ad75""}",[],P09;P10,"[""submodules/create-yss-harness-dev/template/.agents/skills/yss-ddd-scaffold-generator/scripts/run_first_slice_verification.mjs"", ""submodules/create-yss-spec/template/.agents/skills/yss-ddd-scaffold-generator/scripts/run_first_slice_verification.mjs""]",0,0,logs/validation-after-recovery-0.stdout; runs.jsonl; final-refresh-results.json; distribution-results-corrected.json,采样维护入口调用频次、目录/输入规模后未取得应增加复杂度的独立热点证据；保留现实现。 未取得可绑定此 SHA 的 V8 加载样本；临时模块可能已随夹具清理，不能把缺少可绑定样本解释成线上零调用或性能正常。,V8 观察是维护夹具入口频次，非线上调用频率；未观察到的实现未作逐函数性能通过声明。输入尺度详见 report.md。
aa0691cb85547a395d099350275cb6f18c06b98531677c7d8d3edd32c3ea4b9f,submodules/yss-harness-design-agent/scripts/verify-strategic-design-handoff,True,False,2,2,candidate-caller,"P01,P02",命中候选函数/调用链；可能含字符串/注释，非独立瓶颈证明,沿实际调用链归因，见候选设计；不要据regex删除检查,unknown-unless-candidate-explicitly-establishes-source,cli,"{""process_spawn"": true, ""tree_io"": false, ""network"": false, ""mutation"": false, ""sleep"": false, ""loop"": true}",manual-candidate-or-automatic-classification-not-function-level-proof,测量后保留,"[""submodules/yss-harness-design-agent/scripts/verify-strategic-design-handoff""]","{""submodules/yss-harness-design-agent/scripts/verify-strategic-design-handoff"": ""所属 Harness 持有 profile 变体；仅移植已核对的性能变更 → 所属 CLI sync-template""}","[""submodules/create-yss-strategic-design/template/scripts/verify-strategic-design-handoff"", ""submodules/create-yss-strategic-design/template/scripts/verify-strategic-design-handoff-scenarios"", ""submodules/yss-harness-design-agent/scripts/verify-strategic-design-handoff"", ""submodules/yss-harness-design-agent/scripts/verify-strategic-design-handoff-scenarios""]","{""submodules/yss-harness-design-agent/scripts/verify-strategic-design-handoff"": ""aa0691cb85547a395d099350275cb6f18c06b98531677c7d8d3edd32c3ea4b9f""}",[],P01;P02,"[""submodules/create-yss-strategic-design/template/scripts/verify-strategic-design-handoff""]",0,0,logs/validation-after-recovery-0.stdout; runs.jsonl; final-refresh-results.json; distribution-results-corrected.json,采样维护入口调用频次、目录/输入规模后未取得应增加复杂度的独立热点证据；保留现实现。 未取得可绑定此 SHA 的 V8 加载样本；临时模块可能已随夹具清理，不能把缺少可绑定样本解释成线上零调用或性能正常。,V8 观察是维护夹具入口频次，非线上调用频率；未观察到的实现未作逐函数性能通过声明。输入尺度详见 report.md。
aa6afc7fa2842dc6ff37daa04f2b3a28c2a81cbd792bc3e910f1f74429912495,submodules/yss-harness-design-agent/scripts/verify-maintenance-intensity-scenarios,True,False,2,2,fixture-test-only,,断言/回归入口；是否启动真实环境需沿callee区分,隔离执行对应测试，区分mock/真实构建/外部资源,unknown-unless-candidate-explicitly-establishes-source,cli,"{""process_spawn"": false, ""tree_io"": false, ""network"": false, ""mutation"": false, ""sleep"": false, ""loop"": true}",manual-candidate-or-automatic-classification-not-function-level-proof,测量后保留,"[""submodules/yss-harness-design-agent/scripts/verify-maintenance-intensity-scenarios""]","{""submodules/yss-harness-design-agent/scripts/verify-maintenance-intensity-scenarios"": ""所属 Harness 持有 profile 变体；仅移植已核对的性能变更 → 所属 CLI sync-template""}","[""submodules/create-yss-strategic-design/template/scripts/verify-template-verification-scenarios"", ""submodules/yss-harness-design-agent/scripts/verify-template-verification-scenarios""]","{""submodules/yss-harness-design-agent/scripts/verify-maintenance-intensity-scenarios"": ""aa6afc7fa2842dc6ff37daa04f2b3a28c2a81cbd792bc3e910f1f74429912495""}",[],,"[""submodules/create-yss-strategic-design/template/scripts/verify-maintenance-intensity-scenarios""]",0,0,logs/validation-after-recovery-0.stdout; runs.jsonl; final-refresh-results.json; distribution-results-corrected.json,采样维护入口调用频次、目录/输入规模后未取得应增加复杂度的独立热点证据；保留现实现。 未取得可绑定此 SHA 的 V8 加载样本；临时模块可能已随夹具清理，不能把缺少可绑定样本解释成线上零调用或性能正常。,V8 观察是维护夹具入口频次，非线上调用频率；未观察到的实现未作逐函数性能通过声明。输入尺度详见 report.md。
aac3ada33979ed2073cf8c5a0af310c45d512d9ec3e91c051f2b5817924d9130,.agents/skills/yss-mvc-scaffold-generator/scripts/lib/templates.mjs,True,False,2,8,external-runtime-needs-input,,可能外部访问/更新入口，需具体参数与本地注入fixture,本轮不触发真实外部动作；区分cache/timeout与服务耗时,unknown-unless-candidate-explicitly-establishes-source,library,"{""process_spawn"": false, ""tree_io"": false, ""network"": true, ""mutation"": false, ""sleep"": false, ""loop"": false}",manual-candidate-or-automatic-classification-not-function-level-proof,外部环境待验证,"["".agents/skills/yss-mvc-scaffold-generator/scripts/lib/templates.mjs""]","{"".agents/skills/yss-mvc-scaffold-generator/scripts/lib/templates.mjs"": ""所属仓 .agents/skills 权威目录 → update-skill-lock / sync-skills → 所属 CLI sync-template""}",[],"{"".agents/skills/yss-mvc-scaffold-generator/scripts/lib/templates.mjs"": ""aac3ada33979ed2073cf8c5a0af310c45d512d9ec3e91c051f2b5817924d9130""}",[],,"[""submodules/create-yss-spec/template/.agents/skills/yss-mvc-scaffold-generator/scripts/lib/templates.mjs""]",0,0,logs/validation-after-recovery-0.stdout; runs.jsonl; final-refresh-results.json; distribution-results-corrected.json,本轮只执行维护夹具；真实依赖、实际工程、远端网络或显式 self-update 缺少已选真实环境，不把 mock 用时算作外部收益。,V8 观察是维护夹具入口频次，非线上调用频率；未观察到的实现未作逐函数性能通过声明。输入尺度详见 report.md。
aacbce54f790dd7dc10eca76e1f83443cd5ce69586f1a0eceab980a8e79b3103,submodules/create-yss-harness-backend/scripts/sync-template.mjs,True,False,2,2,wrapper-follow-callee,,短包装/重导出入口；主要成本落在callee,计入口启动开销并追踪实际callee，保留兼容入口,unknown-unless-candidate-explicitly-establishes-source,wrapper,"{""process_spawn"": false, ""tree_io"": false, ""network"": false, ""mutation"": false, ""sleep"": false, ""loop"": false}",manual-candidate-or-automatic-classification-not-function-level-proof,测量后保留,"[""submodules/create-yss-harness-backend/scripts/sync-template.mjs"", ""submodules/create-yss-harness-frontend/scripts/sync-template.mjs""]","{""submodules/create-yss-harness-backend/scripts/sync-template.mjs"": ""所属 CLI 自有源码；test:unit / test:prepared / sync-template；不以同名合并来源"", ""submodules/create-yss-harness-frontend/scripts/sync-template.mjs"": ""所属 CLI 自有源码；test:unit / test:prepared / sync-template；不以同名合并来源""}",[],"{""submodules/create-yss-harness-backend/scripts/sync-template.mjs"": ""aacbce54f790dd7dc10eca76e1f83443cd5ce69586f1a0eceab980a8e79b3103"", ""submodules/create-yss-harness-frontend/scripts/sync-template.mjs"": ""aacbce54f790dd7dc10eca76e1f83443cd5ce69586f1a0eceab980a8e79b3103""}",[],,[],0,0,logs/validation-after-recovery-0.stdout; runs.jsonl; final-refresh-results.json; distribution-results-corrected.json,采样维护入口调用频次、目录/输入规模后未取得应增加复杂度的独立热点证据；保留现实现。 未取得可绑定此 SHA 的 V8 加载样本；临时模块可能已随夹具清理，不能把缺少可绑定样本解释成线上零调用或性能正常。,V8 观察是维护夹具入口频次，非线上调用频率；未观察到的实现未作逐函数性能通过声明。输入尺度详见 report.md。
abd7bc99247aa25e64f911ded6542399ef5d03898b5782d8cd63165817da4dc6,scripts/verify-scaffold-architecture-decisions,True,False,2,2,candidate-caller,P01,命中候选函数/调用链；可能含字符串/注释，非独立瓶颈证明,沿实际调用链归因，见候选设计；不要据regex删除检查,unknown-unless-candidate-explicitly-establishes-source,cli,"{""process_spawn"": false, ""tree_io"": false, ""network"": false, ""mutation"": false, ""sleep"": false, ""loop"": true}",manual-candidate-or-automatic-classification-not-function-level-proof,测量后保留,"[""scripts/verify-scaffold-architecture-decisions""]","{""scripts/verify-scaffold-architecture-decisions"": ""本体脚本权威；通过本体 CLI manifest/sync-template 分发；入口由完整核验 profile 选择""}","[""scripts/verify-scaffold-architecture-decision-scenarios"", ""scripts/verify-scaffold-architecture-decisions"", ""submodules/create-yss-spec/template/scripts/verify-scaffold-architecture-decision-scenarios"", ""submodules/create-yss-spec/template/scripts/verify-scaffold-architecture-decisions""]","{""scripts/verify-scaffold-architecture-decisions"": ""abd7bc99247aa25e64f911ded6542399ef5d03898b5782d8cd63165817da4dc6""}",[],P01,"[""submodules/create-yss-spec/template/scripts/verify-scaffold-architecture-decisions""]",6,51,logs/validation-after-recovery-0.stdout; runs.jsonl; final-refresh-results.json; distribution-results-corrected.json,采样维护入口调用频次、目录/输入规模后未取得应增加复杂度的独立热点证据；保留现实现。,V8 观察是维护夹具入口频次，非线上调用频率；未观察到的实现未作逐函数性能通过声明。输入尺度详见 report.md。
ac2455fa637ef7364e3a3f89f450b1db8284d1e40ef85188e83a5a45e81b9aba,.agents/skills/yss-cache/scripts/inspect-cache-usage.sh,True,False,5,33,static-no-confirmed-hotspot,,词法/路径分类，未证明性能正常,按真实调用频率与输入规模采样；有证据再扩大分析,unknown-unless-candidate-explicitly-establishes-source,cli,"{""process_spawn"": false, ""tree_io"": true, ""network"": false, ""mutation"": true, ""sleep"": false, ""loop"": false}",manual-candidate-or-automatic-classification-not-function-level-proof,测量后保留,"["".agents/skills/yss-cache/scripts/inspect-cache-usage.sh"", ""submodules/yss-harness-backend-agent/.agents/skills/yss-cache/scripts/inspect-cache-usage.sh"", ""submodules/yss-harness-dev-agent/.agents/skills/yss-cache/scripts/inspect-cache-usage.sh""]","{"".agents/skills/yss-cache/scripts/inspect-cache-usage.sh"": ""所属仓 .agents/skills 权威目录 → update-skill-lock / sync-skills → 所属 CLI sync-template"", ""submodules/yss-harness-backend-agent/.agents/skills/yss-cache/scripts/inspect-cache-usage.sh"": ""所属仓 .agents/skills 权威目录 → update-skill-lock / sync-skills → 所属 CLI sync-template"", ""submodules/yss-harness-dev-agent/.agents/skills/yss-cache/scripts/inspect-cache-usage.sh"": ""所属仓 .agents/skills 权威目录 → update-skill-lock / sync-skills → 所属 CLI sync-template""}",[],"{"".agents/skills/yss-cache/scripts/inspect-cache-usage.sh"": ""ac2455fa637ef7364e3a3f89f450b1db8284d1e40ef85188e83a5a45e81b9aba"", ""submodules/yss-harness-backend-agent/.agents/skills/yss-cache/scripts/inspect-cache-usage.sh"": ""ac2455fa637ef7364e3a3f89f450b1db8284d1e40ef85188e83a5a45e81b9aba"", ""submodules/yss-harness-dev-agent/.agents/skills/yss-cache/scripts/inspect-cache-usage.sh"": ""ac2455fa637ef7364e3a3f89f450b1db8284d1e40ef85188e83a5a45e81b9aba""}",[],,"[""submodules/create-yss-harness-dev/template/.agents/skills/yss-cache/scripts/inspect-cache-usage.sh"", ""submodules/create-yss-spec/template/.agents/skills/yss-cache/scripts/inspect-cache-usage.sh""]",0,0,logs/validation-after-recovery-0.stdout; runs.jsonl; final-refresh-results.json; distribution-results-corrected.json,采样维护入口调用频次、目录/输入规模后未取得应增加复杂度的独立热点证据；保留现实现。 未取得可绑定此 SHA 的 V8 加载样本；临时模块可能已随夹具清理，不能把缺少可绑定样本解释成线上零调用或性能正常。,V8 观察是维护夹具入口频次，非线上调用频率；未观察到的实现未作逐函数性能通过声明。输入尺度详见 report.md。
ac6aaa096dca8573e4bcd3201eebce44e90a319d8636393f45cbd69da40c4ac9,submodules/yss-harness-design-agent/scripts/verify-business-language-scenarios,True,False,2,2,fixture-test-only,,断言/回归入口；是否启动真实环境需沿callee区分,隔离执行对应测试，区分mock/真实构建/外部资源,unknown-unless-candidate-explicitly-establishes-source,cli,"{""process_spawn"": false, ""tree_io"": false, ""network"": false, ""mutation"": false, ""sleep"": false, ""loop"": true}",manual-candidate-or-automatic-classification-not-function-level-proof,测量后保留,"[""submodules/yss-harness-design-agent/scripts/verify-business-language-scenarios""]","{""submodules/yss-harness-design-agent/scripts/verify-business-language-scenarios"": ""所属 Harness 持有 profile 变体；仅移植已核对的性能变更 → 所属 CLI sync-template""}",[],"{""submodules/yss-harness-design-agent/scripts/verify-business-language-scenarios"": ""ac6aaa096dca8573e4bcd3201eebce44e90a319d8636393f45cbd69da40c4ac9""}",[],,"[""submodules/create-yss-strategic-design/template/scripts/verify-business-language-scenarios""]",0,0,logs/validation-after-recovery-0.stdout; runs.jsonl; final-refresh-results.json; distribution-results-corrected.json,采样维护入口调用频次、目录/输入规模后未取得应增加复杂度的独立热点证据；保留现实现。 未取得可绑定此 SHA 的 V8 加载样本；临时模块可能已随夹具清理，不能把缺少可绑定样本解释成线上零调用或性能正常。,V8 观察是维护夹具入口频次，非线上调用频率；未观察到的实现未作逐函数性能通过声明。输入尺度详见 report.md。
adc4a2d0b7344bd581b3b0fbf15072ba042588968d21a67764e0e28828e28a59,scripts/verify-yss-dto-openapi-scenarios,True,False,7,8,fixture-test-only,,断言/回归入口；是否启动真实环境需沿callee区分,隔离执行对应测试，区分mock/真实构建/外部资源,unknown-unless-candidate-explicitly-establishes-source,wrapper,"{""process_spawn"": false, ""tree_io"": false, ""network"": false, ""mutation"": false, ""sleep"": false, ""loop"": false}",manual-candidate-or-automatic-classification-not-function-level-proof,测量后保留,"[""scripts/verify-yss-dto-openapi-scenarios"", ""submodules/yss-harness-backend-agent/scripts/verify-yss-dto-openapi-scenarios"", ""submodules/yss-harness-design-agent/scripts/verify-yss-dto-openapi-scenarios"", ""submodules/yss-harness-dev-agent/scripts/verify-yss-dto-openapi-scenarios"", ""submodules/yss-harness-frontend-agent/scripts/verify-yss-dto-openapi-scenarios""]","{""scripts/verify-yss-dto-openapi-scenarios"": ""本体脚本权威；通过本体 CLI manifest/sync-template 分发；入口由完整核验 profile 选择"", ""submodules/yss-harness-backend-agent/scripts/verify-yss-dto-openapi-scenarios"": ""所属 Harness 持有 profile 变体；仅移植已核对的性能变更 → 所属 CLI sync-template"", ""submodules/yss-harness-design-agent/scripts/verify-yss-dto-openapi-scenarios"": ""所属 Harness 持有 profile 变体；仅移植已核对的性能变更 → 所属 CLI sync-template"", ""submodules/yss-harness-dev-agent/scripts/verify-yss-dto-openapi-scenarios"": ""所属 Harness 持有 profile 变体；仅移植已核对的性能变更 → 所属 CLI sync-template"", ""submodules/yss-harness-frontend-agent/scripts/verify-yss-dto-openapi-scenarios"": ""所属 Harness 持有 profile 变体；仅移植已核对的性能变更 → 所属 CLI sync-template""}","[""scripts/verify-template-verification-scenarios"", ""submodules/create-yss-harness-dev/template/scripts/verify-template-verification-scenarios"", ""submodules/create-yss-spec/template/scripts/verify-template-verification-scenarios"", ""submodules/yss-harness-backend-agent/scripts/verify-template-verification-scenarios"", ""submodules/yss-harness-dev-agent/scripts/verify-template-verification-scenarios"", ""submodules/yss-harness-frontend-agent/scripts/verify-template-verification-scenarios""]","{""scripts/verify-yss-dto-openapi-scenarios"": ""adc4a2d0b7344bd581b3b0fbf15072ba042588968d21a67764e0e28828e28a59"", ""submodules/yss-harness-backend-agent/scripts/verify-yss-dto-openapi-scenarios"": ""adc4a2d0b7344bd581b3b0fbf15072ba042588968d21a67764e0e28828e28a59"", ""submodules/yss-harness-design-agent/scripts/verify-yss-dto-openapi-scenarios"": ""adc4a2d0b7344bd581b3b0fbf15072ba042588968d21a67764e0e28828e28a59"", ""submodules/yss-harness-dev-agent/scripts/verify-yss-dto-openapi-scenarios"": ""adc4a2d0b7344bd581b3b0fbf15072ba042588968d21a67764e0e28828e28a59"", ""submodules/yss-harness-frontend-agent/scripts/verify-yss-dto-openapi-scenarios"": ""adc4a2d0b7344bd581b3b0fbf15072ba042588968d21a67764e0e28828e28a59""}",[],,"[""submodules/create-yss-harness-dev/template/scripts/verify-yss-dto-openapi-scenarios"", ""submodules/create-yss-spec/template/scripts/verify-yss-dto-openapi-scenarios""]",1,1,logs/validation-after-recovery-0.stdout; runs.jsonl; final-refresh-results.json; distribution-results-corrected.json,采样维护入口调用频次、目录/输入规模后未取得应增加复杂度的独立热点证据；保留现实现。,V8 观察是维护夹具入口频次，非线上调用频率；未观察到的实现未作逐函数性能通过声明。输入尺度详见 report.md。
ae254bf06b5581e1f2766f13d9599a72763add46cb01aeea7e18f9af03953075,scripts/verify-lifecycle-scenarios,True,False,8,9,fixture-test-only,,断言/回归入口；是否启动真实环境需沿callee区分,隔离执行对应测试，区分mock/真实构建/外部资源,unknown-unless-candidate-explicitly-establishes-source,wrapper,"{""process_spawn"": false, ""tree_io"": false, ""network"": false, ""mutation"": false, ""sleep"": false, ""loop"": false}",manual-candidate-or-automatic-classification-not-function-level-proof,测量后保留,"[""scripts/verify-lifecycle-scenarios"", ""submodules/yss-harness-backend-agent/scripts/verify-lifecycle-scenarios"", ""submodules/yss-harness-design-agent/scripts/verify-lifecycle-scenarios"", ""submodules/yss-harness-dev-agent/scripts/verify-lifecycle-scenarios"", ""submodules/yss-harness-frontend-agent/scripts/verify-lifecycle-scenarios""]","{""scripts/verify-lifecycle-scenarios"": ""本体脚本权威；通过本体 CLI manifest/sync-template 分发；入口由完整核验 profile 选择"", ""submodules/yss-harness-backend-agent/scripts/verify-lifecycle-scenarios"": ""所属 Harness 持有 profile 变体；仅移植已核对的性能变更 → 所属 CLI sync-template"", ""submodules/yss-harness-design-agent/scripts/verify-lifecycle-scenarios"": ""所属 Harness 持有 profile 变体；仅移植已核对的性能变更 → 所属 CLI sync-template"", ""submodules/yss-harness-dev-agent/scripts/verify-lifecycle-scenarios"": ""所属 Harness 持有 profile 变体；仅移植已核对的性能变更 → 所属 CLI sync-template"", ""submodules/yss-harness-frontend-agent/scripts/verify-lifecycle-scenarios"": ""所属 Harness 持有 profile 变体；仅移植已核对的性能变更 → 所属 CLI sync-template""}","[""scripts/verify-governance-release"", ""scripts/verify-template-verification-scenarios"", ""submodules/create-yss-harness-dev/template/scripts/verify-governance-release"", ""submodules/create-yss-harness-dev/template/scripts/verify-template-verification-scenarios"", ""submodules/create-yss-spec/template/scripts/verify-governance-release"", ""submodules/create-yss-spec/template/scripts/verify-template-verification-scenarios"", ""submodules/create-yss-strategic-design/template/scripts/verify-template-verification-scenarios"", ""submodules/yss-harness-backend-agent/scripts/verify-governance-release"", ""submodules/yss-harness-backend-agent/scripts/verify-template-verification-scenarios"", ""submodules/yss-harness-design-agent/scripts/verify-governance-release"", ""submodules/yss-harness-design-agent/scripts/verify-template-verification-scenarios"", ""submodules/yss-harness-dev-agent/scripts/verify-governance-release"", ""submodules/yss-harness-dev-agent/scripts/verify-template-verification-scenarios"", ""submodules/yss-harness-frontend-agent/scripts/verify-governance-release"", ""submodules/yss-harness-frontend-agent/scripts/verify-template-verification-scenarios""]","{""scripts/verify-lifecycle-scenarios"": ""ae254bf06b5581e1f2766f13d9599a72763add46cb01aeea7e18f9af03953075"", ""submodules/yss-harness-backend-agent/scripts/verify-lifecycle-scenarios"": ""ae254bf06b5581e1f2766f13d9599a72763add46cb01aeea7e18f9af03953075"", ""submodules/yss-harness-design-agent/scripts/verify-lifecycle-scenarios"": ""ae254bf06b5581e1f2766f13d9599a72763add46cb01aeea7e18f9af03953075"", ""submodules/yss-harness-dev-agent/scripts/verify-lifecycle-scenarios"": ""ae254bf06b5581e1f2766f13d9599a72763add46cb01aeea7e18f9af03953075"", ""submodules/yss-harness-frontend-agent/scripts/verify-lifecycle-scenarios"": ""ae254bf06b5581e1f2766f13d9599a72763add46cb01aeea7e18f9af03953075""}",[],,"[""submodules/create-yss-harness-dev/template/scripts/verify-lifecycle-scenarios"", ""submodules/create-yss-spec/template/scripts/verify-lifecycle-scenarios"", ""submodules/create-yss-strategic-design/template/scripts/verify-lifecycle-scenarios""]",1,1,logs/validation-after-recovery-0.stdout; runs.jsonl; final-refresh-results.json; distribution-results-corrected.json,采样维护入口调用频次、目录/输入规模后未取得应增加复杂度的独立热点证据；保留现实现。,V8 观察是维护夹具入口频次，非线上调用频率；未观察到的实现未作逐函数性能通过声明。输入尺度详见 report.md。
afcf6e12f7615fbb5204ff3c9ac907a963b24af484b73ed3dbbcf18715cac164,submodules/yss-harness-dev-agent/.agents/skills/yss-ddd-scaffold-generator/scripts/generate_scaffold.mjs,True,False,3,10,candidate-caller,P09,命中候选函数/调用链；可能含字符串/注释，非独立瓶颈证明,沿实际调用链归因，见候选设计；不要据regex删除检查,unknown-unless-candidate-explicitly-establishes-source,cli,"{""process_spawn"": false, ""tree_io"": true, ""network"": false, ""mutation"": true, ""sleep"": false, ""loop"": true}",manual-candidate-or-automatic-classification-not-function-level-proof,测量后保留,"[""submodules/yss-harness-backend-agent/.agents/skills/yss-ddd-scaffold-generator/scripts/generate_scaffold.mjs"", ""submodules/yss-harness-dev-agent/.agents/skills/yss-ddd-scaffold-generator/scripts/generate_scaffold.mjs""]","{""submodules/yss-harness-backend-agent/.agents/skills/yss-ddd-scaffold-generator/scripts/generate_scaffold.mjs"": ""所属仓 .agents/skills 权威目录 → update-skill-lock / sync-skills → 所属 CLI sync-template"", ""submodules/yss-harness-dev-agent/.agents/skills/yss-ddd-scaffold-generator/scripts/generate_scaffold.mjs"": ""所属仓 .agents/skills 权威目录 → update-skill-lock / sync-skills → 所属 CLI sync-template""}","[""submodules/create-yss-harness-dev/template/scripts/lib/scenario-checks.mjs"", ""submodules/create-yss-harness-dev/template/scripts/verify-repository-scope-scenarios"", ""submodules/yss-harness-backend-agent/scripts/lib/scenario-checks.mjs"", ""submodules/yss-harness-backend-agent/scripts/verify-repository-scope-scenarios"", ""submodules/yss-harness-dev-agent/scripts/lib/scenario-checks.mjs"", ""submodules/yss-harness-dev-agent/scripts/verify-repository-scope-scenarios""]","{""submodules/yss-harness-backend-agent/.agents/skills/yss-ddd-scaffold-generator/scripts/generate_scaffold.mjs"": ""afcf6e12f7615fbb5204ff3c9ac907a963b24af484b73ed3dbbcf18715cac164"", ""submodules/yss-harness-dev-agent/.agents/skills/yss-ddd-scaffold-generator/scripts/generate_scaffold.mjs"": ""afcf6e12f7615fbb5204ff3c9ac907a963b24af484b73ed3dbbcf18715cac164""}",[],P09,"[""submodules/create-yss-harness-dev/template/.agents/skills/yss-ddd-scaffold-generator/scripts/generate_scaffold.mjs""]",0,0,logs/validation-after-recovery-0.stdout; runs.jsonl; final-refresh-results.json; distribution-results-corrected.json,采样维护入口调用频次、目录/输入规模后未取得应增加复杂度的独立热点证据；保留现实现。 未取得可绑定此 SHA 的 V8 加载样本；临时模块可能已随夹具清理，不能把缺少可绑定样本解释成线上零调用或性能正常。,V8 观察是维护夹具入口频次，非线上调用频率；未观察到的实现未作逐函数性能通过声明。输入尺度详见 report.md。
b06d9d1959b94b3df393c5446637e5c84f3566237ca5ef538e4321d758abb363,.template-source/cli-core/identity.mjs,False,True,3,3,static-no-confirmed-hotspot,,词法/路径分类，未证明性能正常,按真实调用频率与输入规模采样；有证据再扩大分析,unknown-unless-candidate-explicitly-establishes-source,library,"{""process_spawn"": true, ""tree_io"": false, ""network"": false, ""mutation"": false, ""sleep"": false, ""loop"": true}",manual-candidate-or-automatic-classification-not-function-level-proof,测量后保留,"["".template-source/cli-core/identity.mjs""]","{"".template-source/cli-core/identity.mjs"": ""本体 canonical core → sync-core → 专职 CLI vendor（临时仓已验证，正式锁待提交）""}","["".template-source/cli-core/engine.mjs"", "".template-source/cli-core/transaction.mjs"", ""submodules/create-yss-harness-backend/vendor/cli-core/engine.mjs"", ""submodules/create-yss-harness-backend/vendor/cli-core/transaction.mjs"", ""submodules/create-yss-harness-frontend/vendor/cli-core/engine.mjs"", ""submodules/create-yss-harness-frontend/vendor/cli-core/transaction.mjs""]","{"".template-source/cli-core/identity.mjs"": ""b06d9d1959b94b3df393c5446637e5c84f3566237ca5ef538e4321d758abb363""}",[],,"[""submodules/create-yss-harness-backend/vendor/cli-core/identity.mjs"", ""submodules/create-yss-harness-frontend/vendor/cli-core/identity.mjs""]",157,49155,logs/validation-after-recovery-0.stdout; runs.jsonl; final-refresh-results.json; distribution-results-corrected.json,采样维护入口调用频次、目录/输入规模后未取得应增加复杂度的独立热点证据；保留现实现。,V8 观察是维护夹具入口频次，非线上调用频率；未观察到的实现未作逐函数性能通过声明。输入尺度详见 report.md。
b22038ec00f18fb2a5d6d1d29891ff87f52dafd0a98f94a2665fee450c4aadd6,scripts/verify-digital-human-roles-scenarios,True,False,2,2,fixture-test-only,,断言/回归入口；是否启动真实环境需沿callee区分,隔离执行对应测试，区分mock/真实构建/外部资源,unknown-unless-candidate-explicitly-establishes-source,cli,"{""process_spawn"": false, ""tree_io"": false, ""network"": false, ""mutation"": false, ""sleep"": false, ""loop"": true}",manual-candidate-or-automatic-classification-not-function-level-proof,测量后保留,"[""scripts/verify-digital-human-roles-scenarios""]","{""scripts/verify-digital-human-roles-scenarios"": ""本体脚本权威；通过本体 CLI manifest/sync-template 分发；入口由完整核验 profile 选择""}","[""scripts/verify-template-verification-scenarios"", ""submodules/create-yss-spec/template/scripts/verify-template-verification-scenarios""]","{""scripts/verify-digital-human-roles-scenarios"": ""b22038ec00f18fb2a5d6d1d29891ff87f52dafd0a98f94a2665fee450c4aadd6""}",[],,"[""submodules/create-yss-spec/template/scripts/verify-digital-human-roles-scenarios""]",1,1101,logs/validation-after-recovery-0.stdout; runs.jsonl; final-refresh-results.json; distribution-results-corrected.json,采样维护入口调用频次、目录/输入规模后未取得应增加复杂度的独立热点证据；保留现实现。,V8 观察是维护夹具入口频次，非线上调用频率；未观察到的实现未作逐函数性能通过声明。输入尺度详见 report.md。
b282d20ac5887a99f8fe76ea421030fdbf477ac5f1717d4ef1678a89c08d8949,scripts/verify-digital-human-task-package-scenarios,True,False,8,9,fixture-test-only,,断言/回归入口；是否启动真实环境需沿callee区分,隔离执行对应测试，区分mock/真实构建/外部资源,unknown-unless-candidate-explicitly-establishes-source,wrapper,"{""process_spawn"": true, ""tree_io"": false, ""network"": false, ""mutation"": false, ""sleep"": false, ""loop"": false}",manual-candidate-or-automatic-classification-not-function-level-proof,测量后保留,"[""scripts/verify-digital-human-task-package-scenarios"", ""submodules/yss-harness-backend-agent/scripts/verify-digital-human-task-package-scenarios"", ""submodules/yss-harness-design-agent/scripts/verify-digital-human-task-package-scenarios"", ""submodules/yss-harness-dev-agent/scripts/verify-digital-human-task-package-scenarios"", ""submodules/yss-harness-frontend-agent/scripts/verify-digital-human-task-package-scenarios""]","{""scripts/verify-digital-human-task-package-scenarios"": ""本体脚本权威；通过本体 CLI manifest/sync-template 分发；入口由完整核验 profile 选择"", ""submodules/yss-harness-backend-agent/scripts/verify-digital-human-task-package-scenarios"": ""所属 Harness 持有 profile 变体；仅移植已核对的性能变更 → 所属 CLI sync-template"", ""submodules/yss-harness-design-agent/scripts/verify-digital-human-task-package-scenarios"": ""所属 Harness 持有 profile 变体；仅移植已核对的性能变更 → 所属 CLI sync-template"", ""submodules/yss-harness-dev-agent/scripts/verify-digital-human-task-package-scenarios"": ""所属 Harness 持有 profile 变体；仅移植已核对的性能变更 → 所属 CLI sync-template"", ""submodules/yss-harness-frontend-agent/scripts/verify-digital-human-task-package-scenarios"": ""所属 Harness 持有 profile 变体；仅移植已核对的性能变更 → 所属 CLI sync-template""}","[""scripts/verify-template-verification-scenarios"", ""submodules/create-yss-harness-dev/template/scripts/verify-template-verification-scenarios"", ""submodules/create-yss-spec/template/scripts/verify-template-verification-scenarios"", ""submodules/create-yss-strategic-design/template/scripts/verify-template-verification-scenarios"", ""submodules/yss-harness-backend-agent/scripts/verify-template-verification-scenarios"", ""submodules/yss-harness-design-agent/scripts/verify-template-verification-scenarios"", ""submodules/yss-harness-dev-agent/scripts/verify-template-verification-scenarios"", ""submodules/yss-harness-frontend-agent/scripts/verify-template-verification-scenarios""]","{""scripts/verify-digital-human-task-package-scenarios"": ""b282d20ac5887a99f8fe76ea421030fdbf477ac5f1717d4ef1678a89c08d8949"", ""submodules/yss-harness-backend-agent/scripts/verify-digital-human-task-package-scenarios"": ""b282d20ac5887a99f8fe76ea421030fdbf477ac5f1717d4ef1678a89c08d8949"", ""submodules/yss-harness-design-agent/scripts/verify-digital-human-task-package-scenarios"": ""b282d20ac5887a99f8fe76ea421030fdbf477ac5f1717d4ef1678a89c08d8949"", ""submodules/yss-harness-dev-agent/scripts/verify-digital-human-task-package-scenarios"": ""b282d20ac5887a99f8fe76ea421030fdbf477ac5f1717d4ef1678a89c08d8949"", ""submodules/yss-harness-frontend-agent/scripts/verify-digital-human-task-package-scenarios"": ""b282d20ac5887a99f8fe76ea421030fdbf477ac5f1717d4ef1678a89c08d8949""}",[],,"[""submodules/create-yss-harness-dev/template/scripts/verify-digital-human-task-package-scenarios"", ""submodules/create-yss-spec/template/scripts/verify-digital-human-task-package-scenarios"", ""submodules/create-yss-strategic-design/template/scripts/verify-digital-human-task-package-scenarios""]",1,1,logs/validation-after-recovery-0.stdout; runs.jsonl; final-refresh-results.json; distribution-results-corrected.json,采样维护入口调用频次、目录/输入规模后未取得应增加复杂度的独立热点证据；保留现实现。,V8 观察是维护夹具入口频次，非线上调用频率；未观察到的实现未作逐函数性能通过声明。输入尺度详见 report.md。
b33b15823775b0741d68ca9125d410257a38a68556eeca219983fe5f7bc0ec45,.template-source/scripts/verify-strategic-handoff-distribution.mjs,True,False,1,1,candidate,P05,直接引用源码已人工核对,见关联候选验证设计,unknown-unless-candidate-explicitly-establishes-source,cli,"{""process_spawn"": true, ""tree_io"": true, ""network"": false, ""mutation"": true, ""sleep"": false, ""loop"": true}",manual-candidate-or-automatic-classification-not-function-level-proof,测量后保留,"["".template-source/scripts/verify-strategic-handoff-distribution.mjs""]","{"".template-source/scripts/verify-strategic-handoff-distribution.mjs"": ""本体脚本权威；通过本体 CLI manifest/sync-template 分发；入口由完整核验 profile 选择""}",[],"{"".template-source/scripts/verify-strategic-handoff-distribution.mjs"": ""b33b15823775b0741d68ca9125d410257a38a68556eeca219983fe5f7bc0ec45""}",[],P05,[],0,0,logs/validation-after-recovery-0.stdout; runs.jsonl; final-refresh-results.json; distribution-results-corrected.json,采样维护入口调用频次、目录/输入规模后未取得应增加复杂度的独立热点证据；保留现实现。 未取得可绑定此 SHA 的 V8 加载样本；临时模块可能已随夹具清理，不能把缺少可绑定样本解释成线上零调用或性能正常。,V8 观察是维护夹具入口频次，非线上调用频率；未观察到的实现未作逐函数性能通过声明。输入尺度详见 report.md。
b36203a11df348706e541f309266a0f9b914dac6a7eb8ba804e3abe8f8d6c710,.agents/skills/archify/renderers/shared/desktop-readability.mjs,False,True,6,6,static-no-confirmed-hotspot,,词法/路径分类，未证明性能正常,按真实调用频率与输入规模采样；有证据再扩大分析,unknown-unless-candidate-explicitly-establishes-source,library,"{""process_spawn"": false, ""tree_io"": false, ""network"": false, ""mutation"": false, ""sleep"": false, ""loop"": false}",manual-candidate-or-automatic-classification-not-function-level-proof,测量后保留,"["".agents/skills/archify/renderers/shared/desktop-readability.mjs"", ""submodules/yss-harness-backend-agent/.agents/skills/archify/renderers/shared/desktop-readability.mjs"", ""submodules/yss-harness-dev-agent/.agents/skills/archify/renderers/shared/desktop-readability.mjs"", ""submodules/yss-harness-frontend-agent/.agents/skills/archify/renderers/shared/desktop-readability.mjs""]","{"".agents/skills/archify/renderers/shared/desktop-readability.mjs"": ""所属仓 .agents/skills 权威目录 → update-skill-lock / sync-skills → 所属 CLI sync-template"", ""submodules/yss-harness-backend-agent/.agents/skills/archify/renderers/shared/desktop-readability.mjs"": ""所属仓 .agents/skills 权威目录 → update-skill-lock / sync-skills → 所属 CLI sync-template"", ""submodules/yss-harness-dev-agent/.agents/skills/archify/renderers/shared/desktop-readability.mjs"": ""所属仓 .agents/skills 权威目录 → update-skill-lock / sync-skills → 所属 CLI sync-template"", ""submodules/yss-harness-frontend-agent/.agents/skills/archify/renderers/shared/desktop-readability.mjs"": ""所属仓 .agents/skills 权威目录 → update-skill-lock / sync-skills → 所属 CLI sync-template""}","["".agents/skills/archify/scripts/check-render-output.mjs"", ""submodules/create-yss-harness-dev/template/.agents/skills/archify/scripts/check-render-output.mjs"", ""submodules/create-yss-spec/template/.agents/skills/archify/scripts/check-render-output.mjs"", ""submodules/yss-harness-backend-agent/.agents/skills/archify/scripts/check-render-output.mjs"", ""submodules/yss-harness-dev-agent/.agents/skills/archify/scripts/check-render-output.mjs"", ""submodules/yss-harness-frontend-agent/.agents/skills/archify/scripts/check-render-output.mjs""]","{"".agents/skills/archify/renderers/shared/desktop-readability.mjs"": ""b36203a11df348706e541f309266a0f9b914dac6a7eb8ba804e3abe8f8d6c710"", ""submodules/yss-harness-backend-agent/.agents/skills/archify/renderers/shared/desktop-readability.mjs"": ""b36203a11df348706e541f309266a0f9b914dac6a7eb8ba804e3abe8f8d6c710"", ""submodules/yss-harness-dev-agent/.agents/skills/archify/renderers/shared/desktop-readability.mjs"": ""b36203a11df348706e541f309266a0f9b914dac6a7eb8ba804e3abe8f8d6c710"", ""submodules/yss-harness-frontend-agent/.agents/skills/archify/renderers/shared/desktop-readability.mjs"": ""b36203a11df348706e541f309266a0f9b914dac6a7eb8ba804e3abe8f8d6c710""}",[],,"[""submodules/create-yss-harness-dev/template/.agents/skills/archify/renderers/shared/desktop-readability.mjs"", ""submodules/create-yss-spec/template/.agents/skills/archify/renderers/shared/desktop-readability.mjs""]",0,0,logs/validation-after-recovery-0.stdout; runs.jsonl; final-refresh-results.json; distribution-results-corrected.json,采样维护入口调用频次、目录/输入规模后未取得应增加复杂度的独立热点证据；保留现实现。 未取得可绑定此 SHA 的 V8 加载样本；临时模块可能已随夹具清理，不能把缺少可绑定样本解释成线上零调用或性能正常。,V8 观察是维护夹具入口频次，非线上调用频率；未观察到的实现未作逐函数性能通过声明。输入尺度详见 report.md。
b39ba134d72b363285b9e4ad0ac3f7de0d44cd0d0d571ccd350d5a04a31492a0,submodules/yss-harness-dev-agent/scripts/run-template-verification,True,False,6,7,candidate-caller,P03,命中候选函数/调用链；可能含字符串/注释，非独立瓶颈证明,沿实际调用链归因，见候选设计；不要据regex删除检查,unknown-unless-candidate-explicitly-establishes-source,cli,"{""process_spawn"": true, ""tree_io"": true, ""network"": false, ""mutation"": false, ""sleep"": false, ""loop"": true}",manual-candidate-or-automatic-classification-not-function-level-proof,优化并验证,"[""submodules/yss-harness-backend-agent/scripts/run-template-verification"", ""submodules/yss-harness-design-agent/scripts/run-template-verification"", ""submodules/yss-harness-dev-agent/scripts/run-template-verification"", ""submodules/yss-harness-frontend-agent/scripts/run-template-verification""]","{""submodules/yss-harness-backend-agent/scripts/run-template-verification"": ""所属 Harness 持有 profile 变体；仅移植已核对的性能变更 → 所属 CLI sync-template"", ""submodules/yss-harness-design-agent/scripts/run-template-verification"": ""所属 Harness 持有 profile 变体；仅移植已核对的性能变更 → 所属 CLI sync-template"", ""submodules/yss-harness-dev-agent/scripts/run-template-verification"": ""所属 Harness 持有 profile 变体；仅移植已核对的性能变更 → 所属 CLI sync-template"", ""submodules/yss-harness-frontend-agent/scripts/run-template-verification"": ""所属 Harness 持有 profile 变体；仅移植已核对的性能变更 → 所属 CLI sync-template""}",[],"{""submodules/yss-harness-backend-agent/scripts/run-template-verification"": ""bb595f0b998dd8e425f3cad1beee628cf8d21359f6358c46ce0711f11dd5ae90"", ""submodules/yss-harness-design-agent/scripts/run-template-verification"": ""bb595f0b998dd8e425f3cad1beee628cf8d21359f6358c46ce0711f11dd5ae90"", ""submodules/yss-harness-dev-agent/scripts/run-template-verification"": ""bb595f0b998dd8e425f3cad1beee628cf8d21359f6358c46ce0711f11dd5ae90"", ""submodules/yss-harness-frontend-agent/scripts/run-template-verification"": ""bb595f0b998dd8e425f3cad1beee628cf8d21359f6358c46ce0711f11dd5ae90""}","[""submodules/yss-harness-backend-agent/scripts/run-template-verification"", ""submodules/yss-harness-design-agent/scripts/run-template-verification"", ""submodules/yss-harness-dev-agent/scripts/run-template-verification"", ""submodules/yss-harness-frontend-agent/scripts/run-template-verification""]",P03,"[""submodules/create-yss-harness-dev/template/scripts/run-template-verification"", ""submodules/create-yss-strategic-design/template/scripts/run-template-verification""]",0,0,logs/validation-after-recovery-0.stdout; runs.jsonl; final-refresh-results.json; distribution-results-corrected.json,权威实现或其受控 Harness 变体有本轮变更；验证以 Fresh Verification、相关场景和候选对照为依据，副本不冒充独立优化。,V8 观察是维护夹具入口频次，非线上调用频率；未观察到的实现未作逐函数性能通过声明。输入尺度详见 report.md。
b39f8e259909135928154de6ccac93ea35ebc8a8fd496f7d43ae46d05fadbd37,.template-source/cli-core/engine.mjs,False,True,3,3,static-no-confirmed-hotspot,,词法/路径分类，未证明性能正常,按真实调用频率与输入规模采样；有证据再扩大分析,unknown-unless-candidate-explicitly-establishes-source,library,"{""process_spawn"": false, ""tree_io"": true, ""network"": false, ""mutation"": false, ""sleep"": false, ""loop"": true}",manual-candidate-or-automatic-classification-not-function-level-proof,测量后保留,"["".template-source/cli-core/engine.mjs""]","{"".template-source/cli-core/engine.mjs"": ""本体 canonical core → sync-core → 专职 CLI vendor（临时仓已验证，正式锁待提交）""}","["".template-source/cli-core/cli.mjs"", ""submodules/create-yss-harness-backend/vendor/cli-core/cli.mjs"", ""submodules/create-yss-harness-frontend/vendor/cli-core/cli.mjs""]","{"".template-source/cli-core/engine.mjs"": ""b39f8e259909135928154de6ccac93ea35ebc8a8fd496f7d43ae46d05fadbd37""}",[],,"[""submodules/create-yss-harness-backend/vendor/cli-core/engine.mjs"", ""submodules/create-yss-harness-frontend/vendor/cli-core/engine.mjs""]",157,19949,logs/validation-after-recovery-0.stdout; runs.jsonl; final-refresh-results.json; distribution-results-corrected.json,采样维护入口调用频次、目录/输入规模后未取得应增加复杂度的独立热点证据；保留现实现。,V8 观察是维护夹具入口频次，非线上调用频率；未观察到的实现未作逐函数性能通过声明。输入尺度详见 report.md。
b43692412fe1ebf0e43ecc82eb4f30f5cbb42764388fa3db181aeccd8c60a6dd,submodules/yss-harness-design-agent/.template-source/scripts/evidence-index,True,False,1,1,static-no-confirmed-hotspot,,维护冻结/证据路径；大diff或候选包需RSS规模测量，非日常产品流程优先项,只读源码抽样核对；隔离真实输入计时；若关联候选则采用其验证设计,unknown-unless-candidate-explicitly-establishes-source,cli,"{""process_spawn"": true, ""tree_io"": true, ""network"": false, ""mutation"": true, ""sleep"": false, ""loop"": true}",manual-candidate-or-automatic-classification-not-function-level-proof,测量后保留,"[""submodules/yss-harness-design-agent/.template-source/scripts/evidence-index""]","{""submodules/yss-harness-design-agent/.template-source/scripts/evidence-index"": ""所属 Harness 持有 profile 变体；仅移植已核对的性能变更 → 所属 CLI sync-template""}","[""submodules/yss-harness-design-agent/scripts/verify-template-verification-scenarios""]","{""submodules/yss-harness-design-agent/.template-source/scripts/evidence-index"": ""b43692412fe1ebf0e43ecc82eb4f30f5cbb42764388fa3db181aeccd8c60a6dd""}",[],,[],0,0,logs/validation-after-recovery-0.stdout; runs.jsonl; final-refresh-results.json; distribution-results-corrected.json,采样维护入口调用频次、目录/输入规模后未取得应增加复杂度的独立热点证据；保留现实现。 未取得可绑定此 SHA 的 V8 加载样本；临时模块可能已随夹具清理，不能把缺少可绑定样本解释成线上零调用或性能正常。,V8 观察是维护夹具入口频次，非线上调用频率；未观察到的实现未作逐函数性能通过声明。输入尺度详见 report.md。
b5562bd121cc85103dfe43fcfcd7413c48cdcbc402bbca016bdd7ba354c39bf4,.template-source/cli-core/scaffold.mjs,False,True,1,1,external-runtime-needs-input,,可能外部访问/更新入口，需具体参数与本地注入fixture,本轮不触发真实外部动作；区分cache/timeout与服务耗时,unknown-unless-candidate-explicitly-establishes-source,library,"{""process_spawn"": true, ""tree_io"": true, ""network"": true, ""mutation"": true, ""sleep"": false, ""loop"": true}",manual-candidate-or-automatic-classification-not-function-level-proof,外部环境待验证,"["".template-source/cli-core/scaffold.mjs""]","{"".template-source/cli-core/scaffold.mjs"": ""本体 canonical core → sync-core → 专职 CLI vendor（临时仓已验证，正式锁待提交）""}","[""audit-supplemental-entrypoints""]","{"".template-source/cli-core/scaffold.mjs"": ""b5562bd121cc85103dfe43fcfcd7413c48cdcbc402bbca016bdd7ba354c39bf4""}",[],,[],0,0,logs/validation-after-recovery-0.stdout; runs.jsonl; final-refresh-results.json; distribution-results-corrected.json,本轮只执行维护夹具；真实依赖、实际工程、远端网络或显式 self-update 缺少已选真实环境，不把 mock 用时算作外部收益。,V8 观察是维护夹具入口频次，非线上调用频率；未观察到的实现未作逐函数性能通过声明。输入尺度详见 report.md。
b592aaa6bba168f4ac39f9caa89a01590357f574cc9748bcf7148b622bf3837f,scripts/verify-frontend-delivery,True,False,8,8,wrapper-follow-callee,,短包装/重导出入口；主要成本落在callee,计入口启动开销并追踪实际callee，保留兼容入口,unknown-unless-candidate-explicitly-establishes-source,wrapper,"{""process_spawn"": false, ""tree_io"": false, ""network"": false, ""mutation"": false, ""sleep"": false, ""loop"": false}",manual-candidate-or-automatic-classification-not-function-level-proof,测量后保留,"[""scripts/verify-frontend-delivery""]","{""scripts/verify-frontend-delivery"": ""本体脚本权威；通过本体 CLI manifest/sync-template 分发；入口由完整核验 profile 选择""}","[""scripts/lib/frontend-delivery-boundary.mjs"", ""scripts/sync-strategic-handoff-tools"", ""submodules/create-yss-harness-dev/template/scripts/lib/frontend-delivery-boundary.mjs"", ""submodules/create-yss-spec/template/scripts/lib/frontend-delivery-boundary.mjs"", ""submodules/create-yss-spec/template/scripts/sync-strategic-handoff-tools"", ""submodules/create-yss-strategic-design/template/scripts/lib/frontend-delivery-boundary.mjs"", ""submodules/yss-harness-backend-agent/scripts/lib/frontend-delivery-boundary.mjs"", ""submodules/yss-harness-design-agent/scripts/lib/frontend-delivery-boundary.mjs"", ""submodules/yss-harness-dev-agent/scripts/lib/frontend-delivery-boundary.mjs"", ""submodules/yss-harness-frontend-agent/scripts/lib/frontend-delivery-boundary.mjs""]","{""scripts/verify-frontend-delivery"": ""b592aaa6bba168f4ac39f9caa89a01590357f574cc9748bcf7148b622bf3837f""}",[],,"[""submodules/create-yss-harness-dev/template/scripts/verify-frontend-delivery"", ""submodules/create-yss-spec/template/scripts/verify-frontend-delivery"", ""submodules/create-yss-strategic-design/template/scripts/verify-frontend-delivery"", ""submodules/yss-harness-backend-agent/scripts/verify-frontend-delivery"", ""submodules/yss-harness-design-agent/scripts/verify-frontend-delivery"", ""submodules/yss-harness-dev-agent/scripts/verify-frontend-delivery"", ""submodules/yss-harness-frontend-agent/scripts/verify-frontend-delivery""]",3,3,logs/validation-after-recovery-0.stdout; runs.jsonl; final-refresh-results.json; distribution-results-corrected.json,采样维护入口调用频次、目录/输入规模后未取得应增加复杂度的独立热点证据；保留现实现。,V8 观察是维护夹具入口频次，非线上调用频率；未观察到的实现未作逐函数性能通过声明。输入尺度详见 report.md。
b68b7bd16da28e980a5b486d7962cdddc2abc7275d2f63f8a1f3b1ac9d4cd437,submodules/yss-harness-design-agent/scripts/verify-repository-scope-scenarios,True,False,1,1,fixture-test-only,,断言/回归入口；是否启动真实环境需沿callee区分,隔离执行对应测试，区分mock/真实构建/外部资源,unknown-unless-candidate-explicitly-establishes-source,cli,"{""process_spawn"": false, ""tree_io"": false, ""network"": true, ""mutation"": false, ""sleep"": false, ""loop"": true}",manual-candidate-or-automatic-classification-not-function-level-proof,测量后保留,"[""submodules/yss-harness-design-agent/scripts/verify-repository-scope-scenarios""]","{""submodules/yss-harness-design-agent/scripts/verify-repository-scope-scenarios"": ""所属 Harness 持有 profile 变体；仅移植已核对的性能变更 → 所属 CLI sync-template""}",[],"{""submodules/yss-harness-design-agent/scripts/verify-repository-scope-scenarios"": ""b68b7bd16da28e980a5b486d7962cdddc2abc7275d2f63f8a1f3b1ac9d4cd437""}",[],,[],0,0,logs/validation-after-recovery-0.stdout; runs.jsonl; final-refresh-results.json; distribution-results-corrected.json,采样维护入口调用频次、目录/输入规模后未取得应增加复杂度的独立热点证据；保留现实现。 未取得可绑定此 SHA 的 V8 加载样本；临时模块可能已随夹具清理，不能把缺少可绑定样本解释成线上零调用或性能正常。,V8 观察是维护夹具入口频次，非线上调用频率；未观察到的实现未作逐函数性能通过声明。输入尺度详见 report.md。
b6cbcb4685753b4b96d5675de5e1e0a9ff85608aa20474cd5cd9a3289bd4d4d1,scripts/verify-skill-governance,True,False,2,2,wrapper-follow-callee,,短包装/重导出入口；主要成本落在callee,计入口启动开销并追踪实际callee，保留兼容入口,unknown-unless-candidate-explicitly-establishes-source,wrapper,"{""process_spawn"": false, ""tree_io"": false, ""network"": false, ""mutation"": false, ""sleep"": false, ""loop"": false}",manual-candidate-or-automatic-classification-not-function-level-proof,测量后保留,"[""scripts/verify-skill-governance""]","{""scripts/verify-skill-governance"": ""本体脚本权威；通过本体 CLI manifest/sync-template 分发；入口由完整核验 profile 选择""}","[""scripts/verify-template-verification-scenarios"", ""submodules/create-yss-spec/template/scripts/verify-template-verification-scenarios""]","{""scripts/verify-skill-governance"": ""b6cbcb4685753b4b96d5675de5e1e0a9ff85608aa20474cd5cd9a3289bd4d4d1""}",[],,"[""submodules/create-yss-spec/template/scripts/verify-skill-governance""]",1,1,logs/validation-after-recovery-0.stdout; runs.jsonl; final-refresh-results.json; distribution-results-corrected.json,采样维护入口调用频次、目录/输入规模后未取得应增加复杂度的独立热点证据；保留现实现。,V8 观察是维护夹具入口频次，非线上调用频率；未观察到的实现未作逐函数性能通过声明。输入尺度详见 report.md。
b70ae4bdd42eca9e7415ff2fbaba369cf59cfa4cfab592c57262b35cdd716145,.agents/skills/yss-technical-design/scripts/generate-schema.mjs,True,False,5,17,wrapper-follow-callee,,短包装/重导出入口；主要成本落在callee,计入口启动开销并追踪实际callee，保留兼容入口,unknown-unless-candidate-explicitly-establishes-source,wrapper,"{""process_spawn"": false, ""tree_io"": false, ""network"": false, ""mutation"": true, ""sleep"": false, ""loop"": false}",manual-candidate-or-automatic-classification-not-function-level-proof,测量后保留,"["".agents/skills/yss-technical-design/scripts/generate-schema.mjs"", ""submodules/yss-harness-backend-agent/.agents/skills/yss-technical-design/scripts/generate-schema.mjs"", ""submodules/yss-harness-dev-agent/.agents/skills/yss-technical-design/scripts/generate-schema.mjs""]","{"".agents/skills/yss-technical-design/scripts/generate-schema.mjs"": ""所属仓 .agents/skills 权威目录 → update-skill-lock / sync-skills → 所属 CLI sync-template"", ""submodules/yss-harness-backend-agent/.agents/skills/yss-technical-design/scripts/generate-schema.mjs"": ""所属仓 .agents/skills 权威目录 → update-skill-lock / sync-skills → 所属 CLI sync-template"", ""submodules/yss-harness-dev-agent/.agents/skills/yss-technical-design/scripts/generate-schema.mjs"": ""所属仓 .agents/skills 权威目录 → update-skill-lock / sync-skills → 所属 CLI sync-template""}",[],"{"".agents/skills/yss-technical-design/scripts/generate-schema.mjs"": ""b70ae4bdd42eca9e7415ff2fbaba369cf59cfa4cfab592c57262b35cdd716145"", ""submodules/yss-harness-backend-agent/.agents/skills/yss-technical-design/scripts/generate-schema.mjs"": ""b70ae4bdd42eca9e7415ff2fbaba369cf59cfa4cfab592c57262b35cdd716145"", ""submodules/yss-harness-dev-agent/.agents/skills/yss-technical-design/scripts/generate-schema.mjs"": ""b70ae4bdd42eca9e7415ff2fbaba369cf59cfa4cfab592c57262b35cdd716145""}",[],,"[""submodules/create-yss-harness-dev/template/.agents/skills/yss-technical-design/scripts/generate-schema.mjs"", ""submodules/create-yss-spec/template/.agents/skills/yss-technical-design/scripts/generate-schema.mjs""]",1,6,logs/validation-after-recovery-0.stdout; runs.jsonl; final-refresh-results.json; distribution-results-corrected.json,采样维护入口调用频次、目录/输入规模后未取得应增加复杂度的独立热点证据；保留现实现。,V8 观察是维护夹具入口频次，非线上调用频率；未观察到的实现未作逐函数性能通过声明。输入尺度详见 report.md。
b819b3fdf6a68d600fa4722418ec87761fffa97b39dca866e956bf44592f0958,.agents/skills/yss-stage-decision/scripts/validate-stage-decision-package.mjs,True,False,4,16,candidate-caller,P02,命中候选函数/调用链；可能含字符串/注释，非独立瓶颈证明,沿实际调用链归因，见候选设计；不要据regex删除检查,unknown-unless-candidate-explicitly-establishes-source,cli,"{""process_spawn"": false, ""tree_io"": false, ""network"": false, ""mutation"": false, ""sleep"": false, ""loop"": true}",manual-candidate-or-automatic-classification-not-function-level-proof,测量后保留,"["".agents/skills/yss-stage-decision/scripts/validate-stage-decision-package.mjs"", ""submodules/yss-harness-design-agent/.agents/skills/yss-stage-decision/scripts/validate-stage-decision-package.mjs""]","{"".agents/skills/yss-stage-decision/scripts/validate-stage-decision-package.mjs"": ""所属仓 .agents/skills 权威目录 → update-skill-lock / sync-skills → 所属 CLI sync-template"", ""submodules/yss-harness-design-agent/.agents/skills/yss-stage-decision/scripts/validate-stage-decision-package.mjs"": ""所属仓 .agents/skills 权威目录 → update-skill-lock / sync-skills → 所属 CLI sync-template""}",[],"{"".agents/skills/yss-stage-decision/scripts/validate-stage-decision-package.mjs"": ""b819b3fdf6a68d600fa4722418ec87761fffa97b39dca866e956bf44592f0958"", ""submodules/yss-harness-design-agent/.agents/skills/yss-stage-decision/scripts/validate-stage-decision-package.mjs"": ""b819b3fdf6a68d600fa4722418ec87761fffa97b39dca866e956bf44592f0958""}",[],P02,"[""submodules/create-yss-spec/template/.agents/skills/yss-stage-decision/scripts/validate-stage-decision-package.mjs"", ""submodules/create-yss-strategic-design/template/.agents/skills/yss-stage-decision/scripts/validate-stage-decision-package.mjs""]",0,0,logs/validation-after-recovery-0.stdout; runs.jsonl; final-refresh-results.json; distribution-results-corrected.json,采样维护入口调用频次、目录/输入规模后未取得应增加复杂度的独立热点证据；保留现实现。 未取得可绑定此 SHA 的 V8 加载样本；临时模块可能已随夹具清理，不能把缺少可绑定样本解释成线上零调用或性能正常。,V8 观察是维护夹具入口频次，非线上调用频率；未观察到的实现未作逐函数性能通过声明。输入尺度详见 report.md。
b9c08fa944f63f0d42bdccb0835228bdee5c0b577f07d8dd577052bb473259e0,scripts/verify-yss-ui-scenarios,True,False,7,8,fixture-test-only,,断言/回归入口；是否启动真实环境需沿callee区分,隔离执行对应测试，区分mock/真实构建/外部资源,unknown-unless-candidate-explicitly-establishes-source,cli,"{""process_spawn"": false, ""tree_io"": true, ""network"": false, ""mutation"": false, ""sleep"": false, ""loop"": true}",manual-candidate-or-automatic-classification-not-function-level-proof,测量后保留,"[""scripts/verify-yss-ui-scenarios"", ""submodules/yss-harness-backend-agent/scripts/verify-yss-ui-scenarios"", ""submodules/yss-harness-design-agent/scripts/verify-yss-ui-scenarios"", ""submodules/yss-harness-dev-agent/scripts/verify-yss-ui-scenarios"", ""submodules/yss-harness-frontend-agent/scripts/verify-yss-ui-scenarios""]","{""scripts/verify-yss-ui-scenarios"": ""本体脚本权威；通过本体 CLI manifest/sync-template 分发；入口由完整核验 profile 选择"", ""submodules/yss-harness-backend-agent/scripts/verify-yss-ui-scenarios"": ""所属 Harness 持有 profile 变体；仅移植已核对的性能变更 → 所属 CLI sync-template"", ""submodules/yss-harness-design-agent/scripts/verify-yss-ui-scenarios"": ""所属 Harness 持有 profile 变体；仅移植已核对的性能变更 → 所属 CLI sync-template"", ""submodules/yss-harness-dev-agent/scripts/verify-yss-ui-scenarios"": ""所属 Harness 持有 profile 变体；仅移植已核对的性能变更 → 所属 CLI sync-template"", ""submodules/yss-harness-frontend-agent/scripts/verify-yss-ui-scenarios"": ""所属 Harness 持有 profile 变体；仅移植已核对的性能变更 → 所属 CLI sync-template""}","[""scripts/verify-template-verification-scenarios"", ""submodules/create-yss-harness-dev/template/scripts/verify-template-verification-scenarios"", ""submodules/create-yss-spec/template/scripts/verify-template-verification-scenarios"", ""submodules/yss-harness-dev-agent/scripts/verify-template-verification-scenarios"", ""submodules/yss-harness-frontend-agent/scripts/verify-template-verification-scenarios""]","{""scripts/verify-yss-ui-scenarios"": ""b9c08fa944f63f0d42bdccb0835228bdee5c0b577f07d8dd577052bb473259e0"", ""submodules/yss-harness-backend-agent/scripts/verify-yss-ui-scenarios"": ""b9c08fa944f63f0d42bdccb0835228bdee5c0b577f07d8dd577052bb473259e0"", ""submodules/yss-harness-design-agent/scripts/verify-yss-ui-scenarios"": ""b9c08fa944f63f0d42bdccb0835228bdee5c0b577f07d8dd577052bb473259e0"", ""submodules/yss-harness-dev-agent/scripts/verify-yss-ui-scenarios"": ""b9c08fa944f63f0d42bdccb0835228bdee5c0b577f07d8dd577052bb473259e0"", ""submodules/yss-harness-frontend-agent/scripts/verify-yss-ui-scenarios"": ""b9c08fa944f63f0d42bdccb0835228bdee5c0b577f07d8dd577052bb473259e0""}",[],,"[""submodules/create-yss-harness-dev/template/scripts/verify-yss-ui-scenarios"", ""submodules/create-yss-spec/template/scripts/verify-yss-ui-scenarios""]",1,766,logs/validation-after-recovery-0.stdout; runs.jsonl; final-refresh-results.json; distribution-results-corrected.json,采样维护入口调用频次、目录/输入规模后未取得应增加复杂度的独立热点证据；保留现实现。,V8 观察是维护夹具入口频次，非线上调用频率；未观察到的实现未作逐函数性能通过声明。输入尺度详见 report.md。
bab9b35f123c30198a7597422ca0baa9f207c0e536b41f2c478c6fd6b7fdfc79,scripts/vendor/xml.mjs,True,False,8,9,vendor-bundle-do-not-hand-optimize,,锁定第三方生成bundle；改调用频率/构建源，禁止手改bundle,记录解析总时间、次数和字节；依赖升级走现有vendor一致性验证,unknown-unless-candidate-explicitly-establishes-source,library,"{""process_spawn"": true, ""tree_io"": true, ""network"": true, ""mutation"": true, ""sleep"": false, ""loop"": true}",manual-candidate-or-automatic-classification-not-function-level-proof,分发副本,[],"{""scripts/vendor/xml.mjs"": ""所属仓供应商 bundle；原样保留，后续通过已声明供应链更新""}",[],{},[],,"[""scripts/vendor/xml.mjs"", ""submodules/create-yss-harness-dev/template/scripts/vendor/xml.mjs"", ""submodules/create-yss-spec/template/scripts/vendor/xml.mjs"", ""submodules/create-yss-strategic-design/template/scripts/vendor/xml.mjs"", ""submodules/yss-harness-backend-agent/scripts/vendor/xml.mjs"", ""submodules/yss-harness-design-agent/scripts/vendor/xml.mjs"", ""submodules/yss-harness-dev-agent/scripts/vendor/xml.mjs"", ""submodules/yss-harness-frontend-agent/scripts/vendor/xml.mjs""]",0,0,logs/validation-after-recovery-0.stdout; runs.jsonl; final-refresh-results.json; distribution-results-corrected.json,保留锁定或 vendor 内容；临时分发生成/消费已核验，正式分发锁未更新。第三方 bundle 未手改。,V8 观察是维护夹具入口频次，非线上调用频率；未观察到的实现未作逐函数性能通过声明。输入尺度详见 report.md。
bb98d03d5a85f36f00ef5ffacad1b2cc6aaf32a565b7c6a3f7836f699a4bd8b9,scripts/repository-mode,True,False,8,9,wrapper-follow-callee,,短包装/重导出入口；主要成本落在callee,计入口启动开销并追踪实际callee，保留兼容入口,unknown-unless-candidate-explicitly-establishes-source,wrapper,"{""process_spawn"": false, ""tree_io"": false, ""network"": false, ""mutation"": false, ""sleep"": false, ""loop"": false}",manual-candidate-or-automatic-classification-not-function-level-proof,测量后保留,"[""scripts/repository-mode"", ""submodules/yss-harness-backend-agent/scripts/repository-mode"", ""submodules/yss-harness-design-agent/scripts/repository-mode"", ""submodules/yss-harness-dev-agent/scripts/repository-mode"", ""submodules/yss-harness-frontend-agent/scripts/repository-mode""]","{""scripts/repository-mode"": ""本体脚本权威；通过本体 CLI manifest/sync-template 分发；入口由完整核验 profile 选择"", ""submodules/yss-harness-backend-agent/scripts/repository-mode"": ""所属 Harness 持有 profile 变体；仅移植已核对的性能变更 → 所属 CLI sync-template"", ""submodules/yss-harness-design-agent/scripts/repository-mode"": ""所属 Harness 持有 profile 变体；仅移植已核对的性能变更 → 所属 CLI sync-template"", ""submodules/yss-harness-dev-agent/scripts/repository-mode"": ""所属 Harness 持有 profile 变体；仅移植已核对的性能变更 → 所属 CLI sync-template"", ""submodules/yss-harness-frontend-agent/scripts/repository-mode"": ""所属 Harness 持有 profile 变体；仅移植已核对的性能变更 → 所属 CLI sync-template""}","["".template-source/cli-core/scaffold.mjs"", ""scripts/run-template-verification"", ""submodules/create-yss-harness-dev/template/scripts/run-template-verification"", ""submodules/create-yss-spec/template/scripts/run-template-verification"", ""submodules/create-yss-strategic-design/template/scripts/run-template-verification"", ""submodules/yss-harness-backend-agent/scripts/run-template-verification"", ""submodules/yss-harness-design-agent/scripts/run-template-verification"", ""submodules/yss-harness-dev-agent/scripts/run-template-verification"", ""submodules/yss-harness-frontend-agent/scripts/run-template-verification""]","{""scripts/repository-mode"": ""bb98d03d5a85f36f00ef5ffacad1b2cc6aaf32a565b7c6a3f7836f699a4bd8b9"", ""submodules/yss-harness-backend-agent/scripts/repository-mode"": ""bb98d03d5a85f36f00ef5ffacad1b2cc6aaf32a565b7c6a3f7836f699a4bd8b9"", ""submodules/yss-harness-design-agent/scripts/repository-mode"": ""bb98d03d5a85f36f00ef5ffacad1b2cc6aaf32a565b7c6a3f7836f699a4bd8b9"", ""submodules/yss-harness-dev-agent/scripts/repository-mode"": ""bb98d03d5a85f36f00ef5ffacad1b2cc6aaf32a565b7c6a3f7836f699a4bd8b9"", ""submodules/yss-harness-frontend-agent/scripts/repository-mode"": ""bb98d03d5a85f36f00ef5ffacad1b2cc6aaf32a565b7c6a3f7836f699a4bd8b9""}",[],,"[""submodules/create-yss-harness-dev/template/scripts/repository-mode"", ""submodules/create-yss-spec/template/scripts/repository-mode"", ""submodules/create-yss-strategic-design/template/scripts/repository-mode""]",1,1,logs/validation-after-recovery-0.stdout; runs.jsonl; final-refresh-results.json; distribution-results-corrected.json,采样维护入口调用频次、目录/输入规模后未取得应增加复杂度的独立热点证据；保留现实现。,V8 观察是维护夹具入口频次，非线上调用频率；未观察到的实现未作逐函数性能通过声明。输入尺度详见 report.md。
bc170a558494bcbd86bbf1f5742650f576d0804192546cc343fce68d87cc93d3,submodules/yss-harness-frontend-agent/scripts/verify-yss-dto-openapi-profile,True,False,1,1,static-no-confirmed-hotspot,,词法/路径分类，未证明性能正常,按真实调用频率与输入规模采样；有证据再扩大分析,unknown-unless-candidate-explicitly-establishes-source,cli,"{""process_spawn"": false, ""tree_io"": false, ""network"": false, ""mutation"": false, ""sleep"": false, ""loop"": true}",manual-candidate-or-automatic-classification-not-function-level-proof,测量后保留,"[""submodules/yss-harness-frontend-agent/scripts/verify-yss-dto-openapi-profile""]","{""submodules/yss-harness-frontend-agent/scripts/verify-yss-dto-openapi-profile"": ""所属 Harness 持有 profile 变体；仅移植已核对的性能变更 → 所属 CLI sync-template""}","[""submodules/yss-harness-frontend-agent/scripts/lib/scenario-checks.mjs"", ""submodules/yss-harness-frontend-agent/scripts/verify-template-verification-scenarios""]","{""submodules/yss-harness-frontend-agent/scripts/verify-yss-dto-openapi-profile"": ""bc170a558494bcbd86bbf1f5742650f576d0804192546cc343fce68d87cc93d3""}",[],,[],0,0,logs/validation-after-recovery-0.stdout; runs.jsonl; final-refresh-results.json; distribution-results-corrected.json,采样维护入口调用频次、目录/输入规模后未取得应增加复杂度的独立热点证据；保留现实现。 未取得可绑定此 SHA 的 V8 加载样本；临时模块可能已随夹具清理，不能把缺少可绑定样本解释成线上零调用或性能正常。,V8 观察是维护夹具入口频次，非线上调用频率；未观察到的实现未作逐函数性能通过声明。输入尺度详见 report.md。
bd6b24f31297b01d162a75fc849b38071fe5f78d896cac5fd99c07d755741160,scripts/evaluate-maintenance-review-round,True,False,2,2,static-no-confirmed-hotspot,,词法/路径分类，未证明性能正常,按真实调用频率与输入规模采样；有证据再扩大分析,unknown-unless-candidate-explicitly-establishes-source,cli,"{""process_spawn"": false, ""tree_io"": false, ""network"": false, ""mutation"": true, ""sleep"": false, ""loop"": false}",manual-candidate-or-automatic-classification-not-function-level-proof,测量后保留,"[""scripts/evaluate-maintenance-review-round""]","{""scripts/evaluate-maintenance-review-round"": ""本体脚本权威；通过本体 CLI manifest/sync-template 分发；入口由完整核验 profile 选择""}","[""scripts/evaluate-maintenance-review-round"", ""submodules/create-yss-spec/template/scripts/evaluate-maintenance-review-round""]","{""scripts/evaluate-maintenance-review-round"": ""bd6b24f31297b01d162a75fc849b38071fe5f78d896cac5fd99c07d755741160""}",[],,"[""submodules/create-yss-spec/template/scripts/evaluate-maintenance-review-round""]",0,0,logs/validation-after-recovery-0.stdout; runs.jsonl; final-refresh-results.json; distribution-results-corrected.json,采样维护入口调用频次、目录/输入规模后未取得应增加复杂度的独立热点证据；保留现实现。 未取得可绑定此 SHA 的 V8 加载样本；临时模块可能已随夹具清理，不能把缺少可绑定样本解释成线上零调用或性能正常。,V8 观察是维护夹具入口频次，非线上调用频率；未观察到的实现未作逐函数性能通过声明。输入尺度详见 report.md。
bd84de0490f675f5916b4715efa1e9160e6faacebab8cc40c91bb210eeed9fed,submodules/yss-harness-dev-agent/scripts/lib/digital-human-roles.mjs,True,False,4,5,static-no-confirmed-hotspot,,词法/路径分类，未证明性能正常,按真实调用频率与输入规模采样；有证据再扩大分析,unknown-unless-candidate-explicitly-establishes-source,library,"{""process_spawn"": false, ""tree_io"": false, ""network"": false, ""mutation"": false, ""sleep"": false, ""loop"": true}",manual-candidate-or-automatic-classification-not-function-level-proof,测量后保留,"[""submodules/yss-harness-backend-agent/scripts/lib/digital-human-roles.mjs"", ""submodules/yss-harness-dev-agent/scripts/lib/digital-human-roles.mjs"", ""submodules/yss-harness-frontend-agent/scripts/lib/digital-human-roles.mjs""]","{""submodules/yss-harness-backend-agent/scripts/lib/digital-human-roles.mjs"": ""所属 Harness 持有 profile 变体；仅移植已核对的性能变更 → 所属 CLI sync-template"", ""submodules/yss-harness-dev-agent/scripts/lib/digital-human-roles.mjs"": ""所属 Harness 持有 profile 变体；仅移植已核对的性能变更 → 所属 CLI sync-template"", ""submodules/yss-harness-frontend-agent/scripts/lib/digital-human-roles.mjs"": ""所属 Harness 持有 profile 变体；仅移植已核对的性能变更 → 所属 CLI sync-template""}","[""submodules/create-yss-harness-dev/template/scripts/fixtures/strategic-handoff/fixture.mjs"", ""submodules/create-yss-harness-dev/template/scripts/lib/approval-record.mjs"", ""submodules/create-yss-harness-dev/template/scripts/lib/harness-profile.mjs"", ""submodules/create-yss-harness-dev/template/scripts/lib/scenario-checks.mjs"", ""submodules/create-yss-harness-dev/template/scripts/lib/strategic-handoff.mjs"", ""submodules/create-yss-harness-dev/template/scripts/lib/task-package.mjs"", ""submodules/create-yss-harness-dev/template/scripts/lib/user-decision.mjs"", ""submodules/create-yss-harness-dev/template/scripts/verify-digital-human-roles"", ""submodules/create-yss-harness-dev/template/scripts/verify-digital-human-roles-scenarios"", ""submodules/yss-harness-backend-agent/scripts/fixtures/strategic-handoff/fixture.mjs"", ""submodules/yss-harness-backend-agent/scripts/lib/approval-record.mjs"", ""submodules/yss-harness-backend-agent/scripts/lib/harness-profile.mjs"", ""submodules/yss-harness-backend-agent/scripts/lib/scenario-checks.mjs"", ""submodules/yss-harness-backend-agent/scripts/lib/strategic-handoff.mjs"", ""submodules/yss-harness-backend-agent/scripts/lib/task-package.mjs"", ""submodules/yss-harness-backend-agent/scripts/lib/user-decision.mjs"", ""submodules/yss-harness-backend-agent/scripts/verify-digital-human-roles"", ""submodules/yss-harness-backend-agent/scripts/verify-digital-human-roles-scenarios"", ""submodules/yss-harness-dev-agent/scripts/fixtures/strategic-handoff/fixture.mjs"", ""submodules/yss-harness-dev-agent/scripts/lib/approval-record.mjs"", ""submodules/yss-harness-dev-agent/scripts/lib/harness-profile.mjs"", ""submodules/yss-harness-dev-agent/scripts/lib/scenario-checks.mjs"", ""submodules/yss-harness-dev-agent/scripts/lib/strategic-handoff.mjs"", ""submodules/yss-harness-dev-agent/scripts/lib/task-package.mjs"", ""submodules/yss-harness-dev-agent/scripts/lib/user-decision.mjs"", ""submodules/yss-harness-dev-agent/scripts/verify-digital-human-roles"", ""submodules/yss-harness-dev-agent/scripts/verify-digital-human-roles-scenarios"", ""submodules/yss-harness-frontend-agent/scripts/fixtures/strategic-handoff/fixture.mjs"", ""submodules/yss-harness-frontend-agent/scripts/lib/approval-record.mjs"", ""submodules/yss-harness-frontend-agent/scripts/lib/harness-profile.mjs"", ""submodules/yss-harness-frontend-agent/scripts/lib/scenario-checks.mjs"", ""submodules/yss-harness-frontend-agent/scripts/lib/strategic-handoff.mjs"", ""submodules/yss-harness-frontend-agent/scripts/lib/task-package.mjs"", ""submodules/yss-harness-frontend-agent/scripts/verify-digital-human-roles"", ""submodules/yss-harness-frontend-agent/scripts/verify-digital-human-roles-scenarios""]","{""submodules/yss-harness-backend-agent/scripts/lib/digital-human-roles.mjs"": ""bd84de0490f675f5916b4715efa1e9160e6faacebab8cc40c91bb210eeed9fed"", ""submodules/yss-harness-dev-agent/scripts/lib/digital-human-roles.mjs"": ""bd84de0490f675f5916b4715efa1e9160e6faacebab8cc40c91bb210eeed9fed"", ""submodules/yss-harness-frontend-agent/scripts/lib/digital-human-roles.mjs"": ""bd84de0490f675f5916b4715efa1e9160e6faacebab8cc40c91bb210eeed9fed""}",[],,"[""submodules/create-yss-harness-dev/template/scripts/lib/digital-human-roles.mjs""]",0,0,logs/validation-after-recovery-0.stdout; runs.jsonl; final-refresh-results.json; distribution-results-corrected.json,采样维护入口调用频次、目录/输入规模后未取得应增加复杂度的独立热点证据；保留现实现。 未取得可绑定此 SHA 的 V8 加载样本；临时模块可能已随夹具清理，不能把缺少可绑定样本解释成线上零调用或性能正常。,V8 观察是维护夹具入口频次，非线上调用频率；未观察到的实现未作逐函数性能通过声明。输入尺度详见 report.md。
bdea371c2806c16505c445cff2e2de11fc49ba913f3fbb43368f7d841d9b0139,scripts/verify-approval-record,True,False,2,2,wrapper-follow-callee,,短包装/重导出入口；主要成本落在callee,计入口启动开销并追踪实际callee，保留兼容入口,unknown-unless-candidate-explicitly-establishes-source,wrapper,"{""process_spawn"": false, ""tree_io"": false, ""network"": false, ""mutation"": false, ""sleep"": false, ""loop"": false}",manual-candidate-or-automatic-classification-not-function-level-proof,测量后保留,"[""scripts/verify-approval-record""]","{""scripts/verify-approval-record"": ""本体脚本权威；通过本体 CLI manifest/sync-template 分发；入口由完整核验 profile 选择""}","[""scripts/verify-approval-record"", ""scripts/verify-template-verification-scenarios"", ""submodules/create-yss-spec/template/scripts/verify-approval-record"", ""submodules/create-yss-spec/template/scripts/verify-template-verification-scenarios""]","{""scripts/verify-approval-record"": ""bdea371c2806c16505c445cff2e2de11fc49ba913f3fbb43368f7d841d9b0139""}",[],,"[""submodules/create-yss-spec/template/scripts/verify-approval-record""]",1,1,logs/validation-after-recovery-0.stdout; runs.jsonl; final-refresh-results.json; distribution-results-corrected.json,采样维护入口调用频次、目录/输入规模后未取得应增加复杂度的独立热点证据；保留现实现。,V8 观察是维护夹具入口频次，非线上调用频率；未观察到的实现未作逐函数性能通过声明。输入尺度详见 report.md。
bdefe1b626f10944040a989a64dfc21b055648d5622155d8a56e48bb46aa9420,scripts/run-template-verification,True,False,2,2,candidate,P03,直接引用源码已人工核对,见关联候选验证设计,unknown-unless-candidate-explicitly-establishes-source,cli,"{""process_spawn"": true, ""tree_io"": true, ""network"": false, ""mutation"": false, ""sleep"": false, ""loop"": true}",manual-candidate-or-automatic-classification-not-function-level-proof,优化并验证,"[""scripts/run-template-verification""]","{""scripts/run-template-verification"": ""本体脚本权威；通过本体 CLI manifest/sync-template 分发；入口由完整核验 profile 选择""}",[],"{""scripts/run-template-verification"": ""c3ee5df8cccfcf363aa10312d070124bfaa9dd0563555d8698f5d63ec0ace371""}","[""scripts/run-template-verification""]",P03,"[""submodules/create-yss-spec/template/scripts/run-template-verification""]",1,2417,logs/validation-after-recovery-0.stdout; runs.jsonl; final-refresh-results.json; distribution-results-corrected.json,权威实现或其受控 Harness 变体有本轮变更；验证以 Fresh Verification、相关场景和候选对照为依据，副本不冒充独立优化。,V8 观察是维护夹具入口频次，非线上调用频率；未观察到的实现未作逐函数性能通过声明。输入尺度详见 report.md。
be52ecb41ea601e8150359e8d7e7701f9f39157ab70ba0279d6fdd9e7f991d31,submodules/yss-harness-dev-agent/.agents/skills/yss-layered-mvc-scaffold-generator/scripts/generate_scaffold.mjs,True,False,3,9,candidate-caller,P09,命中候选函数/调用链；可能含字符串/注释，非独立瓶颈证明,沿实际调用链归因，见候选设计；不要据regex删除检查,unknown-unless-candidate-explicitly-establishes-source,cli,"{""process_spawn"": false, ""tree_io"": true, ""network"": true, ""mutation"": true, ""sleep"": false, ""loop"": true}",manual-candidate-or-automatic-classification-not-function-level-proof,测量后保留,"[""submodules/yss-harness-backend-agent/.agents/skills/yss-layered-mvc-scaffold-generator/scripts/generate_scaffold.mjs"", ""submodules/yss-harness-dev-agent/.agents/skills/yss-layered-mvc-scaffold-generator/scripts/generate_scaffold.mjs""]","{""submodules/yss-harness-backend-agent/.agents/skills/yss-layered-mvc-scaffold-generator/scripts/generate_scaffold.mjs"": ""所属仓 .agents/skills 权威目录 → update-skill-lock / sync-skills → 所属 CLI sync-template"", ""submodules/yss-harness-dev-agent/.agents/skills/yss-layered-mvc-scaffold-generator/scripts/generate_scaffold.mjs"": ""所属仓 .agents/skills 权威目录 → update-skill-lock / sync-skills → 所属 CLI sync-template""}","[""submodules/create-yss-harness-dev/template/.agents/skills/yss-mvc-data-analysis-project-initializer/scripts/generate_project.mjs"", ""submodules/yss-harness-backend-agent/.agents/skills/yss-mvc-data-analysis-project-initializer/scripts/generate_project.mjs"", ""submodules/yss-harness-dev-agent/.agents/skills/yss-mvc-data-analysis-project-initializer/scripts/generate_project.mjs""]","{""submodules/yss-harness-backend-agent/.agents/skills/yss-layered-mvc-scaffold-generator/scripts/generate_scaffold.mjs"": ""be52ecb41ea601e8150359e8d7e7701f9f39157ab70ba0279d6fdd9e7f991d31"", ""submodules/yss-harness-dev-agent/.agents/skills/yss-layered-mvc-scaffold-generator/scripts/generate_scaffold.mjs"": ""be52ecb41ea601e8150359e8d7e7701f9f39157ab70ba0279d6fdd9e7f991d31""}",[],P09,"[""submodules/create-yss-harness-dev/template/.agents/skills/yss-layered-mvc-scaffold-generator/scripts/generate_scaffold.mjs""]",0,0,logs/validation-after-recovery-0.stdout; runs.jsonl; final-refresh-results.json; distribution-results-corrected.json,采样维护入口调用频次、目录/输入规模后未取得应增加复杂度的独立热点证据；保留现实现。 未取得可绑定此 SHA 的 V8 加载样本；临时模块可能已随夹具清理，不能把缺少可绑定样本解释成线上零调用或性能正常。,V8 观察是维护夹具入口频次，非线上调用频率；未观察到的实现未作逐函数性能通过声明。输入尺度详见 report.md。
be7bec22ffebb014a51818bba403c726ece9fad33e35a9296414d00e403b13ac,scripts/lib/user-decision.mjs,True,False,7,7,candidate-caller,P01,命中候选函数/调用链；可能含字符串/注释，非独立瓶颈证明,沿实际调用链归因，见候选设计；不要据regex删除检查,unknown-unless-candidate-explicitly-establishes-source,library,"{""process_spawn"": false, ""tree_io"": false, ""network"": false, ""mutation"": false, ""sleep"": false, ""loop"": true}",manual-candidate-or-automatic-classification-not-function-level-proof,测量后保留,"[""scripts/lib/user-decision.mjs"", ""submodules/yss-harness-backend-agent/scripts/lib/user-decision.mjs"", ""submodules/yss-harness-design-agent/scripts/lib/user-decision.mjs"", ""submodules/yss-harness-dev-agent/scripts/lib/user-decision.mjs""]","{""scripts/lib/user-decision.mjs"": ""本体脚本权威；通过本体 CLI manifest/sync-template 分发；入口由完整核验 profile 选择"", ""submodules/yss-harness-backend-agent/scripts/lib/user-decision.mjs"": ""所属 Harness 持有 profile 变体；仅移植已核对的性能变更 → 所属 CLI sync-template"", ""submodules/yss-harness-design-agent/scripts/lib/user-decision.mjs"": ""所属 Harness 持有 profile 变体；仅移植已核对的性能变更 → 所属 CLI sync-template"", ""submodules/yss-harness-dev-agent/scripts/lib/user-decision.mjs"": ""所属 Harness 持有 profile 变体；仅移植已核对的性能变更 → 所属 CLI sync-template""}","["".agents/skills/yss-ddd-scaffold-generator/scripts/generate_scaffold.mjs"", "".agents/skills/yss-layered-mvc-scaffold-generator/scripts/generate_scaffold.mjs"", "".agents/skills/yss-prototype-stage/scripts/prototype-contract.mjs"", "".agents/skills/yss-technical-design/scripts/validate-technical-design.mjs"", ""scripts/fixtures/user-decision/build-fixture.mjs"", ""scripts/fixtures/user-decision/plan-fixture.mjs"", ""scripts/lib/approval-record.mjs"", ""scripts/lib/lifecycle-transition.mjs"", ""scripts/lib/plan-spec-entry.mjs"", ""scripts/lib/strategic-handoff.mjs"", ""scripts/lib/task-package.mjs"", ""scripts/verify-plan-spec-entry"", ""scripts/verify-plan-spec-entry-scenarios"", ""scripts/verify-scaffold-architecture-decisions"", ""scripts/verify-subagent-task-package-scenarios"", ""scripts/verify-user-decision"", ""scripts/verify-user-decision-scenarios"", ""submodules/create-yss-harness-dev/template/.agents/skills/yss-technical-design/scripts/validate-technical-design.mjs"", ""submodules/create-yss-harness-dev/template/scripts/fixtures/user-decision/build-fixture.mjs"", ""submodules/create-yss-harness-dev/template/scripts/lib/strategic-handoff.mjs"", ""submodules/create-yss-harness-dev/template/scripts/verify-user-decision"", ""submodules/create-yss-spec/template/.agents/skills/yss-ddd-scaffold-generator/scripts/generate_scaffold.mjs"", ""submodules/create-yss-spec/template/.agents/skills/yss-layered-mvc-scaffold-generator/scripts/generate_scaffold.mjs"", ""submodules/create-yss-spec/template/.agents/skills/yss-prototype-stage/scripts/prototype-contract.mjs"", ""submodules/create-yss-spec/template/.agents/skills/yss-technical-design/scripts/validate-technical-design.mjs"", ""submodules/create-yss-spec/template/scripts/fixtures/user-decision/build-fixture.mjs"", ""submodules/create-yss-spec/template/scripts/fixtures/user-decision/plan-fixture.mjs"", ""submodules/create-yss-spec/template/scripts/lib/approval-record.mjs"", ""submodules/create-yss-spec/template/scripts/lib/lifecycle-transition.mjs"", ""submodules/create-yss-spec/template/scripts/lib/plan-spec-entry.mjs"", ""submodules/create-yss-spec/template/scripts/lib/strategic-handoff.mjs"", ""submodules/create-yss-spec/template/scripts/lib/task-package.mjs"", ""submodules/create-yss-spec/template/scripts/verify-plan-spec-entry"", ""submodules/create-yss-spec/template/scripts/verify-plan-spec-entry-scenarios"", ""submodules/create-yss-spec/template/scripts/verify-scaffold-architecture-decisions"", ""submodules/create-yss-spec/template/scripts/verify-subagent-task-package-scenarios"", ""submodules/create-yss-spec/template/scripts/verify-user-decision"", ""submodules/create-yss-spec/template/scripts/verify-user-decision-scenarios"", ""submodules/create-yss-strategic-design/template/scripts/fixtures/user-decision/build-fixture.mjs"", ""submodules/create-yss-strategic-design/template/scripts/fixtures/user-decision/plan-fixture.mjs"", ""submodules/create-yss-strategic-design/template/scripts/lib/plan-spec-entry.mjs"", ""submodules/create-yss-strategic-design/template/scripts/lib/strategic-handoff.mjs"", ""submodules/create-yss-strategic-design/template/scripts/verify-plan-spec-entry"", ""submodules/create-yss-strategic-design/template/scripts/verify-plan-spec-entry-scenarios"", ""submodules/yss-harness-backend-agent/.agents/skills/yss-technical-design/scripts/validate-technical-design.mjs"", ""submodules/yss-harness-backend-agent/scripts/fixtures/user-decision/build-fixture.mjs"", ""submodules/yss-harness-backend-agent/scripts/lib/strategic-handoff.mjs"", ""submodules/yss-harness-backend-agent/scripts/verify-user-decision"", ""submodules/yss-harness-design-agent/scripts/fixtures/user-decision/build-fixture.mjs"", ""submodules/yss-harness-design-agent/scripts/fixtures/user-decision/plan-fixture.mjs"", ""submodules/yss-harness-design-agent/scripts/lib/plan-spec-entry.mjs"", ""submodules/yss-harness-design-agent/scripts/lib/strategic-handoff.mjs"", ""submodules/yss-harness-design-agent/scripts/verify-plan-spec-entry"", ""submodules/yss-harness-design-agent/scripts/verify-plan-spec-entry-scenarios"", ""submodules/yss-harness-dev-agent/.agents/skills/yss-technical-design/scripts/validate-technical-design.mjs"", ""submodules/yss-harness-dev-agent/scripts/fixtures/user-decision/build-fixture.mjs"", ""submodules/yss-harness-dev-agent/scripts/lib/strategic-handoff.mjs"", ""submodules/yss-harness-dev-agent/scripts/verify-user-decision""]","{""scripts/lib/user-decision.mjs"": ""be7bec22ffebb014a51818bba403c726ece9fad33e35a9296414d00e403b13ac"", ""submodules/yss-harness-backend-agent/scripts/lib/user-decision.mjs"": ""be7bec22ffebb014a51818bba403c726ece9fad33e35a9296414d00e403b13ac"", ""submodules/yss-harness-design-agent/scripts/lib/user-decision.mjs"": ""be7bec22ffebb014a51818bba403c726ece9fad33e35a9296414d00e403b13ac"", ""submodules/yss-harness-dev-agent/scripts/lib/user-decision.mjs"": ""be7bec22ffebb014a51818bba403c726ece9fad33e35a9296414d00e403b13ac""}",[],P01,"[""submodules/create-yss-harness-dev/template/scripts/lib/user-decision.mjs"", ""submodules/create-yss-spec/template/scripts/lib/user-decision.mjs"", ""submodules/create-yss-strategic-design/template/scripts/lib/user-decision.mjs""]",99,45662,logs/validation-after-recovery-0.stdout; runs.jsonl; final-refresh-results.json; distribution-results-corrected.json,采样维护入口调用频次、目录/输入规模后未取得应增加复杂度的独立热点证据；保留现实现。,V8 观察是维护夹具入口频次，非线上调用频率；未观察到的实现未作逐函数性能通过声明。输入尺度详见 report.md。
bee5286c0c0155c6962018e16f7f13e5e0317226a88bf263449bb38ae2b872c7,scripts/cache-template-commit,True,False,2,2,wrapper-follow-callee,,短包装/重导出入口；主要成本落在callee,计入口启动开销并追踪实际callee，保留兼容入口,unknown-unless-candidate-explicitly-establishes-source,wrapper,"{""process_spawn"": false, ""tree_io"": false, ""network"": false, ""mutation"": false, ""sleep"": false, ""loop"": false}",manual-candidate-or-automatic-classification-not-function-level-proof,优化并验证,"[""scripts/cache-template-commit""]","{""scripts/cache-template-commit"": ""本体脚本权威；通过本体 CLI manifest/sync-template 分发；入口由完整核验 profile 选择""}","[""scripts/cache-template-commit"", ""submodules/create-yss-spec/template/scripts/cache-template-commit""]","{""scripts/cache-template-commit"": ""54abe477f4607c0d073d7d04c6fea33a638d2c03ea06e091ef8db196c82e3604""}","[""scripts/cache-template-commit""]",,"[""submodules/create-yss-spec/template/scripts/cache-template-commit""]",0,0,logs/validation-after-recovery-0.stdout; runs.jsonl; final-refresh-results.json; distribution-results-corrected.json,权威实现或其受控 Harness 变体有本轮变更；验证以 Fresh Verification、相关场景和候选对照为依据，副本不冒充独立优化。,V8 观察是维护夹具入口频次，非线上调用频率；未观察到的实现未作逐函数性能通过声明。输入尺度详见 report.md。
bfaac521bfaea95b395f4cdae13ad6f3b48bda7ba62ed09b9031d5e259a70b96,submodules/yss-harness-design-agent/scripts/verify-scaffold-generator-scenarios,True,False,1,1,fixture-test-only,,断言/回归入口；是否启动真实环境需沿callee区分,隔离执行对应测试，区分mock/真实构建/外部资源,unknown-unless-candidate-explicitly-establishes-source,cli,"{""process_spawn"": true, ""tree_io"": true, ""network"": true, ""mutation"": true, ""sleep"": false, ""loop"": true}",manual-candidate-or-automatic-classification-not-function-level-proof,测量后保留,"[""submodules/yss-harness-design-agent/scripts/verify-scaffold-generator-scenarios""]","{""submodules/yss-harness-design-agent/scripts/verify-scaffold-generator-scenarios"": ""所属 Harness 持有 profile 变体；仅移植已核对的性能变更 → 所属 CLI sync-template""}",[],"{""submodules/yss-harness-design-agent/scripts/verify-scaffold-generator-scenarios"": ""bfaac521bfaea95b395f4cdae13ad6f3b48bda7ba62ed09b9031d5e259a70b96""}",[],,[],0,0,logs/validation-after-recovery-0.stdout; runs.jsonl; final-refresh-results.json; distribution-results-corrected.json,采样维护入口调用频次、目录/输入规模后未取得应增加复杂度的独立热点证据；保留现实现。 未取得可绑定此 SHA 的 V8 加载样本；临时模块可能已随夹具清理，不能把缺少可绑定样本解释成线上零调用或性能正常。,V8 观察是维护夹具入口频次，非线上调用频率；未观察到的实现未作逐函数性能通过声明。输入尺度详见 report.md。
bfc30b277fe0998e836fe0d1c263d7cf535455b5699341cdefd3cd7092d4a14f,submodules/yss-harness-dev-agent/scripts/verify-scaffold-generator-scenarios,True,False,4,4,fixture-test-only,,断言/回归入口；是否启动真实环境需沿callee区分,隔离执行对应测试，区分mock/真实构建/外部资源,unknown-unless-candidate-explicitly-establishes-source,cli,"{""process_spawn"": true, ""tree_io"": true, ""network"": true, ""mutation"": true, ""sleep"": false, ""loop"": true}",manual-candidate-or-automatic-classification-not-function-level-proof,测量后保留,"[""submodules/yss-harness-backend-agent/scripts/verify-scaffold-generator-scenarios"", ""submodules/yss-harness-dev-agent/scripts/verify-scaffold-generator-scenarios"", ""submodules/yss-harness-frontend-agent/scripts/verify-scaffold-generator-scenarios""]","{""submodules/yss-harness-backend-agent/scripts/verify-scaffold-generator-scenarios"": ""所属 Harness 持有 profile 变体；仅移植已核对的性能变更 → 所属 CLI sync-template"", ""submodules/yss-harness-dev-agent/scripts/verify-scaffold-generator-scenarios"": ""所属 Harness 持有 profile 变体；仅移植已核对的性能变更 → 所属 CLI sync-template"", ""submodules/yss-harness-frontend-agent/scripts/verify-scaffold-generator-scenarios"": ""所属 Harness 持有 profile 变体；仅移植已核对的性能变更 → 所属 CLI sync-template""}","[""submodules/create-yss-harness-dev/template/scripts/verify-template-verification-scenarios"", ""submodules/yss-harness-backend-agent/scripts/verify-template-verification-scenarios"", ""submodules/yss-harness-dev-agent/scripts/verify-template-verification-scenarios""]","{""submodules/yss-harness-backend-agent/scripts/verify-scaffold-generator-scenarios"": ""bfc30b277fe0998e836fe0d1c263d7cf535455b5699341cdefd3cd7092d4a14f"", ""submodules/yss-harness-dev-agent/scripts/verify-scaffold-generator-scenarios"": ""bfc30b277fe0998e836fe0d1c263d7cf535455b5699341cdefd3cd7092d4a14f"", ""submodules/yss-harness-frontend-agent/scripts/verify-scaffold-generator-scenarios"": ""bfc30b277fe0998e836fe0d1c263d7cf535455b5699341cdefd3cd7092d4a14f""}",[],,"[""submodules/create-yss-harness-dev/template/scripts/verify-scaffold-generator-scenarios""]",0,0,logs/validation-after-recovery-0.stdout; runs.jsonl; final-refresh-results.json; distribution-results-corrected.json,采样维护入口调用频次、目录/输入规模后未取得应增加复杂度的独立热点证据；保留现实现。 未取得可绑定此 SHA 的 V8 加载样本；临时模块可能已随夹具清理，不能把缺少可绑定样本解释成线上零调用或性能正常。,V8 观察是维护夹具入口频次，非线上调用频率；未观察到的实现未作逐函数性能通过声明。输入尺度详见 report.md。
c14e5bd28256fb330e080ac3cda591f83a6b710bbca12a30c8bf6e1ef9371114,submodules/yss-harness-backend-agent/scripts/verify-frontend-implementation-evidence,True,False,1,1,candidate-caller,P01,命中候选函数/调用链；可能含字符串/注释，非独立瓶颈证明,沿实际调用链归因，见候选设计；不要据regex删除检查,unknown-unless-candidate-explicitly-establishes-source,cli,"{""process_spawn"": true, ""tree_io"": false, ""network"": false, ""mutation"": false, ""sleep"": false, ""loop"": true}",manual-candidate-or-automatic-classification-not-function-level-proof,测量后保留,"[""submodules/yss-harness-backend-agent/scripts/verify-frontend-implementation-evidence""]","{""submodules/yss-harness-backend-agent/scripts/verify-frontend-implementation-evidence"": ""所属 Harness 持有 profile 变体；仅移植已核对的性能变更 → 所属 CLI sync-template""}","[""submodules/yss-harness-backend-agent/scripts/verify-frontend-implementation-evidence"", ""submodules/yss-harness-backend-agent/scripts/verify-frontend-implementation-evidence-scenarios"", ""submodules/yss-harness-backend-agent/scripts/verify-template-verification-scenarios""]","{""submodules/yss-harness-backend-agent/scripts/verify-frontend-implementation-evidence"": ""c14e5bd28256fb330e080ac3cda591f83a6b710bbca12a30c8bf6e1ef9371114""}",[],P01,[],0,0,logs/validation-after-recovery-0.stdout; runs.jsonl; final-refresh-results.json; distribution-results-corrected.json,采样维护入口调用频次、目录/输入规模后未取得应增加复杂度的独立热点证据；保留现实现。 未取得可绑定此 SHA 的 V8 加载样本；临时模块可能已随夹具清理，不能把缺少可绑定样本解释成线上零调用或性能正常。,V8 观察是维护夹具入口频次，非线上调用频率；未观察到的实现未作逐函数性能通过声明。输入尺度详见 report.md。
c1b1da941a0735254a986f9bc3b2aabaa7e3bc0fcd3437f40852591ffab50c8c,submodules/yss-harness-backend-agent/scripts/verify-repository-scope-scenarios,True,False,1,1,fixture-test-only,,断言/回归入口；是否启动真实环境需沿callee区分,隔离执行对应测试，区分mock/真实构建/外部资源,unknown-unless-candidate-explicitly-establishes-source,cli,"{""process_spawn"": false, ""tree_io"": false, ""network"": true, ""mutation"": false, ""sleep"": false, ""loop"": true}",manual-candidate-or-automatic-classification-not-function-level-proof,测量后保留,"[""submodules/yss-harness-backend-agent/scripts/verify-repository-scope-scenarios""]","{""submodules/yss-harness-backend-agent/scripts/verify-repository-scope-scenarios"": ""所属 Harness 持有 profile 变体；仅移植已核对的性能变更 → 所属 CLI sync-template""}","[""submodules/yss-harness-backend-agent/scripts/verify-template-verification-scenarios""]","{""submodules/yss-harness-backend-agent/scripts/verify-repository-scope-scenarios"": ""c1b1da941a0735254a986f9bc3b2aabaa7e3bc0fcd3437f40852591ffab50c8c""}",[],,[],0,0,logs/validation-after-recovery-0.stdout; runs.jsonl; final-refresh-results.json; distribution-results-corrected.json,采样维护入口调用频次、目录/输入规模后未取得应增加复杂度的独立热点证据；保留现实现。 未取得可绑定此 SHA 的 V8 加载样本；临时模块可能已随夹具清理，不能把缺少可绑定样本解释成线上零调用或性能正常。,V8 观察是维护夹具入口频次，非线上调用频率；未观察到的实现未作逐函数性能通过声明。输入尺度详见 report.md。
c278dddfce2b19d143298dc9496a7f2d36d213ff0b62ceadfba0883a74cfd9e1,.agents/skills/llm-wiki/scripts/advise.mjs,True,False,8,34,static-no-confirmed-hotspot,,已核对本地manifest/wiki读取与hash，非默认Plan流转；按wiki页面/文件规模再采样,只读源码抽样核对；隔离真实输入计时；若关联候选则采用其验证设计,unknown-unless-candidate-explicitly-establishes-source,cli,"{""process_spawn"": false, ""tree_io"": true, ""network"": false, ""mutation"": false, ""sleep"": false, ""loop"": true}",manual-candidate-or-automatic-classification-not-function-level-proof,测量后保留,"["".agents/skills/llm-wiki/scripts/advise.mjs"", ""submodules/yss-harness-backend-agent/.agents/skills/llm-wiki/scripts/advise.mjs"", ""submodules/yss-harness-design-agent/.agents/skills/llm-wiki/scripts/advise.mjs"", ""submodules/yss-harness-dev-agent/.agents/skills/llm-wiki/scripts/advise.mjs"", ""submodules/yss-harness-frontend-agent/.agents/skills/llm-wiki/scripts/advise.mjs""]","{"".agents/skills/llm-wiki/scripts/advise.mjs"": ""所属仓 .agents/skills 权威目录 → update-skill-lock / sync-skills → 所属 CLI sync-template"", ""submodules/yss-harness-backend-agent/.agents/skills/llm-wiki/scripts/advise.mjs"": ""所属仓 .agents/skills 权威目录 → update-skill-lock / sync-skills → 所属 CLI sync-template"", ""submodules/yss-harness-design-agent/.agents/skills/llm-wiki/scripts/advise.mjs"": ""所属仓 .agents/skills 权威目录 → update-skill-lock / sync-skills → 所属 CLI sync-template"", ""submodules/yss-harness-dev-agent/.agents/skills/llm-wiki/scripts/advise.mjs"": ""所属仓 .agents/skills 权威目录 → update-skill-lock / sync-skills → 所属 CLI sync-template"", ""submodules/yss-harness-frontend-agent/.agents/skills/llm-wiki/scripts/advise.mjs"": ""所属仓 .agents/skills 权威目录 → update-skill-lock / sync-skills → 所属 CLI sync-template""}","["".agents/skills/llm-wiki/scripts/advise.test.mjs"", ""submodules/create-yss-harness-dev/template/.agents/skills/llm-wiki/scripts/advise.test.mjs"", ""submodules/create-yss-spec/template/.agents/skills/llm-wiki/scripts/advise.test.mjs"", ""submodules/create-yss-strategic-design/template/.agents/skills/llm-wiki/scripts/advise.test.mjs"", ""submodules/yss-harness-backend-agent/.agents/skills/llm-wiki/scripts/advise.test.mjs"", ""submodules/yss-harness-design-agent/.agents/skills/llm-wiki/scripts/advise.test.mjs"", ""submodules/yss-harness-dev-agent/.agents/skills/llm-wiki/scripts/advise.test.mjs"", ""submodules/yss-harness-frontend-agent/.agents/skills/llm-wiki/scripts/advise.test.mjs""]","{"".agents/skills/llm-wiki/scripts/advise.mjs"": ""c278dddfce2b19d143298dc9496a7f2d36d213ff0b62ceadfba0883a74cfd9e1"", ""submodules/yss-harness-backend-agent/.agents/skills/llm-wiki/scripts/advise.mjs"": ""c278dddfce2b19d143298dc9496a7f2d36d213ff0b62ceadfba0883a74cfd9e1"", ""submodules/yss-harness-design-agent/.agents/skills/llm-wiki/scripts/advise.mjs"": ""c278dddfce2b19d143298dc9496a7f2d36d213ff0b62ceadfba0883a74cfd9e1"", ""submodules/yss-harness-dev-agent/.agents/skills/llm-wiki/scripts/advise.mjs"": ""c278dddfce2b19d143298dc9496a7f2d36d213ff0b62ceadfba0883a74cfd9e1"", ""submodules/yss-harness-frontend-agent/.agents/skills/llm-wiki/scripts/advise.mjs"": ""c278dddfce2b19d143298dc9496a7f2d36d213ff0b62ceadfba0883a74cfd9e1""}",[],,"[""submodules/create-yss-harness-dev/template/.agents/skills/llm-wiki/scripts/advise.mjs"", ""submodules/create-yss-spec/template/.agents/skills/llm-wiki/scripts/advise.mjs"", ""submodules/create-yss-strategic-design/template/.agents/skills/llm-wiki/scripts/advise.mjs""]",0,0,logs/validation-after-recovery-0.stdout; runs.jsonl; final-refresh-results.json; distribution-results-corrected.json,采样维护入口调用频次、目录/输入规模后未取得应增加复杂度的独立热点证据；保留现实现。 未取得可绑定此 SHA 的 V8 加载样本；临时模块可能已随夹具清理，不能把缺少可绑定样本解释成线上零调用或性能正常。,V8 观察是维护夹具入口频次，非线上调用频率；未观察到的实现未作逐函数性能通过声明。输入尺度详见 report.md。
c2c6b9dd931a36bdf0fe728b3697b002bbea0802e99af73a4705666e1fe97468,scripts/lib/template-commit-cache.mjs,True,False,2,2,candidate,P11,直接引用源码已人工核对,见关联候选验证设计,unknown-unless-candidate-explicitly-establishes-source,library,"{""process_spawn"": true, ""tree_io"": true, ""network"": false, ""mutation"": true, ""sleep"": false, ""loop"": true}",manual-candidate-or-automatic-classification-not-function-level-proof,优化并验证,"[""scripts/lib/template-commit-cache.mjs""]","{""scripts/lib/template-commit-cache.mjs"": ""本体脚本权威；通过本体 CLI manifest/sync-template 分发；入口由完整核验 profile 选择""}","[""scripts/cache-template-commit"", ""scripts/verify-template-cache-scenarios"", ""submodules/create-yss-spec/template/scripts/cache-template-commit"", ""submodules/create-yss-spec/template/scripts/verify-template-cache-scenarios""]","{""scripts/lib/template-commit-cache.mjs"": ""5a1dc0714d13aac4ddf1bd6c5c42a74454990dbabb0dfdcfcbba31e330a45d53""}","[""scripts/lib/template-commit-cache.mjs""]",P11,"[""submodules/create-yss-spec/template/scripts/lib/template-commit-cache.mjs""]",1,49,logs/validation-after-recovery-0.stdout; runs.jsonl; final-refresh-results.json; distribution-results-corrected.json,权威实现或其受控 Harness 变体有本轮变更；验证以 Fresh Verification、相关场景和候选对照为依据，副本不冒充独立优化。,V8 观察是维护夹具入口频次，非线上调用频率；未观察到的实现未作逐函数性能通过声明。输入尺度详见 report.md。
c2f3da3f177d9922d33b40933c981df7b13b80f2fc7eedaa9231b1d7564841c8,.agents/skills/llm-wiki/scripts/lint-wikilinks.test.mjs,True,False,8,34,fixture-test-only,,断言/回归入口；是否启动真实环境需沿callee区分,隔离执行对应测试，区分mock/真实构建/外部资源,unknown-unless-candidate-explicitly-establishes-source,test,"{""process_spawn"": false, ""tree_io"": true, ""network"": false, ""mutation"": true, ""sleep"": false, ""loop"": false}",manual-candidate-or-automatic-classification-not-function-level-proof,测量后保留,"["".agents/skills/llm-wiki/scripts/lint-wikilinks.test.mjs"", ""submodules/yss-harness-backend-agent/.agents/skills/llm-wiki/scripts/lint-wikilinks.test.mjs"", ""submodules/yss-harness-design-agent/.agents/skills/llm-wiki/scripts/lint-wikilinks.test.mjs"", ""submodules/yss-harness-dev-agent/.agents/skills/llm-wiki/scripts/lint-wikilinks.test.mjs"", ""submodules/yss-harness-frontend-agent/.agents/skills/llm-wiki/scripts/lint-wikilinks.test.mjs""]","{"".agents/skills/llm-wiki/scripts/lint-wikilinks.test.mjs"": ""所属仓 .agents/skills 权威目录 → update-skill-lock / sync-skills → 所属 CLI sync-template"", ""submodules/yss-harness-backend-agent/.agents/skills/llm-wiki/scripts/lint-wikilinks.test.mjs"": ""所属仓 .agents/skills 权威目录 → update-skill-lock / sync-skills → 所属 CLI sync-template"", ""submodules/yss-harness-design-agent/.agents/skills/llm-wiki/scripts/lint-wikilinks.test.mjs"": ""所属仓 .agents/skills 权威目录 → update-skill-lock / sync-skills → 所属 CLI sync-template"", ""submodules/yss-harness-dev-agent/.agents/skills/llm-wiki/scripts/lint-wikilinks.test.mjs"": ""所属仓 .agents/skills 权威目录 → update-skill-lock / sync-skills → 所属 CLI sync-template"", ""submodules/yss-harness-frontend-agent/.agents/skills/llm-wiki/scripts/lint-wikilinks.test.mjs"": ""所属仓 .agents/skills 权威目录 → update-skill-lock / sync-skills → 所属 CLI sync-template""}",[],"{"".agents/skills/llm-wiki/scripts/lint-wikilinks.test.mjs"": ""c2f3da3f177d9922d33b40933c981df7b13b80f2fc7eedaa9231b1d7564841c8"", ""submodules/yss-harness-backend-agent/.agents/skills/llm-wiki/scripts/lint-wikilinks.test.mjs"": ""c2f3da3f177d9922d33b40933c981df7b13b80f2fc7eedaa9231b1d7564841c8"", ""submodules/yss-harness-design-agent/.agents/skills/llm-wiki/scripts/lint-wikilinks.test.mjs"": ""c2f3da3f177d9922d33b40933c981df7b13b80f2fc7eedaa9231b1d7564841c8"", ""submodules/yss-harness-dev-agent/.agents/skills/llm-wiki/scripts/lint-wikilinks.test.mjs"": ""c2f3da3f177d9922d33b40933c981df7b13b80f2fc7eedaa9231b1d7564841c8"", ""submodules/yss-harness-frontend-agent/.agents/skills/llm-wiki/scripts/lint-wikilinks.test.mjs"": ""c2f3da3f177d9922d33b40933c981df7b13b80f2fc7eedaa9231b1d7564841c8""}",[],,"[""submodules/create-yss-harness-dev/template/.agents/skills/llm-wiki/scripts/lint-wikilinks.test.mjs"", ""submodules/create-yss-spec/template/.agents/skills/llm-wiki/scripts/lint-wikilinks.test.mjs"", ""submodules/create-yss-strategic-design/template/.agents/skills/llm-wiki/scripts/lint-wikilinks.test.mjs""]",0,0,logs/validation-after-recovery-0.stdout; runs.jsonl; final-refresh-results.json; distribution-results-corrected.json,采样维护入口调用频次、目录/输入规模后未取得应增加复杂度的独立热点证据；保留现实现。 未取得可绑定此 SHA 的 V8 加载样本；临时模块可能已随夹具清理，不能把缺少可绑定样本解释成线上零调用或性能正常。,V8 观察是维护夹具入口频次，非线上调用频率；未观察到的实现未作逐函数性能通过声明。输入尺度详见 report.md。
c3642cbed49dd5c01befa8d7a0fe25dc7b05c9d7b69d707b05aee4531332489f,submodules/yss-harness-dev-agent/scripts/lib/entry-alignment.mjs,True,False,2,2,static-no-confirmed-hotspot,,词法/路径分类，未证明性能正常,按真实调用频率与输入规模采样；有证据再扩大分析,unknown-unless-candidate-explicitly-establishes-source,library,"{""process_spawn"": false, ""tree_io"": false, ""network"": false, ""mutation"": false, ""sleep"": false, ""loop"": true}",manual-candidate-or-automatic-classification-not-function-level-proof,测量后保留,"[""submodules/yss-harness-dev-agent/scripts/lib/entry-alignment.mjs""]","{""submodules/yss-harness-dev-agent/scripts/lib/entry-alignment.mjs"": ""所属 Harness 持有 profile 变体；仅移植已核对的性能变更 → 所属 CLI sync-template""}","[""submodules/create-yss-harness-dev/template/scripts/verify-entry-alignment"", ""submodules/yss-harness-dev-agent/scripts/verify-entry-alignment""]","{""submodules/yss-harness-dev-agent/scripts/lib/entry-alignment.mjs"": ""c3642cbed49dd5c01befa8d7a0fe25dc7b05c9d7b69d707b05aee4531332489f""}",[],,"[""submodules/create-yss-harness-dev/template/scripts/lib/entry-alignment.mjs""]",0,0,logs/validation-after-recovery-0.stdout; runs.jsonl; final-refresh-results.json; distribution-results-corrected.json,采样维护入口调用频次、目录/输入规模后未取得应增加复杂度的独立热点证据；保留现实现。 未取得可绑定此 SHA 的 V8 加载样本；临时模块可能已随夹具清理，不能把缺少可绑定样本解释成线上零调用或性能正常。,V8 观察是维护夹具入口频次，非线上调用频率；未观察到的实现未作逐函数性能通过声明。输入尺度详见 report.md。
c36aac74b154d63d737c530dd45ae9d16781ebc61b66588dc1b380192d49f6a4,.template-source/cli-core/build.mjs,False,True,3,3,candidate,"P07,P08",直接引用源码已人工核对,见关联候选验证设计,unknown-unless-candidate-explicitly-establishes-source,library,"{""process_spawn"": true, ""tree_io"": true, ""network"": true, ""mutation"": true, ""sleep"": false, ""loop"": true}",manual-candidate-or-automatic-classification-not-function-level-proof,优化并验证,"["".template-source/cli-core/build.mjs""]","{"".template-source/cli-core/build.mjs"": ""本体 canonical core → sync-core → 专职 CLI vendor（临时仓已验证，正式锁待提交）""}","[""audit-supplemental-entrypoints"", ""submodules/create-yss-harness-backend/scripts/sync-core.mjs"", ""submodules/create-yss-harness-backend/scripts/sync-template.mjs"", ""submodules/create-yss-harness-backend/scripts/verify-bundle.mjs"", ""submodules/create-yss-harness-frontend/scripts/sync-core.mjs"", ""submodules/create-yss-harness-frontend/scripts/sync-template.mjs"", ""submodules/create-yss-harness-frontend/scripts/verify-bundle.mjs""]","{"".template-source/cli-core/build.mjs"": ""64082a3b39660fff40dfa252a06dedad65fcc3fdef63473b484068a5a7849c4f""}","["".template-source/cli-core/build.mjs""]",P07;P08,"[""submodules/create-yss-harness-backend/vendor/cli-core/build.mjs"", ""submodules/create-yss-harness-frontend/vendor/cli-core/build.mjs""]",0,0,logs/validation-after-recovery-0.stdout; runs.jsonl; final-refresh-results.json; distribution-results-corrected.json,权威实现或其受控 Harness 变体有本轮变更；验证以 Fresh Verification、相关场景和候选对照为依据，副本不冒充独立优化。,V8 观察是维护夹具入口频次，非线上调用频率；未观察到的实现未作逐函数性能通过声明。输入尺度详见 report.md。
c6411cf43f0d7decda37c87b070c9ebcfdde1223a1ecb6c4b8a7bc890ab36f42,submodules/yss-harness-dev-agent/scripts/verify-instance-distribution-scenarios,True,False,2,3,fixture-test-only,,断言/回归入口；是否启动真实环境需沿callee区分,隔离执行对应测试，区分mock/真实构建/外部资源,unknown-unless-candidate-explicitly-establishes-source,cli,"{""process_spawn"": false, ""tree_io"": false, ""network"": false, ""mutation"": false, ""sleep"": false, ""loop"": true}",manual-candidate-or-automatic-classification-not-function-level-proof,测量后保留,"[""submodules/yss-harness-dev-agent/scripts/verify-instance-distribution-scenarios""]","{""submodules/yss-harness-dev-agent/scripts/verify-instance-distribution-scenarios"": ""所属 Harness 持有 profile 变体；仅移植已核对的性能变更 → 所属 CLI sync-template""}","[""submodules/create-yss-harness-dev/template/scripts/verify-template-verification-scenarios"", ""submodules/yss-harness-dev-agent/scripts/verify-template-verification-scenarios""]","{""submodules/yss-harness-dev-agent/scripts/verify-instance-distribution-scenarios"": ""c6411cf43f0d7decda37c87b070c9ebcfdde1223a1ecb6c4b8a7bc890ab36f42""}",[],,"[""submodules/create-yss-harness-dev/template/scripts/verify-instance-distribution-scenarios""]",0,0,logs/validation-after-recovery-0.stdout; runs.jsonl; final-refresh-results.json; distribution-results-corrected.json,采样维护入口调用频次、目录/输入规模后未取得应增加复杂度的独立热点证据；保留现实现。 未取得可绑定此 SHA 的 V8 加载样本；临时模块可能已随夹具清理，不能把缺少可绑定样本解释成线上零调用或性能正常。,V8 观察是维护夹具入口频次，非线上调用频率；未观察到的实现未作逐函数性能通过声明。输入尺度详见 report.md。
c755a6b4c912e21d3bbd3d77c76be3cb64c7a192b426da8f0c4e71b7ec1de8d1,scripts/verify-grill-with-docs-context-scenarios,True,False,4,4,fixture-test-only,,断言/回归入口；是否启动真实环境需沿callee区分,隔离执行对应测试，区分mock/真实构建/外部资源,unknown-unless-candidate-explicitly-establishes-source,wrapper,"{""process_spawn"": true, ""tree_io"": false, ""network"": false, ""mutation"": false, ""sleep"": false, ""loop"": true}",manual-candidate-or-automatic-classification-not-function-level-proof,测量后保留,"[""scripts/verify-grill-with-docs-context-scenarios"", ""submodules/yss-harness-design-agent/scripts/verify-grill-with-docs-context-scenarios""]","{""scripts/verify-grill-with-docs-context-scenarios"": ""本体脚本权威；通过本体 CLI manifest/sync-template 分发；入口由完整核验 profile 选择"", ""submodules/yss-harness-design-agent/scripts/verify-grill-with-docs-context-scenarios"": ""所属 Harness 持有 profile 变体；仅移植已核对的性能变更 → 所属 CLI sync-template""}","[""scripts/verify-template-verification-scenarios"", ""submodules/create-yss-spec/template/scripts/verify-template-verification-scenarios"", ""submodules/create-yss-strategic-design/template/scripts/verify-template-verification-scenarios"", ""submodules/yss-harness-design-agent/scripts/verify-template-verification-scenarios""]","{""scripts/verify-grill-with-docs-context-scenarios"": ""c755a6b4c912e21d3bbd3d77c76be3cb64c7a192b426da8f0c4e71b7ec1de8d1"", ""submodules/yss-harness-design-agent/scripts/verify-grill-with-docs-context-scenarios"": ""c755a6b4c912e21d3bbd3d77c76be3cb64c7a192b426da8f0c4e71b7ec1de8d1""}",[],,"[""submodules/create-yss-spec/template/scripts/verify-grill-with-docs-context-scenarios"", ""submodules/create-yss-strategic-design/template/scripts/verify-grill-with-docs-context-scenarios""]",1,1,logs/validation-after-recovery-0.stdout; runs.jsonl; final-refresh-results.json; distribution-results-corrected.json,采样维护入口调用频次、目录/输入规模后未取得应增加复杂度的独立热点证据；保留现实现。,V8 观察是维护夹具入口频次，非线上调用频率；未观察到的实现未作逐函数性能通过声明。输入尺度详见 report.md。
cd5e3a3e8409340f78e68b2f1eabf4e1a80c026ffc2923e828ee5e2f3c4d014a,submodules/yss-harness-dev-agent/scripts/lib/approval-record.mjs,True,False,6,7,static-no-confirmed-hotspot,,词法/路径分类，未证明性能正常,按真实调用频率与输入规模采样；有证据再扩大分析,unknown-unless-candidate-explicitly-establishes-source,library,"{""process_spawn"": false, ""tree_io"": false, ""network"": false, ""mutation"": false, ""sleep"": false, ""loop"": true}",manual-candidate-or-automatic-classification-not-function-level-proof,测量后保留,"[""submodules/yss-harness-backend-agent/scripts/lib/approval-record.mjs"", ""submodules/yss-harness-design-agent/scripts/lib/approval-record.mjs"", ""submodules/yss-harness-dev-agent/scripts/lib/approval-record.mjs"", ""submodules/yss-harness-frontend-agent/scripts/lib/approval-record.mjs""]","{""submodules/yss-harness-backend-agent/scripts/lib/approval-record.mjs"": ""所属 Harness 持有 profile 变体；仅移植已核对的性能变更 → 所属 CLI sync-template"", ""submodules/yss-harness-design-agent/scripts/lib/approval-record.mjs"": ""所属 Harness 持有 profile 变体；仅移植已核对的性能变更 → 所属 CLI sync-template"", ""submodules/yss-harness-dev-agent/scripts/lib/approval-record.mjs"": ""所属 Harness 持有 profile 变体；仅移植已核对的性能变更 → 所属 CLI sync-template"", ""submodules/yss-harness-frontend-agent/scripts/lib/approval-record.mjs"": ""所属 Harness 持有 profile 变体；仅移植已核对的性能变更 → 所属 CLI sync-template""}","[""submodules/create-yss-harness-dev/template/scripts/lib/strategic-handoff.mjs"", ""submodules/create-yss-harness-dev/template/scripts/verify-approval-record"", ""submodules/create-yss-harness-dev/template/scripts/verify-digital-human-roles-scenarios"", ""submodules/create-yss-harness-dev/template/scripts/verify-lifecycle-checkpoint"", ""submodules/create-yss-strategic-design/template/.agents/skills/yss-stage-decision/scripts/validate-domain-strategy.mjs"", ""submodules/create-yss-strategic-design/template/.agents/skills/yss-stage-decision/scripts/validate-stage-decision-package.mjs"", ""submodules/create-yss-strategic-design/template/scripts/lib/plan-spec-entry.mjs"", ""submodules/create-yss-strategic-design/template/scripts/lib/strategic-handoff.mjs"", ""submodules/create-yss-strategic-design/template/scripts/verify-approval-record"", ""submodules/create-yss-strategic-design/template/scripts/verify-digital-human-roles-scenarios"", ""submodules/create-yss-strategic-design/template/scripts/verify-lifecycle-checkpoint"", ""submodules/yss-harness-backend-agent/scripts/lib/strategic-handoff.mjs"", ""submodules/yss-harness-backend-agent/scripts/verify-approval-record"", ""submodules/yss-harness-backend-agent/scripts/verify-digital-human-roles-scenarios"", ""submodules/yss-harness-backend-agent/scripts/verify-lifecycle-checkpoint"", ""submodules/yss-harness-design-agent/.agents/skills/yss-stage-decision/scripts/validate-domain-strategy.mjs"", ""submodules/yss-harness-design-agent/.agents/skills/yss-stage-decision/scripts/validate-stage-decision-package.mjs"", ""submodules/yss-harness-design-agent/scripts/lib/plan-spec-entry.mjs"", ""submodules/yss-harness-design-agent/scripts/lib/strategic-handoff.mjs"", ""submodules/yss-harness-design-agent/scripts/verify-approval-record"", ""submodules/yss-harness-design-agent/scripts/verify-digital-human-roles-scenarios"", ""submodules/yss-harness-design-agent/scripts/verify-lifecycle-checkpoint"", ""submodules/yss-harness-dev-agent/scripts/lib/strategic-handoff.mjs"", ""submodules/yss-harness-dev-agent/scripts/verify-approval-record"", ""submodules/yss-harness-dev-agent/scripts/verify-digital-human-roles-scenarios"", ""submodules/yss-harness-dev-agent/scripts/verify-lifecycle-checkpoint"", ""submodules/yss-harness-frontend-agent/scripts/lib/strategic-handoff.mjs"", ""submodules/yss-harness-frontend-agent/scripts/verify-approval-record"", ""submodules/yss-harness-frontend-agent/scripts/verify-digital-human-roles-scenarios"", ""submodules/yss-harness-frontend-agent/scripts/verify-lifecycle-checkpoint""]","{""submodules/yss-harness-backend-agent/scripts/lib/approval-record.mjs"": ""cd5e3a3e8409340f78e68b2f1eabf4e1a80c026ffc2923e828ee5e2f3c4d014a"", ""submodules/yss-harness-design-agent/scripts/lib/approval-record.mjs"": ""cd5e3a3e8409340f78e68b2f1eabf4e1a80c026ffc2923e828ee5e2f3c4d014a"", ""submodules/yss-harness-dev-agent/scripts/lib/approval-record.mjs"": ""cd5e3a3e8409340f78e68b2f1eabf4e1a80c026ffc2923e828ee5e2f3c4d014a"", ""submodules/yss-harness-frontend-agent/scripts/lib/approval-record.mjs"": ""cd5e3a3e8409340f78e68b2f1eabf4e1a80c026ffc2923e828ee5e2f3c4d014a""}",[],,"[""submodules/create-yss-harness-dev/template/scripts/lib/approval-record.mjs"", ""submodules/create-yss-strategic-design/template/scripts/lib/approval-record.mjs""]",0,0,logs/validation-after-recovery-0.stdout; runs.jsonl; final-refresh-results.json; distribution-results-corrected.json,采样维护入口调用频次、目录/输入规模后未取得应增加复杂度的独立热点证据；保留现实现。 未取得可绑定此 SHA 的 V8 加载样本；临时模块可能已随夹具清理，不能把缺少可绑定样本解释成线上零调用或性能正常。,V8 观察是维护夹具入口频次，非线上调用频率；未观察到的实现未作逐函数性能通过声明。输入尺度详见 report.md。
cd623cb5d27790f446b450e39c4dc4d9a25e308e1f05199c6d77209e90290aaa,submodules/yss-harness-frontend-agent/scripts/node-verify-lifecycle-registry.mjs,True,False,1,1,candidate-caller,P01,命中候选函数/调用链；可能含字符串/注释，非独立瓶颈证明,沿实际调用链归因，见候选设计；不要据regex删除检查,unknown-unless-candidate-explicitly-establishes-source,cli,"{""process_spawn"": true, ""tree_io"": false, ""network"": false, ""mutation"": false, ""sleep"": false, ""loop"": true}",manual-candidate-or-automatic-classification-not-function-level-proof,测量后保留,"[""submodules/yss-harness-frontend-agent/scripts/node-verify-lifecycle-registry.mjs""]","{""submodules/yss-harness-frontend-agent/scripts/node-verify-lifecycle-registry.mjs"": ""所属 Harness 持有 profile 变体；仅移植已核对的性能变更 → 所属 CLI sync-template""}","[""submodules/yss-harness-frontend-agent/scripts/verify-lifecycle-registry""]","{""submodules/yss-harness-frontend-agent/scripts/node-verify-lifecycle-registry.mjs"": ""cd623cb5d27790f446b450e39c4dc4d9a25e308e1f05199c6d77209e90290aaa""}",[],P01,[],0,0,logs/validation-after-recovery-0.stdout; runs.jsonl; final-refresh-results.json; distribution-results-corrected.json,采样维护入口调用频次、目录/输入规模后未取得应增加复杂度的独立热点证据；保留现实现。 未取得可绑定此 SHA 的 V8 加载样本；临时模块可能已随夹具清理，不能把缺少可绑定样本解释成线上零调用或性能正常。,V8 观察是维护夹具入口频次，非线上调用频率；未观察到的实现未作逐函数性能通过声明。输入尺度详见 report.md。
cda4979c8e9e973a7f32bb454439f515afc3f8bf87f642ecf2e54686454b7d49,.agents/skills/archify/scripts/yss-safe-deliver.mjs,True,False,6,26,external-runtime-needs-input,,已核对调用独立renderers/archify入口；需要具体IR与输出fixture，不能从shell标记推断瓶颈,只读源码抽样核对；隔离真实输入计时；若关联候选则采用其验证设计,unknown-unless-candidate-explicitly-establishes-source,cli,"{""process_spawn"": true, ""tree_io"": true, ""network"": false, ""mutation"": true, ""sleep"": false, ""loop"": true}",manual-candidate-or-automatic-classification-not-function-level-proof,外部环境待验证,"["".agents/skills/archify/scripts/yss-safe-deliver.mjs"", ""submodules/yss-harness-backend-agent/.agents/skills/archify/scripts/yss-safe-deliver.mjs"", ""submodules/yss-harness-dev-agent/.agents/skills/archify/scripts/yss-safe-deliver.mjs"", ""submodules/yss-harness-frontend-agent/.agents/skills/archify/scripts/yss-safe-deliver.mjs""]","{"".agents/skills/archify/scripts/yss-safe-deliver.mjs"": ""所属仓 .agents/skills 权威目录 → update-skill-lock / sync-skills → 所属 CLI sync-template"", ""submodules/yss-harness-backend-agent/.agents/skills/archify/scripts/yss-safe-deliver.mjs"": ""所属仓 .agents/skills 权威目录 → update-skill-lock / sync-skills → 所属 CLI sync-template"", ""submodules/yss-harness-dev-agent/.agents/skills/archify/scripts/yss-safe-deliver.mjs"": ""所属仓 .agents/skills 权威目录 → update-skill-lock / sync-skills → 所属 CLI sync-template"", ""submodules/yss-harness-frontend-agent/.agents/skills/archify/scripts/yss-safe-deliver.mjs"": ""所属仓 .agents/skills 权威目录 → update-skill-lock / sync-skills → 所属 CLI sync-template""}",[],"{"".agents/skills/archify/scripts/yss-safe-deliver.mjs"": ""cda4979c8e9e973a7f32bb454439f515afc3f8bf87f642ecf2e54686454b7d49"", ""submodules/yss-harness-backend-agent/.agents/skills/archify/scripts/yss-safe-deliver.mjs"": ""cda4979c8e9e973a7f32bb454439f515afc3f8bf87f642ecf2e54686454b7d49"", ""submodules/yss-harness-dev-agent/.agents/skills/archify/scripts/yss-safe-deliver.mjs"": ""cda4979c8e9e973a7f32bb454439f515afc3f8bf87f642ecf2e54686454b7d49"", ""submodules/yss-harness-frontend-agent/.agents/skills/archify/scripts/yss-safe-deliver.mjs"": ""cda4979c8e9e973a7f32bb454439f515afc3f8bf87f642ecf2e54686454b7d49""}",[],,"[""submodules/create-yss-harness-dev/template/.agents/skills/archify/scripts/yss-safe-deliver.mjs"", ""submodules/create-yss-spec/template/.agents/skills/archify/scripts/yss-safe-deliver.mjs""]",0,0,logs/validation-after-recovery-0.stdout; runs.jsonl; final-refresh-results.json; distribution-results-corrected.json,本轮只执行维护夹具；真实依赖、实际工程、远端网络或显式 self-update 缺少已选真实环境，不把 mock 用时算作外部收益。,V8 观察是维护夹具入口频次，非线上调用频率；未观察到的实现未作逐函数性能通过声明。输入尺度详见 report.md。
cebb510adcc1f54c76706d516a9df49cce8a5eecb6769d30546b085376c93d89,scripts/repository-scope-policy,True,False,7,8,static-no-confirmed-hotspot,,词法/路径分类，未证明性能正常,按真实调用频率与输入规模采样；有证据再扩大分析,unknown-unless-candidate-explicitly-establishes-source,wrapper,"{""process_spawn"": false, ""tree_io"": false, ""network"": false, ""mutation"": false, ""sleep"": false, ""loop"": false}",manual-candidate-or-automatic-classification-not-function-level-proof,测量后保留,"[""scripts/repository-scope-policy"", ""submodules/yss-harness-backend-agent/scripts/repository-scope-policy"", ""submodules/yss-harness-design-agent/scripts/repository-scope-policy"", ""submodules/yss-harness-dev-agent/scripts/repository-scope-policy"", ""submodules/yss-harness-frontend-agent/scripts/repository-scope-policy""]","{""scripts/repository-scope-policy"": ""本体脚本权威；通过本体 CLI manifest/sync-template 分发；入口由完整核验 profile 选择"", ""submodules/yss-harness-backend-agent/scripts/repository-scope-policy"": ""所属 Harness 持有 profile 变体；仅移植已核对的性能变更 → 所属 CLI sync-template"", ""submodules/yss-harness-design-agent/scripts/repository-scope-policy"": ""所属 Harness 持有 profile 变体；仅移植已核对的性能变更 → 所属 CLI sync-template"", ""submodules/yss-harness-dev-agent/scripts/repository-scope-policy"": ""所属 Harness 持有 profile 变体；仅移植已核对的性能变更 → 所属 CLI sync-template"", ""submodules/yss-harness-frontend-agent/scripts/repository-scope-policy"": ""所属 Harness 持有 profile 变体；仅移植已核对的性能变更 → 所属 CLI sync-template""}",[],"{""scripts/repository-scope-policy"": ""cebb510adcc1f54c76706d516a9df49cce8a5eecb6769d30546b085376c93d89"", ""submodules/yss-harness-backend-agent/scripts/repository-scope-policy"": ""cebb510adcc1f54c76706d516a9df49cce8a5eecb6769d30546b085376c93d89"", ""submodules/yss-harness-design-agent/scripts/repository-scope-policy"": ""cebb510adcc1f54c76706d516a9df49cce8a5eecb6769d30546b085376c93d89"", ""submodules/yss-harness-dev-agent/scripts/repository-scope-policy"": ""cebb510adcc1f54c76706d516a9df49cce8a5eecb6769d30546b085376c93d89"", ""submodules/yss-harness-frontend-agent/scripts/repository-scope-policy"": ""cebb510adcc1f54c76706d516a9df49cce8a5eecb6769d30546b085376c93d89""}",[],,"[""submodules/create-yss-harness-dev/template/scripts/repository-scope-policy"", ""submodules/create-yss-spec/template/scripts/repository-scope-policy""]",0,0,logs/validation-after-recovery-0.stdout; runs.jsonl; final-refresh-results.json; distribution-results-corrected.json,采样维护入口调用频次、目录/输入规模后未取得应增加复杂度的独立热点证据；保留现实现。 未取得可绑定此 SHA 的 V8 加载样本；临时模块可能已随夹具清理，不能把缺少可绑定样本解释成线上零调用或性能正常。,V8 观察是维护夹具入口频次，非线上调用频率；未观察到的实现未作逐函数性能通过声明。输入尺度详见 report.md。
cf9477e3f3d9487b81dfa72198f7d8f84c05487f9aa455fac6f843e7d03a9b35,scripts/verify-business-language-scenarios,True,False,2,2,fixture-test-only,,断言/回归入口；是否启动真实环境需沿callee区分,隔离执行对应测试，区分mock/真实构建/外部资源,unknown-unless-candidate-explicitly-establishes-source,cli,"{""process_spawn"": false, ""tree_io"": false, ""network"": false, ""mutation"": false, ""sleep"": false, ""loop"": true}",manual-candidate-or-automatic-classification-not-function-level-proof,测量后保留,"[""scripts/verify-business-language-scenarios""]","{""scripts/verify-business-language-scenarios"": ""本体脚本权威；通过本体 CLI manifest/sync-template 分发；入口由完整核验 profile 选择""}",[],"{""scripts/verify-business-language-scenarios"": ""cf9477e3f3d9487b81dfa72198f7d8f84c05487f9aa455fac6f843e7d03a9b35""}",[],,"[""submodules/create-yss-spec/template/scripts/verify-business-language-scenarios""]",1,464,logs/validation-after-recovery-0.stdout; runs.jsonl; final-refresh-results.json; distribution-results-corrected.json,采样维护入口调用频次、目录/输入规模后未取得应增加复杂度的独立热点证据；保留现实现。,V8 观察是维护夹具入口频次，非线上调用频率；未观察到的实现未作逐函数性能通过声明。输入尺度详见 report.md。
d08f22569958a1f358e8157252831ff0673ed9a32612b46ff8c4d336c538385b,submodules/create-yss-harness-dev/scripts/sync-template.js,True,False,1,1,candidate-caller,P04,命中候选函数/调用链；可能含字符串/注释，非独立瓶颈证明,沿实际调用链归因，见候选设计；不要据regex删除检查,unknown-unless-candidate-explicitly-establishes-source,cli,"{""process_spawn"": true, ""tree_io"": true, ""network"": true, ""mutation"": true, ""sleep"": false, ""loop"": true}",manual-candidate-or-automatic-classification-not-function-level-proof,测量后保留,"[""submodules/create-yss-harness-dev/scripts/sync-template.js""]","{""submodules/create-yss-harness-dev/scripts/sync-template.js"": ""所属 CLI 自有源码；test:unit / test:prepared / sync-template；不以同名合并来源""}",[],"{""submodules/create-yss-harness-dev/scripts/sync-template.js"": ""d08f22569958a1f358e8157252831ff0673ed9a32612b46ff8c4d336c538385b""}",[],P04,[],0,0,logs/validation-after-recovery-0.stdout; runs.jsonl; final-refresh-results.json; distribution-results-corrected.json,采样维护入口调用频次、目录/输入规模后未取得应增加复杂度的独立热点证据；保留现实现。 未取得可绑定此 SHA 的 V8 加载样本；临时模块可能已随夹具清理，不能把缺少可绑定样本解释成线上零调用或性能正常。,V8 观察是维护夹具入口频次，非线上调用频率；未观察到的实现未作逐函数性能通过声明。输入尺度详见 report.md。
d0ac0b39bbfe6cce2f3b0baf122c9ff98e69d91563bc5d84e979fd9b1b73f679,scripts/verify-digital-human-task-package,True,False,8,9,wrapper-follow-callee,,短包装/重导出入口；主要成本落在callee,计入口启动开销并追踪实际callee，保留兼容入口,unknown-unless-candidate-explicitly-establishes-source,wrapper,"{""process_spawn"": false, ""tree_io"": false, ""network"": false, ""mutation"": false, ""sleep"": false, ""loop"": false}",manual-candidate-or-automatic-classification-not-function-level-proof,测量后保留,"[""scripts/verify-digital-human-task-package"", ""submodules/yss-harness-backend-agent/scripts/verify-digital-human-task-package"", ""submodules/yss-harness-design-agent/scripts/verify-digital-human-task-package"", ""submodules/yss-harness-dev-agent/scripts/verify-digital-human-task-package"", ""submodules/yss-harness-frontend-agent/scripts/verify-digital-human-task-package""]","{""scripts/verify-digital-human-task-package"": ""本体脚本权威；通过本体 CLI manifest/sync-template 分发；入口由完整核验 profile 选择"", ""submodules/yss-harness-backend-agent/scripts/verify-digital-human-task-package"": ""所属 Harness 持有 profile 变体；仅移植已核对的性能变更 → 所属 CLI sync-template"", ""submodules/yss-harness-design-agent/scripts/verify-digital-human-task-package"": ""所属 Harness 持有 profile 变体；仅移植已核对的性能变更 → 所属 CLI sync-template"", ""submodules/yss-harness-dev-agent/scripts/verify-digital-human-task-package"": ""所属 Harness 持有 profile 变体；仅移植已核对的性能变更 → 所属 CLI sync-template"", ""submodules/yss-harness-frontend-agent/scripts/verify-digital-human-task-package"": ""所属 Harness 持有 profile 变体；仅移植已核对的性能变更 → 所属 CLI sync-template""}","[""scripts/run-template-verification"", ""scripts/verify-digital-human-task-package"", ""scripts/verify-subagent-task-package"", ""scripts/verify-subagent-task-package-scenarios"", ""scripts/verify-template-verification-scenarios"", ""submodules/create-yss-harness-dev/template/scripts/run-template-verification"", ""submodules/create-yss-harness-dev/template/scripts/verify-digital-human-task-package"", ""submodules/create-yss-harness-dev/template/scripts/verify-subagent-task-package"", ""submodules/create-yss-harness-dev/template/scripts/verify-subagent-task-package-scenarios"", ""submodules/create-yss-harness-dev/template/scripts/verify-template-verification-scenarios"", ""submodules/create-yss-spec/template/scripts/run-template-verification"", ""submodules/create-yss-spec/template/scripts/verify-digital-human-task-package"", ""submodules/create-yss-spec/template/scripts/verify-subagent-task-package"", ""submodules/create-yss-spec/template/scripts/verify-subagent-task-package-scenarios"", ""submodules/create-yss-spec/template/scripts/verify-template-verification-scenarios"", ""submodules/create-yss-strategic-design/template/scripts/run-template-verification"", ""submodules/create-yss-strategic-design/template/scripts/verify-digital-human-task-package"", ""submodules/create-yss-strategic-design/template/scripts/verify-subagent-task-package"", ""submodules/create-yss-strategic-design/template/scripts/verify-subagent-task-package-scenarios"", ""submodules/create-yss-strategic-design/template/scripts/verify-template-verification-scenarios"", ""submodules/yss-harness-backend-agent/scripts/run-template-verification"", ""submodules/yss-harness-backend-agent/scripts/verify-digital-human-task-package"", ""submodules/yss-harness-backend-agent/scripts/verify-subagent-task-package"", ""submodules/yss-harness-backend-agent/scripts/verify-subagent-task-package-scenarios"", ""submodules/yss-harness-design-agent/scripts/run-template-verification"", ""submodules/yss-harness-design-agent/scripts/verify-digital-human-task-package"", ""submodules/yss-harness-design-agent/scripts/verify-subagent-task-package"", ""submodules/yss-harness-design-agent/scripts/verify-subagent-task-package-scenarios"", ""submodules/yss-harness-design-agent/scripts/verify-template-verification-scenarios"", ""submodules/yss-harness-dev-agent/scripts/run-template-verification"", ""submodules/yss-harness-dev-agent/scripts/verify-digital-human-task-package"", ""submodules/yss-harness-dev-agent/scripts/verify-subagent-task-package"", ""submodules/yss-harness-dev-agent/scripts/verify-subagent-task-package-scenarios"", ""submodules/yss-harness-dev-agent/scripts/verify-template-verification-scenarios"", ""submodules/yss-harness-frontend-agent/scripts/run-template-verification"", ""submodules/yss-harness-frontend-agent/scripts/verify-digital-human-task-package"", ""submodules/yss-harness-frontend-agent/scripts/verify-subagent-task-package"", ""submodules/yss-harness-frontend-agent/scripts/verify-subagent-task-package-scenarios""]","{""scripts/verify-digital-human-task-package"": ""d0ac0b39bbfe6cce2f3b0baf122c9ff98e69d91563bc5d84e979fd9b1b73f679"", ""submodules/yss-harness-backend-agent/scripts/verify-digital-human-task-package"": ""d0ac0b39bbfe6cce2f3b0baf122c9ff98e69d91563bc5d84e979fd9b1b73f679"", ""submodules/yss-harness-design-agent/scripts/verify-digital-human-task-package"": ""d0ac0b39bbfe6cce2f3b0baf122c9ff98e69d91563bc5d84e979fd9b1b73f679"", ""submodules/yss-harness-dev-agent/scripts/verify-digital-human-task-package"": ""d0ac0b39bbfe6cce2f3b0baf122c9ff98e69d91563bc5d84e979fd9b1b73f679"", ""submodules/yss-harness-frontend-agent/scripts/verify-digital-human-task-package"": ""d0ac0b39bbfe6cce2f3b0baf122c9ff98e69d91563bc5d84e979fd9b1b73f679""}",[],,"[""submodules/create-yss-harness-dev/template/scripts/verify-digital-human-task-package"", ""submodules/create-yss-spec/template/scripts/verify-digital-human-task-package"", ""submodules/create-yss-strategic-design/template/scripts/verify-digital-human-task-package""]",6,6,logs/validation-after-recovery-0.stdout; runs.jsonl; final-refresh-results.json; distribution-results-corrected.json,采样维护入口调用频次、目录/输入规模后未取得应增加复杂度的独立热点证据；保留现实现。,V8 观察是维护夹具入口频次，非线上调用频率；未观察到的实现未作逐函数性能通过声明。输入尺度详见 report.md。
d166ade395c46fbe795b6f86eb29a5de5e4ff5593ef44255aabebf7736627f0d,scripts/verify-openapi-json-handoff-scenarios,True,False,7,8,fixture-test-only,,断言/回归入口；是否启动真实环境需沿callee区分,隔离执行对应测试，区分mock/真实构建/外部资源,unknown-unless-candidate-explicitly-establishes-source,wrapper,"{""process_spawn"": false, ""tree_io"": false, ""network"": false, ""mutation"": false, ""sleep"": false, ""loop"": false}",manual-candidate-or-automatic-classification-not-function-level-proof,测量后保留,"[""scripts/verify-openapi-json-handoff-scenarios"", ""submodules/yss-harness-backend-agent/scripts/verify-openapi-json-handoff-scenarios"", ""submodules/yss-harness-design-agent/scripts/verify-openapi-json-handoff-scenarios"", ""submodules/yss-harness-dev-agent/scripts/verify-openapi-json-handoff-scenarios"", ""submodules/yss-harness-frontend-agent/scripts/verify-openapi-json-handoff-scenarios""]","{""scripts/verify-openapi-json-handoff-scenarios"": ""本体脚本权威；通过本体 CLI manifest/sync-template 分发；入口由完整核验 profile 选择"", ""submodules/yss-harness-backend-agent/scripts/verify-openapi-json-handoff-scenarios"": ""所属 Harness 持有 profile 变体；仅移植已核对的性能变更 → 所属 CLI sync-template"", ""submodules/yss-harness-design-agent/scripts/verify-openapi-json-handoff-scenarios"": ""所属 Harness 持有 profile 变体；仅移植已核对的性能变更 → 所属 CLI sync-template"", ""submodules/yss-harness-dev-agent/scripts/verify-openapi-json-handoff-scenarios"": ""所属 Harness 持有 profile 变体；仅移植已核对的性能变更 → 所属 CLI sync-template"", ""submodules/yss-harness-frontend-agent/scripts/verify-openapi-json-handoff-scenarios"": ""所属 Harness 持有 profile 变体；仅移植已核对的性能变更 → 所属 CLI sync-template""}","[""scripts/verify-template-verification-scenarios"", ""submodules/create-yss-harness-dev/template/scripts/verify-template-verification-scenarios"", ""submodules/create-yss-spec/template/scripts/verify-template-verification-scenarios"", ""submodules/yss-harness-backend-agent/scripts/verify-template-verification-scenarios"", ""submodules/yss-harness-dev-agent/scripts/verify-template-verification-scenarios"", ""submodules/yss-harness-frontend-agent/scripts/verify-template-verification-scenarios""]","{""scripts/verify-openapi-json-handoff-scenarios"": ""d166ade395c46fbe795b6f86eb29a5de5e4ff5593ef44255aabebf7736627f0d"", ""submodules/yss-harness-backend-agent/scripts/verify-openapi-json-handoff-scenarios"": ""d166ade395c46fbe795b6f86eb29a5de5e4ff5593ef44255aabebf7736627f0d"", ""submodules/yss-harness-design-agent/scripts/verify-openapi-json-handoff-scenarios"": ""d166ade395c46fbe795b6f86eb29a5de5e4ff5593ef44255aabebf7736627f0d"", ""submodules/yss-harness-dev-agent/scripts/verify-openapi-json-handoff-scenarios"": ""d166ade395c46fbe795b6f86eb29a5de5e4ff5593ef44255aabebf7736627f0d"", ""submodules/yss-harness-frontend-agent/scripts/verify-openapi-json-handoff-scenarios"": ""d166ade395c46fbe795b6f86eb29a5de5e4ff5593ef44255aabebf7736627f0d""}",[],,"[""submodules/create-yss-harness-dev/template/scripts/verify-openapi-json-handoff-scenarios"", ""submodules/create-yss-spec/template/scripts/verify-openapi-json-handoff-scenarios""]",1,1,logs/validation-after-recovery-0.stdout; runs.jsonl; final-refresh-results.json; distribution-results-corrected.json,采样维护入口调用频次、目录/输入规模后未取得应增加复杂度的独立热点证据；保留现实现。,V8 观察是维护夹具入口频次，非线上调用频率；未观察到的实现未作逐函数性能通过声明。输入尺度详见 report.md。
d1f2d6438eaf82a8674c4252d9907ee4f22ce76a802484aea268da32a64fcd14,.template-source/tooling/node/vendor-entry-yaml.mjs,False,True,2,2,static-no-confirmed-hotspot,,词法/路径分类，未证明性能正常,按真实调用频率与输入规模采样；有证据再扩大分析,unknown-unless-candidate-explicitly-establishes-source,library,"{""process_spawn"": false, ""tree_io"": false, ""network"": false, ""mutation"": false, ""sleep"": false, ""loop"": false}",manual-candidate-or-automatic-classification-not-function-level-proof,测量后保留,"["".template-source/tooling/node/vendor-entry-yaml.mjs"", ""submodules/yss-harness-design-agent/.template-source/tooling/node/vendor-entry-yaml.mjs""]","{"".template-source/tooling/node/vendor-entry-yaml.mjs"": ""本体脚本权威；通过本体 CLI manifest/sync-template 分发；入口由完整核验 profile 选择"", ""submodules/yss-harness-design-agent/.template-source/tooling/node/vendor-entry-yaml.mjs"": ""所属 Harness 持有 profile 变体；仅移植已核对的性能变更 → 所属 CLI sync-template""}","["".template-source/tooling/node/scripts/design-md.mjs"", ""submodules/yss-harness-design-agent/.template-source/tooling/node/scripts/design-md.mjs""]","{"".template-source/tooling/node/vendor-entry-yaml.mjs"": ""d1f2d6438eaf82a8674c4252d9907ee4f22ce76a802484aea268da32a64fcd14"", ""submodules/yss-harness-design-agent/.template-source/tooling/node/vendor-entry-yaml.mjs"": ""d1f2d6438eaf82a8674c4252d9907ee4f22ce76a802484aea268da32a64fcd14""}",[],,[],4,4,logs/validation-after-recovery-0.stdout; runs.jsonl; final-refresh-results.json; distribution-results-corrected.json,采样维护入口调用频次、目录/输入规模后未取得应增加复杂度的独立热点证据；保留现实现。,V8 观察是维护夹具入口频次，非线上调用频率；未观察到的实现未作逐函数性能通过声明。输入尺度详见 report.md。
d2819e54d576eb65238f6147df4941b7ea695555f262055f4c045eefdce8e249,submodules/yss-harness-design-agent/scripts/lib/lifecycle-transition.mjs,True,False,2,2,static-no-confirmed-hotspot,,词法/路径分类，未证明性能正常,按真实调用频率与输入规模采样；有证据再扩大分析,unknown-unless-candidate-explicitly-establishes-source,library,"{""process_spawn"": false, ""tree_io"": false, ""network"": false, ""mutation"": false, ""sleep"": false, ""loop"": true}",manual-candidate-or-automatic-classification-not-function-level-proof,测量后保留,"[""submodules/yss-harness-design-agent/scripts/lib/lifecycle-transition.mjs""]","{""submodules/yss-harness-design-agent/scripts/lib/lifecycle-transition.mjs"": ""所属 Harness 持有 profile 变体；仅移植已核对的性能变更 → 所属 CLI sync-template""}","[""submodules/create-yss-strategic-design/template/scripts/lib/harness-profile.mjs"", ""submodules/create-yss-strategic-design/template/scripts/lib/scenario-checks.mjs"", ""submodules/create-yss-strategic-design/template/scripts/lib/task-package.mjs"", ""submodules/create-yss-strategic-design/template/scripts/verify-lifecycle-transition-scenarios"", ""submodules/create-yss-strategic-design/template/scripts/verify-plan-spec-entry-scenarios"", ""submodules/yss-harness-design-agent/scripts/lib/harness-profile.mjs"", ""submodules/yss-harness-design-agent/scripts/lib/scenario-checks.mjs"", ""submodules/yss-harness-design-agent/scripts/lib/task-package.mjs"", ""submodules/yss-harness-design-agent/scripts/verify-lifecycle-transition-scenarios"", ""submodules/yss-harness-design-agent/scripts/verify-plan-spec-entry-scenarios""]","{""submodules/yss-harness-design-agent/scripts/lib/lifecycle-transition.mjs"": ""d2819e54d576eb65238f6147df4941b7ea695555f262055f4c045eefdce8e249""}",[],,"[""submodules/create-yss-strategic-design/template/scripts/lib/lifecycle-transition.mjs""]",0,0,logs/validation-after-recovery-0.stdout; runs.jsonl; final-refresh-results.json; distribution-results-corrected.json,采样维护入口调用频次、目录/输入规模后未取得应增加复杂度的独立热点证据；保留现实现。 未取得可绑定此 SHA 的 V8 加载样本；临时模块可能已随夹具清理，不能把缺少可绑定样本解释成线上零调用或性能正常。,V8 观察是维护夹具入口频次，非线上调用频率；未观察到的实现未作逐函数性能通过声明。输入尺度详见 report.md。
d28604c02a70f4d0a29b24ce65c13dbadf1df12a54ef61636115b73a7f774fe5,scripts/lib/skill-registry.mjs,True,False,2,2,static-no-confirmed-hotspot,,词法/路径分类，未证明性能正常,按真实调用频率与输入规模采样；有证据再扩大分析,unknown-unless-candidate-explicitly-establishes-source,library,"{""process_spawn"": false, ""tree_io"": false, ""network"": false, ""mutation"": false, ""sleep"": false, ""loop"": true}",manual-candidate-or-automatic-classification-not-function-level-proof,测量后保留,"[""scripts/lib/skill-registry.mjs""]","{""scripts/lib/skill-registry.mjs"": ""本体脚本权威；通过本体 CLI manifest/sync-template 分发；入口由完整核验 profile 选择""}","[""scripts/audit-yss-backend-skills"", ""scripts/generate-yss-skill-boundaries"", ""scripts/lib/backend-architecture.mjs"", ""scripts/lib/digital-human-roles.mjs"", ""scripts/lib/implementation-contract-compiler.mjs"", ""scripts/lib/lifecycle-context-query.mjs"", ""scripts/lib/skill-governance.mjs"", ""scripts/verify-digital-human-roles-scenarios"", ""scripts/verify-scaffold-architecture-decisions"", ""scripts/verify-skill-registry"", ""submodules/create-yss-spec/template/scripts/audit-yss-backend-skills"", ""submodules/create-yss-spec/template/scripts/generate-yss-skill-boundaries"", ""submodules/create-yss-spec/template/scripts/lib/backend-architecture.mjs"", ""submodules/create-yss-spec/template/scripts/lib/digital-human-roles.mjs"", ""submodules/create-yss-spec/template/scripts/lib/implementation-contract-compiler.mjs"", ""submodules/create-yss-spec/template/scripts/lib/lifecycle-context-query.mjs"", ""submodules/create-yss-spec/template/scripts/lib/skill-governance.mjs"", ""submodules/create-yss-spec/template/scripts/verify-digital-human-roles-scenarios"", ""submodules/create-yss-spec/template/scripts/verify-scaffold-architecture-decisions"", ""submodules/create-yss-spec/template/scripts/verify-skill-registry""]","{""scripts/lib/skill-registry.mjs"": ""d28604c02a70f4d0a29b24ce65c13dbadf1df12a54ef61636115b73a7f774fe5""}",[],,"[""submodules/create-yss-spec/template/scripts/lib/skill-registry.mjs""]",109,278674,logs/validation-after-recovery-0.stdout; runs.jsonl; final-refresh-results.json; distribution-results-corrected.json,采样维护入口调用频次、目录/输入规模后未取得应增加复杂度的独立热点证据；保留现实现。,V8 观察是维护夹具入口频次，非线上调用频率；未观察到的实现未作逐函数性能通过声明。输入尺度详见 report.md。
d34739075cc5d436ce671c1587189bdf2ddda1f419cfee0733ea2b6af222abfc,.agents/skills/yss-design-system/scripts/validate-frontmatter.test.mjs,True,False,7,36,fixture-test-only,,断言/回归入口；是否启动真实环境需沿callee区分,隔离执行对应测试，区分mock/真实构建/外部资源,unknown-unless-candidate-explicitly-establishes-source,test,"{""process_spawn"": false, ""tree_io"": false, ""network"": false, ""mutation"": false, ""sleep"": false, ""loop"": false}",manual-candidate-or-automatic-classification-not-function-level-proof,测量后保留,"["".agents/skills/yss-design-system/scripts/validate-frontmatter.test.mjs"", ""submodules/yss-harness-design-agent/.agents/skills/yss-design-system/scripts/validate-frontmatter.test.mjs"", ""submodules/yss-harness-dev-agent/.agents/skills/yss-design-system/scripts/validate-frontmatter.test.mjs"", ""submodules/yss-harness-frontend-agent/.agents/skills/yss-design-system/scripts/validate-frontmatter.test.mjs""]","{"".agents/skills/yss-design-system/scripts/validate-frontmatter.test.mjs"": ""所属仓 .agents/skills 权威目录 → update-skill-lock / sync-skills → 所属 CLI sync-template"", ""submodules/yss-harness-design-agent/.agents/skills/yss-design-system/scripts/validate-frontmatter.test.mjs"": ""所属仓 .agents/skills 权威目录 → update-skill-lock / sync-skills → 所属 CLI sync-template"", ""submodules/yss-harness-dev-agent/.agents/skills/yss-design-system/scripts/validate-frontmatter.test.mjs"": ""所属仓 .agents/skills 权威目录 → update-skill-lock / sync-skills → 所属 CLI sync-template"", ""submodules/yss-harness-frontend-agent/.agents/skills/yss-design-system/scripts/validate-frontmatter.test.mjs"": ""所属仓 .agents/skills 权威目录 → update-skill-lock / sync-skills → 所属 CLI sync-template""}",[],"{"".agents/skills/yss-design-system/scripts/validate-frontmatter.test.mjs"": ""d34739075cc5d436ce671c1587189bdf2ddda1f419cfee0733ea2b6af222abfc"", ""submodules/yss-harness-design-agent/.agents/skills/yss-design-system/scripts/validate-frontmatter.test.mjs"": ""d34739075cc5d436ce671c1587189bdf2ddda1f419cfee0733ea2b6af222abfc"", ""submodules/yss-harness-dev-agent/.agents/skills/yss-design-system/scripts/validate-frontmatter.test.mjs"": ""d34739075cc5d436ce671c1587189bdf2ddda1f419cfee0733ea2b6af222abfc"", ""submodules/yss-harness-frontend-agent/.agents/skills/yss-design-system/scripts/validate-frontmatter.test.mjs"": ""d34739075cc5d436ce671c1587189bdf2ddda1f419cfee0733ea2b6af222abfc""}",[],,"[""submodules/create-yss-harness-dev/template/.agents/skills/yss-design-system/scripts/validate-frontmatter.test.mjs"", ""submodules/create-yss-spec/template/.agents/skills/yss-design-system/scripts/validate-frontmatter.test.mjs"", ""submodules/create-yss-strategic-design/template/.agents/skills/yss-design-system/scripts/validate-frontmatter.test.mjs""]",0,0,logs/validation-after-recovery-0.stdout; runs.jsonl; final-refresh-results.json; distribution-results-corrected.json,采样维护入口调用频次、目录/输入规模后未取得应增加复杂度的独立热点证据；保留现实现。 未取得可绑定此 SHA 的 V8 加载样本；临时模块可能已随夹具清理，不能把缺少可绑定样本解释成线上零调用或性能正常。,V8 观察是维护夹具入口频次，非线上调用频率；未观察到的实现未作逐函数性能通过声明。输入尺度详见 report.md。
d45d01c0cc3aeff05ff58023d9120b306155f14f2875be9c57fe518e02a75d2f,scripts/lib/first-slice-architecture.mjs,True,False,6,6,static-no-confirmed-hotspot,,词法/路径分类，未证明性能正常,按真实调用频率与输入规模采样；有证据再扩大分析,unknown-unless-candidate-explicitly-establishes-source,library,"{""process_spawn"": false, ""tree_io"": false, ""network"": false, ""mutation"": false, ""sleep"": false, ""loop"": false}",manual-candidate-or-automatic-classification-not-function-level-proof,测量后保留,"[""scripts/lib/first-slice-architecture.mjs"", ""submodules/yss-harness-backend-agent/scripts/lib/first-slice-architecture.mjs"", ""submodules/yss-harness-dev-agent/scripts/lib/first-slice-architecture.mjs"", ""submodules/yss-harness-frontend-agent/scripts/lib/first-slice-architecture.mjs""]","{""scripts/lib/first-slice-architecture.mjs"": ""本体脚本权威；通过本体 CLI manifest/sync-template 分发；入口由完整核验 profile 选择"", ""submodules/yss-harness-backend-agent/scripts/lib/first-slice-architecture.mjs"": ""所属 Harness 持有 profile 变体；仅移植已核对的性能变更 → 所属 CLI sync-template"", ""submodules/yss-harness-dev-agent/scripts/lib/first-slice-architecture.mjs"": ""所属 Harness 持有 profile 变体；仅移植已核对的性能变更 → 所属 CLI sync-template"", ""submodules/yss-harness-frontend-agent/scripts/lib/first-slice-architecture.mjs"": ""所属 Harness 持有 profile 变体；仅移植已核对的性能变更 → 所属 CLI sync-template""}","["".agents/skills/yss-ddd-scaffold-generator/scripts/run_first_slice_verification.mjs"", ""submodules/create-yss-harness-dev/template/.agents/skills/yss-ddd-scaffold-generator/scripts/run_first_slice_verification.mjs"", ""submodules/create-yss-spec/template/.agents/skills/yss-ddd-scaffold-generator/scripts/run_first_slice_verification.mjs"", ""submodules/yss-harness-backend-agent/.agents/skills/yss-ddd-scaffold-generator/scripts/run_first_slice_verification.mjs"", ""submodules/yss-harness-dev-agent/.agents/skills/yss-ddd-scaffold-generator/scripts/run_first_slice_verification.mjs""]","{""scripts/lib/first-slice-architecture.mjs"": ""d45d01c0cc3aeff05ff58023d9120b306155f14f2875be9c57fe518e02a75d2f"", ""submodules/yss-harness-backend-agent/scripts/lib/first-slice-architecture.mjs"": ""d45d01c0cc3aeff05ff58023d9120b306155f14f2875be9c57fe518e02a75d2f"", ""submodules/yss-harness-dev-agent/scripts/lib/first-slice-architecture.mjs"": ""d45d01c0cc3aeff05ff58023d9120b306155f14f2875be9c57fe518e02a75d2f"", ""submodules/yss-harness-frontend-agent/scripts/lib/first-slice-architecture.mjs"": ""d45d01c0cc3aeff05ff58023d9120b306155f14f2875be9c57fe518e02a75d2f""}",[],,"[""submodules/create-yss-harness-dev/template/scripts/lib/first-slice-architecture.mjs"", ""submodules/create-yss-spec/template/scripts/lib/first-slice-architecture.mjs""]",0,0,logs/validation-after-recovery-0.stdout; runs.jsonl; final-refresh-results.json; distribution-results-corrected.json,采样维护入口调用频次、目录/输入规模后未取得应增加复杂度的独立热点证据；保留现实现。 未取得可绑定此 SHA 的 V8 加载样本；临时模块可能已随夹具清理，不能把缺少可绑定样本解释成线上零调用或性能正常。,V8 观察是维护夹具入口频次，非线上调用频率；未观察到的实现未作逐函数性能通过声明。输入尺度详见 report.md。
d47b083a8ec56c5173ba21cd41ab7c6bf96543e09ff333fe7f67de61ffe3565e,scripts/lib/skill-supply-chain.mjs,True,False,2,2,candidate,P04,直接引用源码已人工核对,见关联候选验证设计,unknown-unless-candidate-explicitly-establishes-source,library,"{""process_spawn"": true, ""tree_io"": true, ""network"": false, ""mutation"": true, ""sleep"": false, ""loop"": true}",manual-candidate-or-automatic-classification-not-function-level-proof,优化并验证,"[""scripts/lib/skill-supply-chain.mjs""]","{""scripts/lib/skill-supply-chain.mjs"": ""本体脚本权威；通过本体 CLI manifest/sync-template 分发；入口由完整核验 profile 选择""}","[""scripts/audit-yss-backend-skills"", ""scripts/generate-yss-skill-boundaries"", ""scripts/lib/implementation-contract-compiler.mjs"", ""scripts/lib/skill-governance.mjs"", ""scripts/lib/skill-registry.mjs"", ""scripts/sync-skills"", ""scripts/update-skill-lock"", ""scripts/verify-retired-skill-ids"", ""scripts/verify-upstream-skill-source"", ""submodules/create-yss-spec/template/scripts/audit-yss-backend-skills"", ""submodules/create-yss-spec/template/scripts/generate-yss-skill-boundaries"", ""submodules/create-yss-spec/template/scripts/lib/implementation-contract-compiler.mjs"", ""submodules/create-yss-spec/template/scripts/lib/skill-governance.mjs"", ""submodules/create-yss-spec/template/scripts/lib/skill-registry.mjs"", ""submodules/create-yss-spec/template/scripts/sync-skills"", ""submodules/create-yss-spec/template/scripts/update-skill-lock"", ""submodules/create-yss-spec/template/scripts/verify-retired-skill-ids"", ""submodules/create-yss-spec/template/scripts/verify-upstream-skill-source""]","{""scripts/lib/skill-supply-chain.mjs"": ""37a210737476a028d089b3d00f446df390d176e1e67f7bf3dee5259084792bcb""}","[""scripts/lib/skill-supply-chain.mjs""]",P04,"[""submodules/create-yss-spec/template/scripts/lib/skill-supply-chain.mjs""]",115,14275,logs/validation-after-recovery-0.stdout; runs.jsonl; final-refresh-results.json; distribution-results-corrected.json,权威实现或其受控 Harness 变体有本轮变更；验证以 Fresh Verification、相关场景和候选对照为依据，副本不冒充独立优化。,V8 观察是维护夹具入口频次，非线上调用频率；未观察到的实现未作逐函数性能通过声明。输入尺度详见 report.md。
d4d571d9e680e1b47ca89ddc7046f543be96965fb55e801b25b8dbe62b427b5a,submodules/yss-harness-frontend-agent/scripts/lib/openapi-wire-source.mjs,True,False,1,1,external-runtime-needs-input,,可能外部访问/更新入口，需具体参数与本地注入fixture,本轮不触发真实外部动作；区分cache/timeout与服务耗时,unknown-unless-candidate-explicitly-establishes-source,library,"{""process_spawn"": true, ""tree_io"": false, ""network"": true, ""mutation"": false, ""sleep"": false, ""loop"": false}",manual-candidate-or-automatic-classification-not-function-level-proof,外部环境待验证,"[""submodules/yss-harness-frontend-agent/scripts/lib/openapi-wire-source.mjs""]","{""submodules/yss-harness-frontend-agent/scripts/lib/openapi-wire-source.mjs"": ""所属 Harness 持有 profile 变体；仅移植已核对的性能变更 → 所属 CLI sync-template""}","[""submodules/yss-harness-frontend-agent/scripts/verify-yss-dto-openapi-profile""]","{""submodules/yss-harness-frontend-agent/scripts/lib/openapi-wire-source.mjs"": ""d4d571d9e680e1b47ca89ddc7046f543be96965fb55e801b25b8dbe62b427b5a""}",[],,[],0,0,logs/validation-after-recovery-0.stdout; runs.jsonl; final-refresh-results.json; distribution-results-corrected.json,本轮只执行维护夹具；真实依赖、实际工程、远端网络或显式 self-update 缺少已选真实环境，不把 mock 用时算作外部收益。,V8 观察是维护夹具入口频次，非线上调用频率；未观察到的实现未作逐函数性能通过声明。输入尺度详见 report.md。
d60339fe40bb00463e69cbf0d40f19f5457a463ace5c2925a7201d62a8bd0780,scripts/lib/task-package.mjs,True,False,2,2,static-no-confirmed-hotspot,,词法/路径分类，未证明性能正常,按真实调用频率与输入规模采样；有证据再扩大分析,unknown-unless-candidate-explicitly-establishes-source,library,"{""process_spawn"": false, ""tree_io"": false, ""network"": false, ""mutation"": false, ""sleep"": false, ""loop"": true}",manual-candidate-or-automatic-classification-not-function-level-proof,测量后保留,"[""scripts/lib/task-package.mjs""]","{""scripts/lib/task-package.mjs"": ""本体脚本权威；通过本体 CLI manifest/sync-template 分发；入口由完整核验 profile 选择""}","[""scripts/lib/maintenance-review-workflow.mjs"", ""scripts/verify-digital-human-task-package"", ""scripts/verify-maintenance-review-workflow-scenarios"", ""scripts/verify-subagent-task-package-scenarios"", ""submodules/create-yss-spec/template/scripts/lib/maintenance-review-workflow.mjs"", ""submodules/create-yss-spec/template/scripts/verify-digital-human-task-package"", ""submodules/create-yss-spec/template/scripts/verify-maintenance-review-workflow-scenarios"", ""submodules/create-yss-spec/template/scripts/verify-subagent-task-package-scenarios""]","{""scripts/lib/task-package.mjs"": ""d60339fe40bb00463e69cbf0d40f19f5457a463ace5c2925a7201d62a8bd0780""}",[],,"[""submodules/create-yss-spec/template/scripts/lib/task-package.mjs""]",9,4241,logs/validation-after-recovery-0.stdout; runs.jsonl; final-refresh-results.json; distribution-results-corrected.json,采样维护入口调用频次、目录/输入规模后未取得应增加复杂度的独立热点证据；保留现实现。,V8 观察是维护夹具入口频次，非线上调用频率；未观察到的实现未作逐函数性能通过声明。输入尺度详见 report.md。
d627bd76714dabe70afaea55ddb80b568449c9f0cc6a0e5eb542d4c373da05bf,scripts/verify-template-fast,True,False,8,9,wrapper-follow-callee,,短包装/重导出入口；主要成本落在callee,计入口启动开销并追踪实际callee，保留兼容入口,unknown-unless-candidate-explicitly-establishes-source,wrapper,"{""process_spawn"": false, ""tree_io"": false, ""network"": false, ""mutation"": false, ""sleep"": false, ""loop"": false}",manual-candidate-or-automatic-classification-not-function-level-proof,测量后保留,"[""scripts/verify-template-fast"", ""submodules/yss-harness-backend-agent/scripts/verify-template-fast"", ""submodules/yss-harness-design-agent/scripts/verify-template-fast"", ""submodules/yss-harness-dev-agent/scripts/verify-template-fast"", ""submodules/yss-harness-frontend-agent/scripts/verify-template-fast""]","{""scripts/verify-template-fast"": ""本体脚本权威；通过本体 CLI manifest/sync-template 分发；入口由完整核验 profile 选择"", ""submodules/yss-harness-backend-agent/scripts/verify-template-fast"": ""所属 Harness 持有 profile 变体；仅移植已核对的性能变更 → 所属 CLI sync-template"", ""submodules/yss-harness-design-agent/scripts/verify-template-fast"": ""所属 Harness 持有 profile 变体；仅移植已核对的性能变更 → 所属 CLI sync-template"", ""submodules/yss-harness-dev-agent/scripts/verify-template-fast"": ""所属 Harness 持有 profile 变体；仅移植已核对的性能变更 → 所属 CLI sync-template"", ""submodules/yss-harness-frontend-agent/scripts/verify-template-fast"": ""所属 Harness 持有 profile 变体；仅移植已核对的性能变更 → 所属 CLI sync-template""}",[],"{""scripts/verify-template-fast"": ""d627bd76714dabe70afaea55ddb80b568449c9f0cc6a0e5eb542d4c373da05bf"", ""submodules/yss-harness-backend-agent/scripts/verify-template-fast"": ""d627bd76714dabe70afaea55ddb80b568449c9f0cc6a0e5eb542d4c373da05bf"", ""submodules/yss-harness-design-agent/scripts/verify-template-fast"": ""d627bd76714dabe70afaea55ddb80b568449c9f0cc6a0e5eb542d4c373da05bf"", ""submodules/yss-harness-dev-agent/scripts/verify-template-fast"": ""d627bd76714dabe70afaea55ddb80b568449c9f0cc6a0e5eb542d4c373da05bf"", ""submodules/yss-harness-frontend-agent/scripts/verify-template-fast"": ""d627bd76714dabe70afaea55ddb80b568449c9f0cc6a0e5eb542d4c373da05bf""}",[],,"[""submodules/create-yss-harness-dev/template/scripts/verify-template-fast"", ""submodules/create-yss-spec/template/scripts/verify-template-fast"", ""submodules/create-yss-strategic-design/template/scripts/verify-template-fast""]",0,0,logs/validation-after-recovery-0.stdout; runs.jsonl; final-refresh-results.json; distribution-results-corrected.json,采样维护入口调用频次、目录/输入规模后未取得应增加复杂度的独立热点证据；保留现实现。 未取得可绑定此 SHA 的 V8 加载样本；临时模块可能已随夹具清理，不能把缺少可绑定样本解释成线上零调用或性能正常。,V8 观察是维护夹具入口频次，非线上调用频率；未观察到的实现未作逐函数性能通过声明。输入尺度详见 report.md。
d63e3d2272fb45c0faa52ba07c2ca3ce09cb4ab0ccabb2e821085c74ad6b4e48,.agents/skills/yss-antd-design/scripts/validate-frontmatter.mjs,True,False,7,33,static-no-confirmed-hotspot,,词法/路径分类，未证明性能正常,按真实调用频率与输入规模采样；有证据再扩大分析,unknown-unless-candidate-explicitly-establishes-source,cli,"{""process_spawn"": true, ""tree_io"": false, ""network"": false, ""mutation"": false, ""sleep"": false, ""loop"": true}",manual-candidate-or-automatic-classification-not-function-level-proof,测量后保留,"["".agents/skills/yss-antd-design/scripts/validate-frontmatter.mjs"", ""submodules/yss-harness-design-agent/.agents/skills/yss-antd-design/scripts/validate-frontmatter.mjs"", ""submodules/yss-harness-dev-agent/.agents/skills/yss-antd-design/scripts/validate-frontmatter.mjs"", ""submodules/yss-harness-frontend-agent/.agents/skills/yss-antd-design/scripts/validate-frontmatter.mjs""]","{"".agents/skills/yss-antd-design/scripts/validate-frontmatter.mjs"": ""所属仓 .agents/skills 权威目录 → update-skill-lock / sync-skills → 所属 CLI sync-template"", ""submodules/yss-harness-design-agent/.agents/skills/yss-antd-design/scripts/validate-frontmatter.mjs"": ""所属仓 .agents/skills 权威目录 → update-skill-lock / sync-skills → 所属 CLI sync-template"", ""submodules/yss-harness-dev-agent/.agents/skills/yss-antd-design/scripts/validate-frontmatter.mjs"": ""所属仓 .agents/skills 权威目录 → update-skill-lock / sync-skills → 所属 CLI sync-template"", ""submodules/yss-harness-frontend-agent/.agents/skills/yss-antd-design/scripts/validate-frontmatter.mjs"": ""所属仓 .agents/skills 权威目录 → update-skill-lock / sync-skills → 所属 CLI sync-template""}","["".agents/skills/yss-antd-design/scripts/validate-frontmatter.test.mjs"", ""submodules/create-yss-harness-dev/template/.agents/skills/yss-antd-design/scripts/validate-frontmatter.test.mjs"", ""submodules/create-yss-spec/template/.agents/skills/yss-antd-design/scripts/validate-frontmatter.test.mjs"", ""submodules/create-yss-strategic-design/template/.agents/skills/yss-antd-design/scripts/validate-frontmatter.test.mjs"", ""submodules/yss-harness-design-agent/.agents/skills/yss-antd-design/scripts/validate-frontmatter.test.mjs"", ""submodules/yss-harness-dev-agent/.agents/skills/yss-antd-design/scripts/validate-frontmatter.test.mjs"", ""submodules/yss-harness-frontend-agent/.agents/skills/yss-antd-design/scripts/validate-frontmatter.test.mjs""]","{"".agents/skills/yss-antd-design/scripts/validate-frontmatter.mjs"": ""d63e3d2272fb45c0faa52ba07c2ca3ce09cb4ab0ccabb2e821085c74ad6b4e48"", ""submodules/yss-harness-design-agent/.agents/skills/yss-antd-design/scripts/validate-frontmatter.mjs"": ""d63e3d2272fb45c0faa52ba07c2ca3ce09cb4ab0ccabb2e821085c74ad6b4e48"", ""submodules/yss-harness-dev-agent/.agents/skills/yss-antd-design/scripts/validate-frontmatter.mjs"": ""d63e3d2272fb45c0faa52ba07c2ca3ce09cb4ab0ccabb2e821085c74ad6b4e48"", ""submodules/yss-harness-frontend-agent/.agents/skills/yss-antd-design/scripts/validate-frontmatter.mjs"": ""d63e3d2272fb45c0faa52ba07c2ca3ce09cb4ab0ccabb2e821085c74ad6b4e48""}",[],,"[""submodules/create-yss-harness-dev/template/.agents/skills/yss-antd-design/scripts/validate-frontmatter.mjs"", ""submodules/create-yss-spec/template/.agents/skills/yss-antd-design/scripts/validate-frontmatter.mjs"", ""submodules/create-yss-strategic-design/template/.agents/skills/yss-antd-design/scripts/validate-frontmatter.mjs""]",0,0,logs/validation-after-recovery-0.stdout; runs.jsonl; final-refresh-results.json; distribution-results-corrected.json,采样维护入口调用频次、目录/输入规模后未取得应增加复杂度的独立热点证据；保留现实现。 未取得可绑定此 SHA 的 V8 加载样本；临时模块可能已随夹具清理，不能把缺少可绑定样本解释成线上零调用或性能正常。,V8 观察是维护夹具入口频次，非线上调用频率；未观察到的实现未作逐函数性能通过声明。输入尺度详见 report.md。
d7bb72644eb9a5eebeddad4c7b7741e9cb99c823f3c1eafffb83f9ec5371f880,scripts/generate-yss-skill-boundaries,True,False,6,6,static-no-confirmed-hotspot,,词法/路径分类，未证明性能正常,按真实调用频率与输入规模采样；有证据再扩大分析,unknown-unless-candidate-explicitly-establishes-source,cli,"{""process_spawn"": false, ""tree_io"": false, ""network"": false, ""mutation"": true, ""sleep"": false, ""loop"": false}",manual-candidate-or-automatic-classification-not-function-level-proof,测量后保留,"[""scripts/generate-yss-skill-boundaries"", ""submodules/yss-harness-backend-agent/scripts/generate-yss-skill-boundaries"", ""submodules/yss-harness-dev-agent/scripts/generate-yss-skill-boundaries"", ""submodules/yss-harness-frontend-agent/scripts/generate-yss-skill-boundaries""]","{""scripts/generate-yss-skill-boundaries"": ""本体脚本权威；通过本体 CLI manifest/sync-template 分发；入口由完整核验 profile 选择"", ""submodules/yss-harness-backend-agent/scripts/generate-yss-skill-boundaries"": ""所属 Harness 持有 profile 变体；仅移植已核对的性能变更 → 所属 CLI sync-template"", ""submodules/yss-harness-dev-agent/scripts/generate-yss-skill-boundaries"": ""所属 Harness 持有 profile 变体；仅移植已核对的性能变更 → 所属 CLI sync-template"", ""submodules/yss-harness-frontend-agent/scripts/generate-yss-skill-boundaries"": ""所属 Harness 持有 profile 变体；仅移植已核对的性能变更 → 所属 CLI sync-template""}","[""scripts/generate-yss-skill-boundaries"", ""scripts/verify-template-verification-scenarios"", ""submodules/create-yss-harness-dev/template/scripts/generate-yss-skill-boundaries"", ""submodules/create-yss-harness-dev/template/scripts/verify-template-verification-scenarios"", ""submodules/create-yss-spec/template/scripts/generate-yss-skill-boundaries"", ""submodules/create-yss-spec/template/scripts/verify-template-verification-scenarios"", ""submodules/yss-harness-backend-agent/scripts/generate-yss-skill-boundaries"", ""submodules/yss-harness-backend-agent/scripts/verify-template-verification-scenarios"", ""submodules/yss-harness-dev-agent/scripts/generate-yss-skill-boundaries"", ""submodules/yss-harness-dev-agent/scripts/verify-template-verification-scenarios"", ""submodules/yss-harness-frontend-agent/scripts/generate-yss-skill-boundaries"", ""submodules/yss-harness-frontend-agent/scripts/verify-template-verification-scenarios""]","{""scripts/generate-yss-skill-boundaries"": ""d7bb72644eb9a5eebeddad4c7b7741e9cb99c823f3c1eafffb83f9ec5371f880"", ""submodules/yss-harness-backend-agent/scripts/generate-yss-skill-boundaries"": ""d7bb72644eb9a5eebeddad4c7b7741e9cb99c823f3c1eafffb83f9ec5371f880"", ""submodules/yss-harness-dev-agent/scripts/generate-yss-skill-boundaries"": ""d7bb72644eb9a5eebeddad4c7b7741e9cb99c823f3c1eafffb83f9ec5371f880"", ""submodules/yss-harness-frontend-agent/scripts/generate-yss-skill-boundaries"": ""d7bb72644eb9a5eebeddad4c7b7741e9cb99c823f3c1eafffb83f9ec5371f880""}",[],,"[""submodules/create-yss-harness-dev/template/scripts/generate-yss-skill-boundaries"", ""submodules/create-yss-spec/template/scripts/generate-yss-skill-boundaries""]",1,360,logs/validation-after-recovery-0.stdout; runs.jsonl; final-refresh-results.json; distribution-results-corrected.json,采样维护入口调用频次、目录/输入规模后未取得应增加复杂度的独立热点证据；保留现实现。,V8 观察是维护夹具入口频次，非线上调用频率；未观察到的实现未作逐函数性能通过声明。输入尺度详见 report.md。
d9c0d687dd00194476eba96db6d2ec8b35339f612242f0e99a49a68cd775b856,.agents/skills/yss-ddd-scaffold-generator/scripts/generate_scaffold.mjs,True,False,2,9,candidate-caller,"P01,P09",命中候选函数/调用链；可能含字符串/注释，非独立瓶颈证明,沿实际调用链归因，见候选设计；不要据regex删除检查,unknown-unless-candidate-explicitly-establishes-source,cli,"{""process_spawn"": false, ""tree_io"": true, ""network"": false, ""mutation"": true, ""sleep"": false, ""loop"": true}",manual-candidate-or-automatic-classification-not-function-level-proof,测量后保留,"["".agents/skills/yss-ddd-scaffold-generator/scripts/generate_scaffold.mjs""]","{"".agents/skills/yss-ddd-scaffold-generator/scripts/generate_scaffold.mjs"": ""所属仓 .agents/skills 权威目录 → update-skill-lock / sync-skills → 所属 CLI sync-template""}","[""scripts/lib/scenario-checks.mjs"", ""scripts/verify-repository-scope-scenarios"", ""submodules/create-yss-spec/template/scripts/lib/scenario-checks.mjs"", ""submodules/create-yss-spec/template/scripts/verify-repository-scope-scenarios""]","{"".agents/skills/yss-ddd-scaffold-generator/scripts/generate_scaffold.mjs"": ""d9c0d687dd00194476eba96db6d2ec8b35339f612242f0e99a49a68cd775b856""}",[],P01;P09,"[""submodules/create-yss-spec/template/.agents/skills/yss-ddd-scaffold-generator/scripts/generate_scaffold.mjs""]",25,4412,logs/validation-after-recovery-0.stdout; runs.jsonl; final-refresh-results.json; distribution-results-corrected.json,采样维护入口调用频次、目录/输入规模后未取得应增加复杂度的独立热点证据；保留现实现。,V8 观察是维护夹具入口频次，非线上调用频率；未观察到的实现未作逐函数性能通过声明。输入尺度详见 report.md。
dab8d6fadb66bb0702cabba10b0183c15a5ffa911bd346820797f5239a3dc931,scripts/lib/scenario-checks.mjs,True,False,2,2,fixture-test-only,,测试检查/合成Git仓工具，按实际回归场景测量，不独立产品基准,只读源码抽样核对；隔离真实输入计时；若关联候选则采用其验证设计,unknown-unless-candidate-explicitly-establishes-source,library,"{""process_spawn"": true, ""tree_io"": true, ""network"": false, ""mutation"": true, ""sleep"": false, ""loop"": true}",manual-candidate-or-automatic-classification-not-function-level-proof,测量后保留,"[""scripts/lib/scenario-checks.mjs""]","{""scripts/lib/scenario-checks.mjs"": ""本体脚本权威；通过本体 CLI manifest/sync-template 分发；入口由完整核验 profile 选择""}","[""scripts/verify-lifecycle-scenarios"", ""scripts/verify-matt-yss-integration-scenarios"", ""scripts/verify-openapi-json-handoff-scenarios"", ""scripts/verify-openapi-yaml-first-scenarios"", ""scripts/verify-prototype-backend-scaffold-scenarios"", ""scripts/verify-yss-dto-openapi-scenarios"", ""scripts/verify-yss-implementation-contract-compiler-scenarios"", ""submodules/create-yss-spec/template/scripts/verify-lifecycle-scenarios"", ""submodules/create-yss-spec/template/scripts/verify-matt-yss-integration-scenarios"", ""submodules/create-yss-spec/template/scripts/verify-openapi-json-handoff-scenarios"", ""submodules/create-yss-spec/template/scripts/verify-openapi-yaml-first-scenarios"", ""submodules/create-yss-spec/template/scripts/verify-prototype-backend-scaffold-scenarios"", ""submodules/create-yss-spec/template/scripts/verify-yss-dto-openapi-scenarios"", ""submodules/create-yss-spec/template/scripts/verify-yss-implementation-contract-compiler-scenarios""]","{""scripts/lib/scenario-checks.mjs"": ""dab8d6fadb66bb0702cabba10b0183c15a5ffa911bd346820797f5239a3dc931""}",[],,"[""submodules/create-yss-spec/template/scripts/lib/scenario-checks.mjs""]",7,1782,logs/validation-after-recovery-0.stdout; runs.jsonl; final-refresh-results.json; distribution-results-corrected.json,采样维护入口调用频次、目录/输入规模后未取得应增加复杂度的独立热点证据；保留现实现。,V8 观察是维护夹具入口频次，非线上调用频率；未观察到的实现未作逐函数性能通过声明。输入尺度详见 report.md。
dbbb11d92749c069ad6802956acdedb8f645e2e3d4f157ca861fa5d2d1b77449,submodules/yss-harness-dev-agent/.agents/skills/yss-prototype-stage/scripts/prototype-contract.mjs,True,False,5,17,static-no-confirmed-hotspot,,词法/路径分类，未证明性能正常,按真实调用频率与输入规模采样；有证据再扩大分析,unknown-unless-candidate-explicitly-establishes-source,cli,"{""process_spawn"": false, ""tree_io"": true, ""network"": false, ""mutation"": true, ""sleep"": false, ""loop"": true}",manual-candidate-or-automatic-classification-not-function-level-proof,测量后保留,"[""submodules/yss-harness-design-agent/.agents/skills/yss-prototype-stage/scripts/prototype-contract.mjs"", ""submodules/yss-harness-dev-agent/.agents/skills/yss-prototype-stage/scripts/prototype-contract.mjs"", ""submodules/yss-harness-frontend-agent/.agents/skills/yss-prototype-stage/scripts/prototype-contract.mjs""]","{""submodules/yss-harness-design-agent/.agents/skills/yss-prototype-stage/scripts/prototype-contract.mjs"": ""所属仓 .agents/skills 权威目录 → update-skill-lock / sync-skills → 所属 CLI sync-template"", ""submodules/yss-harness-dev-agent/.agents/skills/yss-prototype-stage/scripts/prototype-contract.mjs"": ""所属仓 .agents/skills 权威目录 → update-skill-lock / sync-skills → 所属 CLI sync-template"", ""submodules/yss-harness-frontend-agent/.agents/skills/yss-prototype-stage/scripts/prototype-contract.mjs"": ""所属仓 .agents/skills 权威目录 → update-skill-lock / sync-skills → 所属 CLI sync-template""}","[""submodules/create-yss-strategic-design/template/scripts/lib/skill-governance.mjs"", ""submodules/yss-harness-design-agent/scripts/lib/skill-governance.mjs""]","{""submodules/yss-harness-design-agent/.agents/skills/yss-prototype-stage/scripts/prototype-contract.mjs"": ""dbbb11d92749c069ad6802956acdedb8f645e2e3d4f157ca861fa5d2d1b77449"", ""submodules/yss-harness-dev-agent/.agents/skills/yss-prototype-stage/scripts/prototype-contract.mjs"": ""dbbb11d92749c069ad6802956acdedb8f645e2e3d4f157ca861fa5d2d1b77449"", ""submodules/yss-harness-frontend-agent/.agents/skills/yss-prototype-stage/scripts/prototype-contract.mjs"": ""dbbb11d92749c069ad6802956acdedb8f645e2e3d4f157ca861fa5d2d1b77449""}",[],,"[""submodules/create-yss-harness-dev/template/.agents/skills/yss-prototype-stage/scripts/prototype-contract.mjs"", ""submodules/create-yss-strategic-design/template/.agents/skills/yss-prototype-stage/scripts/prototype-contract.mjs""]",0,0,logs/validation-after-recovery-0.stdout; runs.jsonl; final-refresh-results.json; distribution-results-corrected.json,采样维护入口调用频次、目录/输入规模后未取得应增加复杂度的独立热点证据；保留现实现。 未取得可绑定此 SHA 的 V8 加载样本；临时模块可能已随夹具清理，不能把缺少可绑定样本解释成线上零调用或性能正常。,V8 观察是维护夹具入口频次，非线上调用频率；未观察到的实现未作逐函数性能通过声明。输入尺度详见 report.md。
dbecc9cd42f6e6a17a232021b2be22d023908e4d9fef3c6879137ce01f40f7eb,.agents/skills/yss-layered-mvc-scaffold-generator/scripts/generate_scaffold.mjs,True,False,2,8,candidate-caller,"P01,P09",命中候选函数/调用链；可能含字符串/注释，非独立瓶颈证明,沿实际调用链归因，见候选设计；不要据regex删除检查,unknown-unless-candidate-explicitly-establishes-source,cli,"{""process_spawn"": false, ""tree_io"": true, ""network"": true, ""mutation"": true, ""sleep"": false, ""loop"": true}",manual-candidate-or-automatic-classification-not-function-level-proof,测量后保留,"["".agents/skills/yss-layered-mvc-scaffold-generator/scripts/generate_scaffold.mjs""]","{"".agents/skills/yss-layered-mvc-scaffold-generator/scripts/generate_scaffold.mjs"": ""所属仓 .agents/skills 权威目录 → update-skill-lock / sync-skills → 所属 CLI sync-template""}","["".agents/skills/yss-mvc-data-analysis-project-initializer/scripts/generate_project.mjs"", ""submodules/create-yss-spec/template/.agents/skills/yss-mvc-data-analysis-project-initializer/scripts/generate_project.mjs""]","{"".agents/skills/yss-layered-mvc-scaffold-generator/scripts/generate_scaffold.mjs"": ""dbecc9cd42f6e6a17a232021b2be22d023908e4d9fef3c6879137ce01f40f7eb""}",[],P01;P09,"[""submodules/create-yss-spec/template/.agents/skills/yss-layered-mvc-scaffold-generator/scripts/generate_scaffold.mjs""]",13,4895,logs/validation-after-recovery-0.stdout; runs.jsonl; final-refresh-results.json; distribution-results-corrected.json,采样维护入口调用频次、目录/输入规模后未取得应增加复杂度的独立热点证据；保留现实现。,V8 观察是维护夹具入口频次，非线上调用频率；未观察到的实现未作逐函数性能通过声明。输入尺度详见 report.md。
df2a4c298916d29c5bc71ff35dd5174d36b63057974f9f97516e6df08a0c230d,submodules/create-yss-harness-backend/scripts/verify-bundle.mjs,True,False,2,2,wrapper-follow-callee,,短包装/重导出入口；主要成本落在callee,计入口启动开销并追踪实际callee，保留兼容入口,unknown-unless-candidate-explicitly-establishes-source,wrapper,"{""process_spawn"": false, ""tree_io"": false, ""network"": false, ""mutation"": false, ""sleep"": false, ""loop"": false}",manual-candidate-or-automatic-classification-not-function-level-proof,测量后保留,"[""submodules/create-yss-harness-backend/scripts/verify-bundle.mjs"", ""submodules/create-yss-harness-frontend/scripts/verify-bundle.mjs""]","{""submodules/create-yss-harness-backend/scripts/verify-bundle.mjs"": ""所属 CLI 自有源码；test:unit / test:prepared / sync-template；不以同名合并来源"", ""submodules/create-yss-harness-frontend/scripts/verify-bundle.mjs"": ""所属 CLI 自有源码；test:unit / test:prepared / sync-template；不以同名合并来源""}",[],"{""submodules/create-yss-harness-backend/scripts/verify-bundle.mjs"": ""df2a4c298916d29c5bc71ff35dd5174d36b63057974f9f97516e6df08a0c230d"", ""submodules/create-yss-harness-frontend/scripts/verify-bundle.mjs"": ""df2a4c298916d29c5bc71ff35dd5174d36b63057974f9f97516e6df08a0c230d""}",[],,[],0,0,logs/validation-after-recovery-0.stdout; runs.jsonl; final-refresh-results.json; distribution-results-corrected.json,采样维护入口调用频次、目录/输入规模后未取得应增加复杂度的独立热点证据；保留现实现。 未取得可绑定此 SHA 的 V8 加载样本；临时模块可能已随夹具清理，不能把缺少可绑定样本解释成线上零调用或性能正常。,V8 观察是维护夹具入口频次，非线上调用频率；未观察到的实现未作逐函数性能通过声明。输入尺度详见 report.md。
e15d4edee0f79302715eab4dabe9082702890ded809e4cbf965374c387cde6b5,scripts/verify-plan-spec-entry,True,False,4,4,wrapper-follow-callee,,短包装/重导出入口；主要成本落在callee,计入口启动开销并追踪实际callee，保留兼容入口,unknown-unless-candidate-explicitly-establishes-source,wrapper,"{""process_spawn"": false, ""tree_io"": false, ""network"": false, ""mutation"": false, ""sleep"": false, ""loop"": false}",manual-candidate-or-automatic-classification-not-function-level-proof,测量后保留,"[""scripts/verify-plan-spec-entry"", ""submodules/yss-harness-design-agent/scripts/verify-plan-spec-entry""]","{""scripts/verify-plan-spec-entry"": ""本体脚本权威；通过本体 CLI manifest/sync-template 分发；入口由完整核验 profile 选择"", ""submodules/yss-harness-design-agent/scripts/verify-plan-spec-entry"": ""所属 Harness 持有 profile 变体；仅移植已核对的性能变更 → 所属 CLI sync-template""}","[""scripts/verify-plan-spec-entry"", ""submodules/create-yss-spec/template/scripts/verify-plan-spec-entry"", ""submodules/create-yss-strategic-design/template/scripts/verify-plan-spec-entry"", ""submodules/yss-harness-design-agent/scripts/verify-plan-spec-entry""]","{""scripts/verify-plan-spec-entry"": ""e15d4edee0f79302715eab4dabe9082702890ded809e4cbf965374c387cde6b5"", ""submodules/yss-harness-design-agent/scripts/verify-plan-spec-entry"": ""e15d4edee0f79302715eab4dabe9082702890ded809e4cbf965374c387cde6b5""}",[],,"[""submodules/create-yss-spec/template/scripts/verify-plan-spec-entry"", ""submodules/create-yss-strategic-design/template/scripts/verify-plan-spec-entry""]",0,0,logs/validation-after-recovery-0.stdout; runs.jsonl; final-refresh-results.json; distribution-results-corrected.json,采样维护入口调用频次、目录/输入规模后未取得应增加复杂度的独立热点证据；保留现实现。 未取得可绑定此 SHA 的 V8 加载样本；临时模块可能已随夹具清理，不能把缺少可绑定样本解释成线上零调用或性能正常。,V8 观察是维护夹具入口频次，非线上调用频率；未观察到的实现未作逐函数性能通过声明。输入尺度详见 report.md。
e1c499523283d992621a9e84764e2e3d1d3a85edb065e27242680a83b9a12201,submodules/yss-harness-dev-agent/scripts/verify-lifecycle-checkpoint,True,False,4,5,candidate-caller,P01,命中候选函数/调用链；可能含字符串/注释，非独立瓶颈证明,沿实际调用链归因，见候选设计；不要据regex删除检查,unknown-unless-candidate-explicitly-establishes-source,cli,"{""process_spawn"": true, ""tree_io"": false, ""network"": false, ""mutation"": false, ""sleep"": false, ""loop"": true}",manual-candidate-or-automatic-classification-not-function-level-proof,测量后保留,"[""submodules/yss-harness-backend-agent/scripts/verify-lifecycle-checkpoint"", ""submodules/yss-harness-dev-agent/scripts/verify-lifecycle-checkpoint"", ""submodules/yss-harness-frontend-agent/scripts/verify-lifecycle-checkpoint""]","{""submodules/yss-harness-backend-agent/scripts/verify-lifecycle-checkpoint"": ""所属 Harness 持有 profile 变体；仅移植已核对的性能变更 → 所属 CLI sync-template"", ""submodules/yss-harness-dev-agent/scripts/verify-lifecycle-checkpoint"": ""所属 Harness 持有 profile 变体；仅移植已核对的性能变更 → 所属 CLI sync-template"", ""submodules/yss-harness-frontend-agent/scripts/verify-lifecycle-checkpoint"": ""所属 Harness 持有 profile 变体；仅移植已核对的性能变更 → 所属 CLI sync-template""}","[""submodules/create-yss-harness-dev/template/scripts/verify-lifecycle-checkpoint"", ""submodules/create-yss-harness-dev/template/scripts/verify-template-verification-scenarios"", ""submodules/yss-harness-backend-agent/scripts/verify-lifecycle-checkpoint"", ""submodules/yss-harness-backend-agent/scripts/verify-template-verification-scenarios"", ""submodules/yss-harness-dev-agent/scripts/verify-lifecycle-checkpoint"", ""submodules/yss-harness-dev-agent/scripts/verify-template-verification-scenarios"", ""submodules/yss-harness-frontend-agent/scripts/verify-lifecycle-checkpoint"", ""submodules/yss-harness-frontend-agent/scripts/verify-template-verification-scenarios""]","{""submodules/yss-harness-backend-agent/scripts/verify-lifecycle-checkpoint"": ""e1c499523283d992621a9e84764e2e3d1d3a85edb065e27242680a83b9a12201"", ""submodules/yss-harness-dev-agent/scripts/verify-lifecycle-checkpoint"": ""e1c499523283d992621a9e84764e2e3d1d3a85edb065e27242680a83b9a12201"", ""submodules/yss-harness-frontend-agent/scripts/verify-lifecycle-checkpoint"": ""e1c499523283d992621a9e84764e2e3d1d3a85edb065e27242680a83b9a12201""}",[],P01,"[""submodules/create-yss-harness-dev/template/scripts/verify-lifecycle-checkpoint""]",0,0,logs/validation-after-recovery-0.stdout; runs.jsonl; final-refresh-results.json; distribution-results-corrected.json,采样维护入口调用频次、目录/输入规模后未取得应增加复杂度的独立热点证据；保留现实现。 未取得可绑定此 SHA 的 V8 加载样本；临时模块可能已随夹具清理，不能把缺少可绑定样本解释成线上零调用或性能正常。,V8 观察是维护夹具入口频次，非线上调用频率；未观察到的实现未作逐函数性能通过声明。输入尺度详见 report.md。
e1c5bcc4075048dcecb6aa2e4c29c30b69ba9799cac712ab03de4d599a133a5a,.template-source/scripts/verify-cli-upgrade.mjs,True,False,1,1,candidate-caller,P04,命中候选函数/调用链；可能含字符串/注释，非独立瓶颈证明,沿实际调用链归因，见候选设计；不要据regex删除检查,unknown-unless-candidate-explicitly-establishes-source,cli,"{""process_spawn"": true, ""tree_io"": true, ""network"": false, ""mutation"": true, ""sleep"": false, ""loop"": true}",manual-candidate-or-automatic-classification-not-function-level-proof,测量后保留,"["".template-source/scripts/verify-cli-upgrade.mjs""]","{"".template-source/scripts/verify-cli-upgrade.mjs"": ""本体脚本权威；通过本体 CLI manifest/sync-template 分发；入口由完整核验 profile 选择""}",[],"{"".template-source/scripts/verify-cli-upgrade.mjs"": ""e1c5bcc4075048dcecb6aa2e4c29c30b69ba9799cac712ab03de4d599a133a5a""}",[],P04,[],0,0,logs/validation-after-recovery-0.stdout; runs.jsonl; final-refresh-results.json; distribution-results-corrected.json,采样维护入口调用频次、目录/输入规模后未取得应增加复杂度的独立热点证据；保留现实现。 未取得可绑定此 SHA 的 V8 加载样本；临时模块可能已随夹具清理，不能把缺少可绑定样本解释成线上零调用或性能正常。,V8 观察是维护夹具入口频次，非线上调用频率；未观察到的实现未作逐函数性能通过声明。输入尺度详见 report.md。
e2856faf2b6aacdf68472540521c20a56a8aa519812d2ed12a5b996f37be4464,submodules/yss-harness-backend-agent/scripts/fixtures/strategic-handoff/fixture.mjs,True,False,1,1,fixture-test-only,,测试数据/服务/生成fixture，非普通产品流转入口,随调用它的场景测fixture准备/清理；不当独立业务基准,unknown-unless-candidate-explicitly-establishes-source,fixture,"{""process_spawn"": false, ""tree_io"": true, ""network"": false, ""mutation"": true, ""sleep"": false, ""loop"": true}",manual-candidate-or-automatic-classification-not-function-level-proof,分发副本,[],"{""submodules/yss-harness-backend-agent/scripts/fixtures/strategic-handoff/fixture.mjs"": ""本体 scripts/fixtures/strategic-handoff/fixture.mjs → sync-strategic-handoff-tools → 所属 Harness（backend wire import 适配）→ CLI""}","[""submodules/yss-harness-backend-agent/scripts/verify-frontend-delivery-scenarios"", ""submodules/yss-harness-backend-agent/scripts/verify-strategic-handoff-package-scenarios""]",{},[],,"[""submodules/yss-harness-backend-agent/scripts/fixtures/strategic-handoff/fixture.mjs""]",0,0,logs/validation-after-recovery-0.stdout; runs.jsonl; final-refresh-results.json; distribution-results-corrected.json,保留锁定或 vendor 内容；临时分发生成/消费已核验，正式分发锁未更新。第三方 bundle 未手改。,V8 观察是维护夹具入口频次，非线上调用频率；未观察到的实现未作逐函数性能通过声明。输入尺度详见 report.md。
e3590656ee15a107ab383a20e08a6e6e1b774d4dbc3d19aee159e8ed9329c6f7,.template-source/cli-core/bundle.mjs,False,True,3,3,candidate,P08,直接引用源码已人工核对,见关联候选验证设计,unknown-unless-candidate-explicitly-establishes-source,library,"{""process_spawn"": false, ""tree_io"": false, ""network"": false, ""mutation"": false, ""sleep"": false, ""loop"": true}",manual-candidate-or-automatic-classification-not-function-level-proof,优化并验证,"["".template-source/cli-core/bundle.mjs""]","{"".template-source/cli-core/bundle.mjs"": ""本体 canonical core → sync-core → 专职 CLI vendor（临时仓已验证，正式锁待提交）""}","["".template-source/cli-core/build.mjs"", "".template-source/cli-core/cli.mjs"", "".template-source/cli-core/engine.mjs"", "".template-source/cli-core/identity.mjs"", ""submodules/create-yss-harness-backend/scripts/verify-bundle.mjs"", ""submodules/create-yss-harness-backend/vendor/cli-core/build.mjs"", ""submodules/create-yss-harness-backend/vendor/cli-core/cli.mjs"", ""submodules/create-yss-harness-backend/vendor/cli-core/engine.mjs"", ""submodules/create-yss-harness-backend/vendor/cli-core/identity.mjs"", ""submodules/create-yss-harness-frontend/scripts/verify-bundle.mjs"", ""submodules/create-yss-harness-frontend/vendor/cli-core/build.mjs"", ""submodules/create-yss-harness-frontend/vendor/cli-core/cli.mjs"", ""submodules/create-yss-harness-frontend/vendor/cli-core/engine.mjs"", ""submodules/create-yss-harness-frontend/vendor/cli-core/identity.mjs""]","{"".template-source/cli-core/bundle.mjs"": ""0d8cf55ff78b3f58df6e7215753eb49c0d8907fa38f797cd8258fc5df6c6e3cc""}","["".template-source/cli-core/bundle.mjs""]",P08,"[""submodules/create-yss-harness-backend/vendor/cli-core/bundle.mjs"", ""submodules/create-yss-harness-frontend/vendor/cli-core/bundle.mjs""]",157,1008,logs/validation-after-recovery-0.stdout; runs.jsonl; final-refresh-results.json; distribution-results-corrected.json,权威实现或其受控 Harness 变体有本轮变更；验证以 Fresh Verification、相关场景和候选对照为依据，副本不冒充独立优化。,V8 观察是维护夹具入口频次，非线上调用频率；未观察到的实现未作逐函数性能通过声明。输入尺度详见 report.md。
e44a87e62ca84e26a03765dd285d0e06dfce932535e34de6ff0f26184a9967bd,submodules/yss-harness-frontend-agent/scripts/verify-template-verification-scenarios,True,False,1,1,fixture-test-only,,断言/回归入口；是否启动真实环境需沿callee区分,隔离执行对应测试，区分mock/真实构建/外部资源,unknown-unless-candidate-explicitly-establishes-source,cli,"{""process_spawn"": false, ""tree_io"": false, ""network"": false, ""mutation"": false, ""sleep"": false, ""loop"": false}",manual-candidate-or-automatic-classification-not-function-level-proof,测量后保留,"[""submodules/yss-harness-frontend-agent/scripts/verify-template-verification-scenarios""]","{""submodules/yss-harness-frontend-agent/scripts/verify-template-verification-scenarios"": ""所属 Harness 持有 profile 变体；仅移植已核对的性能变更 → 所属 CLI sync-template""}","[""submodules/yss-harness-frontend-agent/scripts/verify-template-verification-scenarios""]","{""submodules/yss-harness-frontend-agent/scripts/verify-template-verification-scenarios"": ""e44a87e62ca84e26a03765dd285d0e06dfce932535e34de6ff0f26184a9967bd""}",[],,[],0,0,logs/validation-after-recovery-0.stdout; runs.jsonl; final-refresh-results.json; distribution-results-corrected.json,采样维护入口调用频次、目录/输入规模后未取得应增加复杂度的独立热点证据；保留现实现。 未取得可绑定此 SHA 的 V8 加载样本；临时模块可能已随夹具清理，不能把缺少可绑定样本解释成线上零调用或性能正常。,V8 观察是维护夹具入口频次，非线上调用频率；未观察到的实现未作逐函数性能通过声明。输入尺度详见 report.md。
e5d803983d32a4919251f06121f8acf5d6a5ef8a9a506ebdd8095e97d18e552c,submodules/yss-harness-dev-agent/scripts/verify-entry-alignment,True,False,4,4,static-no-confirmed-hotspot,,词法/路径分类，未证明性能正常,按真实调用频率与输入规模采样；有证据再扩大分析,unknown-unless-candidate-explicitly-establishes-source,cli,"{""process_spawn"": false, ""tree_io"": false, ""network"": false, ""mutation"": false, ""sleep"": false, ""loop"": true}",manual-candidate-or-automatic-classification-not-function-level-proof,测量后保留,"[""submodules/yss-harness-backend-agent/scripts/verify-entry-alignment"", ""submodules/yss-harness-dev-agent/scripts/verify-entry-alignment"", ""submodules/yss-harness-frontend-agent/scripts/verify-entry-alignment""]","{""submodules/yss-harness-backend-agent/scripts/verify-entry-alignment"": ""所属 Harness 持有 profile 变体；仅移植已核对的性能变更 → 所属 CLI sync-template"", ""submodules/yss-harness-dev-agent/scripts/verify-entry-alignment"": ""所属 Harness 持有 profile 变体；仅移植已核对的性能变更 → 所属 CLI sync-template"", ""submodules/yss-harness-frontend-agent/scripts/verify-entry-alignment"": ""所属 Harness 持有 profile 变体；仅移植已核对的性能变更 → 所属 CLI sync-template""}","[""submodules/create-yss-harness-dev/template/scripts/verify-template-verification-scenarios"", ""submodules/yss-harness-backend-agent/scripts/verify-template-verification-scenarios"", ""submodules/yss-harness-dev-agent/scripts/verify-template-verification-scenarios"", ""submodules/yss-harness-frontend-agent/scripts/verify-template-verification-scenarios""]","{""submodules/yss-harness-backend-agent/scripts/verify-entry-alignment"": ""e5d803983d32a4919251f06121f8acf5d6a5ef8a9a506ebdd8095e97d18e552c"", ""submodules/yss-harness-dev-agent/scripts/verify-entry-alignment"": ""e5d803983d32a4919251f06121f8acf5d6a5ef8a9a506ebdd8095e97d18e552c"", ""submodules/yss-harness-frontend-agent/scripts/verify-entry-alignment"": ""e5d803983d32a4919251f06121f8acf5d6a5ef8a9a506ebdd8095e97d18e552c""}",[],,"[""submodules/create-yss-harness-dev/template/scripts/verify-entry-alignment""]",0,0,logs/validation-after-recovery-0.stdout; runs.jsonl; final-refresh-results.json; distribution-results-corrected.json,采样维护入口调用频次、目录/输入规模后未取得应增加复杂度的独立热点证据；保留现实现。 未取得可绑定此 SHA 的 V8 加载样本；临时模块可能已随夹具清理，不能把缺少可绑定样本解释成线上零调用或性能正常。,V8 观察是维护夹具入口频次，非线上调用频率；未观察到的实现未作逐函数性能通过声明。输入尺度详见 report.md。
e5de65d74a51129a277e6b06308b1770b81d7fbe4803cf7522d81f64fea4d49d,.agents/skills/llm-wiki/scripts/lint-wikilinks.mjs,True,False,8,34,static-no-confirmed-hotspot,,已核对本地manifest/wiki读取与hash，非默认Plan流转；按wiki页面/文件规模再采样,只读源码抽样核对；隔离真实输入计时；若关联候选则采用其验证设计,unknown-unless-candidate-explicitly-establishes-source,cli,"{""process_spawn"": true, ""tree_io"": true, ""network"": false, ""mutation"": false, ""sleep"": false, ""loop"": true}",manual-candidate-or-automatic-classification-not-function-level-proof,测量后保留,"["".agents/skills/llm-wiki/scripts/lint-wikilinks.mjs"", ""submodules/yss-harness-backend-agent/.agents/skills/llm-wiki/scripts/lint-wikilinks.mjs"", ""submodules/yss-harness-design-agent/.agents/skills/llm-wiki/scripts/lint-wikilinks.mjs"", ""submodules/yss-harness-dev-agent/.agents/skills/llm-wiki/scripts/lint-wikilinks.mjs"", ""submodules/yss-harness-frontend-agent/.agents/skills/llm-wiki/scripts/lint-wikilinks.mjs""]","{"".agents/skills/llm-wiki/scripts/lint-wikilinks.mjs"": ""所属仓 .agents/skills 权威目录 → update-skill-lock / sync-skills → 所属 CLI sync-template"", ""submodules/yss-harness-backend-agent/.agents/skills/llm-wiki/scripts/lint-wikilinks.mjs"": ""所属仓 .agents/skills 权威目录 → update-skill-lock / sync-skills → 所属 CLI sync-template"", ""submodules/yss-harness-design-agent/.agents/skills/llm-wiki/scripts/lint-wikilinks.mjs"": ""所属仓 .agents/skills 权威目录 → update-skill-lock / sync-skills → 所属 CLI sync-template"", ""submodules/yss-harness-dev-agent/.agents/skills/llm-wiki/scripts/lint-wikilinks.mjs"": ""所属仓 .agents/skills 权威目录 → update-skill-lock / sync-skills → 所属 CLI sync-template"", ""submodules/yss-harness-frontend-agent/.agents/skills/llm-wiki/scripts/lint-wikilinks.mjs"": ""所属仓 .agents/skills 权威目录 → update-skill-lock / sync-skills → 所属 CLI sync-template""}","["".agents/skills/llm-wiki/scripts/advise.mjs"", "".agents/skills/llm-wiki/scripts/advise.test.mjs"", "".agents/skills/llm-wiki/scripts/lint-wikilinks.test.mjs"", ""submodules/create-yss-harness-dev/template/.agents/skills/llm-wiki/scripts/advise.mjs"", ""submodules/create-yss-harness-dev/template/.agents/skills/llm-wiki/scripts/advise.test.mjs"", ""submodules/create-yss-harness-dev/template/.agents/skills/llm-wiki/scripts/lint-wikilinks.test.mjs"", ""submodules/create-yss-spec/template/.agents/skills/llm-wiki/scripts/advise.mjs"", ""submodules/create-yss-spec/template/.agents/skills/llm-wiki/scripts/advise.test.mjs"", ""submodules/create-yss-spec/template/.agents/skills/llm-wiki/scripts/lint-wikilinks.test.mjs"", ""submodules/create-yss-strategic-design/template/.agents/skills/llm-wiki/scripts/advise.mjs"", ""submodules/create-yss-strategic-design/template/.agents/skills/llm-wiki/scripts/advise.test.mjs"", ""submodules/create-yss-strategic-design/template/.agents/skills/llm-wiki/scripts/lint-wikilinks.test.mjs"", ""submodules/yss-harness-backend-agent/.agents/skills/llm-wiki/scripts/advise.mjs"", ""submodules/yss-harness-backend-agent/.agents/skills/llm-wiki/scripts/advise.test.mjs"", ""submodules/yss-harness-backend-agent/.agents/skills/llm-wiki/scripts/lint-wikilinks.test.mjs"", ""submodules/yss-harness-design-agent/.agents/skills/llm-wiki/scripts/advise.mjs"", ""submodules/yss-harness-design-agent/.agents/skills/llm-wiki/scripts/advise.test.mjs"", ""submodules/yss-harness-design-agent/.agents/skills/llm-wiki/scripts/lint-wikilinks.test.mjs"", ""submodules/yss-harness-dev-agent/.agents/skills/llm-wiki/scripts/advise.mjs"", ""submodules/yss-harness-dev-agent/.agents/skills/llm-wiki/scripts/advise.test.mjs"", ""submodules/yss-harness-dev-agent/.agents/skills/llm-wiki/scripts/lint-wikilinks.test.mjs"", ""submodules/yss-harness-frontend-agent/.agents/skills/llm-wiki/scripts/advise.mjs"", ""submodules/yss-harness-frontend-agent/.agents/skills/llm-wiki/scripts/advise.test.mjs"", ""submodules/yss-harness-frontend-agent/.agents/skills/llm-wiki/scripts/lint-wikilinks.test.mjs""]","{"".agents/skills/llm-wiki/scripts/lint-wikilinks.mjs"": ""e5de65d74a51129a277e6b06308b1770b81d7fbe4803cf7522d81f64fea4d49d"", ""submodules/yss-harness-backend-agent/.agents/skills/llm-wiki/scripts/lint-wikilinks.mjs"": ""e5de65d74a51129a277e6b06308b1770b81d7fbe4803cf7522d81f64fea4d49d"", ""submodules/yss-harness-design-agent/.agents/skills/llm-wiki/scripts/lint-wikilinks.mjs"": ""e5de65d74a51129a277e6b06308b1770b81d7fbe4803cf7522d81f64fea4d49d"", ""submodules/yss-harness-dev-agent/.agents/skills/llm-wiki/scripts/lint-wikilinks.mjs"": ""e5de65d74a51129a277e6b06308b1770b81d7fbe4803cf7522d81f64fea4d49d"", ""submodules/yss-harness-frontend-agent/.agents/skills/llm-wiki/scripts/lint-wikilinks.mjs"": ""e5de65d74a51129a277e6b06308b1770b81d7fbe4803cf7522d81f64fea4d49d""}",[],,"[""submodules/create-yss-harness-dev/template/.agents/skills/llm-wiki/scripts/lint-wikilinks.mjs"", ""submodules/create-yss-spec/template/.agents/skills/llm-wiki/scripts/lint-wikilinks.mjs"", ""submodules/create-yss-strategic-design/template/.agents/skills/llm-wiki/scripts/lint-wikilinks.mjs""]",0,0,logs/validation-after-recovery-0.stdout; runs.jsonl; final-refresh-results.json; distribution-results-corrected.json,采样维护入口调用频次、目录/输入规模后未取得应增加复杂度的独立热点证据；保留现实现。 未取得可绑定此 SHA 的 V8 加载样本；临时模块可能已随夹具清理，不能把缺少可绑定样本解释成线上零调用或性能正常。,V8 观察是维护夹具入口频次，非线上调用频率；未观察到的实现未作逐函数性能通过声明。输入尺度详见 report.md。
e7083a3a10e8fccabec27c8b29299ce914339ecbbd68c22d3d1358f88c8b2f73,scripts/generate-lifecycle-artifacts,True,False,8,9,wrapper-follow-callee,,短包装/重导出入口；主要成本落在callee,计入口启动开销并追踪实际callee，保留兼容入口,unknown-unless-candidate-explicitly-establishes-source,wrapper,"{""process_spawn"": false, ""tree_io"": false, ""network"": false, ""mutation"": false, ""sleep"": false, ""loop"": false}",manual-candidate-or-automatic-classification-not-function-level-proof,测量后保留,"[""scripts/generate-lifecycle-artifacts"", ""submodules/yss-harness-backend-agent/scripts/generate-lifecycle-artifacts"", ""submodules/yss-harness-design-agent/scripts/generate-lifecycle-artifacts"", ""submodules/yss-harness-dev-agent/scripts/generate-lifecycle-artifacts"", ""submodules/yss-harness-frontend-agent/scripts/generate-lifecycle-artifacts""]","{""scripts/generate-lifecycle-artifacts"": ""本体脚本权威；通过本体 CLI manifest/sync-template 分发；入口由完整核验 profile 选择"", ""submodules/yss-harness-backend-agent/scripts/generate-lifecycle-artifacts"": ""所属 Harness 持有 profile 变体；仅移植已核对的性能变更 → 所属 CLI sync-template"", ""submodules/yss-harness-design-agent/scripts/generate-lifecycle-artifacts"": ""所属 Harness 持有 profile 变体；仅移植已核对的性能变更 → 所属 CLI sync-template"", ""submodules/yss-harness-dev-agent/scripts/generate-lifecycle-artifacts"": ""所属 Harness 持有 profile 变体；仅移植已核对的性能变更 → 所属 CLI sync-template"", ""submodules/yss-harness-frontend-agent/scripts/generate-lifecycle-artifacts"": ""所属 Harness 持有 profile 变体；仅移植已核对的性能变更 → 所属 CLI sync-template""}","[""scripts/lib/lifecycle-registry.mjs"", ""submodules/create-yss-harness-dev/template/scripts/lib/lifecycle-registry.mjs"", ""submodules/create-yss-spec/template/scripts/lib/lifecycle-registry.mjs"", ""submodules/create-yss-strategic-design/template/scripts/lib/lifecycle-registry.mjs"", ""submodules/yss-harness-backend-agent/scripts/lib/lifecycle-registry.mjs"", ""submodules/yss-harness-design-agent/scripts/lib/lifecycle-registry.mjs"", ""submodules/yss-harness-dev-agent/scripts/lib/lifecycle-registry.mjs"", ""submodules/yss-harness-frontend-agent/scripts/lib/lifecycle-registry.mjs""]","{""scripts/generate-lifecycle-artifacts"": ""e7083a3a10e8fccabec27c8b29299ce914339ecbbd68c22d3d1358f88c8b2f73"", ""submodules/yss-harness-backend-agent/scripts/generate-lifecycle-artifacts"": ""e7083a3a10e8fccabec27c8b29299ce914339ecbbd68c22d3d1358f88c8b2f73"", ""submodules/yss-harness-design-agent/scripts/generate-lifecycle-artifacts"": ""e7083a3a10e8fccabec27c8b29299ce914339ecbbd68c22d3d1358f88c8b2f73"", ""submodules/yss-harness-dev-agent/scripts/generate-lifecycle-artifacts"": ""e7083a3a10e8fccabec27c8b29299ce914339ecbbd68c22d3d1358f88c8b2f73"", ""submodules/yss-harness-frontend-agent/scripts/generate-lifecycle-artifacts"": ""e7083a3a10e8fccabec27c8b29299ce914339ecbbd68c22d3d1358f88c8b2f73""}",[],,"[""submodules/create-yss-harness-dev/template/scripts/generate-lifecycle-artifacts"", ""submodules/create-yss-spec/template/scripts/generate-lifecycle-artifacts"", ""submodules/create-yss-strategic-design/template/scripts/generate-lifecycle-artifacts""]",0,0,logs/validation-after-recovery-0.stdout; runs.jsonl; final-refresh-results.json; distribution-results-corrected.json,采样维护入口调用频次、目录/输入规模后未取得应增加复杂度的独立热点证据；保留现实现。 未取得可绑定此 SHA 的 V8 加载样本；临时模块可能已随夹具清理，不能把缺少可绑定样本解释成线上零调用或性能正常。,V8 观察是维护夹具入口频次，非线上调用频率；未观察到的实现未作逐函数性能通过声明。输入尺度详见 report.md。
e795ea29dd3af160607cb3fb9d9f02ea7de2441411cf473474b099f9ed74054e,scripts/verify-subagent-task-package-scenarios,True,False,2,2,fixture-test-only,,断言/回归入口；是否启动真实环境需沿callee区分,隔离执行对应测试，区分mock/真实构建/外部资源,unknown-unless-candidate-explicitly-establishes-source,cli,"{""process_spawn"": true, ""tree_io"": true, ""network"": false, ""mutation"": true, ""sleep"": false, ""loop"": true}",manual-candidate-or-automatic-classification-not-function-level-proof,测量后保留,"[""scripts/verify-subagent-task-package-scenarios""]","{""scripts/verify-subagent-task-package-scenarios"": ""本体脚本权威；通过本体 CLI manifest/sync-template 分发；入口由完整核验 profile 选择""}","[""scripts/verify-digital-human-task-package-scenarios"", ""scripts/verify-template-verification-scenarios"", ""submodules/create-yss-spec/template/scripts/verify-digital-human-task-package-scenarios"", ""submodules/create-yss-spec/template/scripts/verify-template-verification-scenarios""]","{""scripts/verify-subagent-task-package-scenarios"": ""e795ea29dd3af160607cb3fb9d9f02ea7de2441411cf473474b099f9ed74054e""}",[],,"[""submodules/create-yss-spec/template/scripts/verify-subagent-task-package-scenarios""]",2,482,logs/validation-after-recovery-0.stdout; runs.jsonl; final-refresh-results.json; distribution-results-corrected.json,采样维护入口调用频次、目录/输入规模后未取得应增加复杂度的独立热点证据；保留现实现。,V8 观察是维护夹具入口频次，非线上调用频率；未观察到的实现未作逐函数性能通过声明。输入尺度详见 report.md。
e80cb646e35201d721e5de834f1fb245e5cca5243bef3799700dde5963a19090,scripts/verify-template-cache-scenarios,True,False,2,2,fixture-test-only,,断言/回归入口；是否启动真实环境需沿callee区分,隔离执行对应测试，区分mock/真实构建/外部资源,unknown-unless-candidate-explicitly-establishes-source,cli,"{""process_spawn"": true, ""tree_io"": true, ""network"": false, ""mutation"": true, ""sleep"": false, ""loop"": true}",manual-candidate-or-automatic-classification-not-function-level-proof,优化并验证,"[""scripts/verify-template-cache-scenarios""]","{""scripts/verify-template-cache-scenarios"": ""本体脚本权威；通过本体 CLI manifest/sync-template 分发；入口由完整核验 profile 选择""}",[],"{""scripts/verify-template-cache-scenarios"": ""ca5cb2310f0a8ebb612b09b8ed46bee7ebafdb0617343f751cbe380dbc21da52""}","[""scripts/verify-template-cache-scenarios""]",,"[""submodules/create-yss-spec/template/scripts/verify-template-cache-scenarios""]",1,12,logs/validation-after-recovery-0.stdout; runs.jsonl; final-refresh-results.json; distribution-results-corrected.json,权威实现或其受控 Harness 变体有本轮变更；验证以 Fresh Verification、相关场景和候选对照为依据，副本不冒充独立优化。,V8 观察是维护夹具入口频次，非线上调用频率；未观察到的实现未作逐函数性能通过声明。输入尺度详见 report.md。
e82652459dd794386545743adc783c6e60f0858ec0ed776f959715e3d4597048,.agents/skills/yss-mvc-scaffold-generator/scripts/verify_project.mjs,True,False,2,8,static-no-confirmed-hotspot,,已核对这里是文件/Git状态验证，不执行真实Maven；不要因spawn误归依赖下载,只读源码抽样核对；隔离真实输入计时；若关联候选则采用其验证设计,unknown-unless-candidate-explicitly-establishes-source,cli,"{""process_spawn"": true, ""tree_io"": false, ""network"": false, ""mutation"": false, ""sleep"": false, ""loop"": true}",manual-candidate-or-automatic-classification-not-function-level-proof,测量后保留,"["".agents/skills/yss-mvc-scaffold-generator/scripts/verify_project.mjs""]","{"".agents/skills/yss-mvc-scaffold-generator/scripts/verify_project.mjs"": ""所属仓 .agents/skills 权威目录 → update-skill-lock / sync-skills → 所属 CLI sync-template""}",[],"{"".agents/skills/yss-mvc-scaffold-generator/scripts/verify_project.mjs"": ""e82652459dd794386545743adc783c6e60f0858ec0ed776f959715e3d4597048""}",[],,"[""submodules/create-yss-spec/template/.agents/skills/yss-mvc-scaffold-generator/scripts/verify_project.mjs""]",0,0,logs/validation-after-recovery-0.stdout; runs.jsonl; final-refresh-results.json; distribution-results-corrected.json,采样维护入口调用频次、目录/输入规模后未取得应增加复杂度的独立热点证据；保留现实现。 未取得可绑定此 SHA 的 V8 加载样本；临时模块可能已随夹具清理，不能把缺少可绑定样本解释成线上零调用或性能正常。,V8 观察是维护夹具入口频次，非线上调用频率；未观察到的实现未作逐函数性能通过声明。输入尺度详见 report.md。
e931ce3cb0a36da7f463e33a4a2f2ede55a8a48dc18fc9eca245ff7cd15dcd35,.agents/skills/yss-mvc-scaffold-generator/scripts/lib/runtime.mjs,True,False,2,8,static-no-confirmed-hotspot,,已核对这里是文件/Git状态验证，不执行真实Maven；不要因spawn误归依赖下载,只读源码抽样核对；隔离真实输入计时；若关联候选则采用其验证设计,unknown-unless-candidate-explicitly-establishes-source,library,"{""process_spawn"": true, ""tree_io"": false, ""network"": false, ""mutation"": false, ""sleep"": false, ""loop"": true}",manual-candidate-or-automatic-classification-not-function-level-proof,测量后保留,"["".agents/skills/yss-mvc-scaffold-generator/scripts/lib/runtime.mjs""]","{"".agents/skills/yss-mvc-scaffold-generator/scripts/lib/runtime.mjs"": ""所属仓 .agents/skills 权威目录 → update-skill-lock / sync-skills → 所属 CLI sync-template""}","["".agents/skills/yss-mvc-scaffold-generator/scripts/lib/envelope.mjs"", "".agents/skills/yss-mvc-scaffold-generator/scripts/lib/storage.mjs"", "".agents/skills/yss-mvc-scaffold-generator/scripts/lib/templates.mjs"", ""submodules/create-yss-spec/template/.agents/skills/yss-mvc-scaffold-generator/scripts/lib/envelope.mjs"", ""submodules/create-yss-spec/template/.agents/skills/yss-mvc-scaffold-generator/scripts/lib/storage.mjs"", ""submodules/create-yss-spec/template/.agents/skills/yss-mvc-scaffold-generator/scripts/lib/templates.mjs""]","{"".agents/skills/yss-mvc-scaffold-generator/scripts/lib/runtime.mjs"": ""e931ce3cb0a36da7f463e33a4a2f2ede55a8a48dc18fc9eca245ff7cd15dcd35""}",[],,"[""submodules/create-yss-spec/template/.agents/skills/yss-mvc-scaffold-generator/scripts/lib/runtime.mjs""]",0,0,logs/validation-after-recovery-0.stdout; runs.jsonl; final-refresh-results.json; distribution-results-corrected.json,采样维护入口调用频次、目录/输入规模后未取得应增加复杂度的独立热点证据；保留现实现。 未取得可绑定此 SHA 的 V8 加载样本；临时模块可能已随夹具清理，不能把缺少可绑定样本解释成线上零调用或性能正常。,V8 观察是维护夹具入口频次，非线上调用频率；未观察到的实现未作逐函数性能通过声明。输入尺度详见 report.md。
e96562d48fffb9f39542cfed2f649936031df65e76efe1b834f8c4592befe68c,submodules/yss-harness-design-agent/scripts/verify-harness-profile-scenarios,True,False,2,2,fixture-test-only,,断言/回归入口；是否启动真实环境需沿callee区分,隔离执行对应测试，区分mock/真实构建/外部资源,unknown-unless-candidate-explicitly-establishes-source,cli,"{""process_spawn"": false, ""tree_io"": false, ""network"": false, ""mutation"": false, ""sleep"": false, ""loop"": true}",manual-candidate-or-automatic-classification-not-function-level-proof,测量后保留,"[""submodules/yss-harness-design-agent/scripts/verify-harness-profile-scenarios""]","{""submodules/yss-harness-design-agent/scripts/verify-harness-profile-scenarios"": ""所属 Harness 持有 profile 变体；仅移植已核对的性能变更 → 所属 CLI sync-template""}","[""submodules/create-yss-strategic-design/template/scripts/verify-template-verification-scenarios"", ""submodules/yss-harness-design-agent/scripts/verify-template-verification-scenarios""]","{""submodules/yss-harness-design-agent/scripts/verify-harness-profile-scenarios"": ""e96562d48fffb9f39542cfed2f649936031df65e76efe1b834f8c4592befe68c""}",[],,"[""submodules/create-yss-strategic-design/template/scripts/verify-harness-profile-scenarios""]",0,0,logs/validation-after-recovery-0.stdout; runs.jsonl; final-refresh-results.json; distribution-results-corrected.json,采样维护入口调用频次、目录/输入规模后未取得应增加复杂度的独立热点证据；保留现实现。 未取得可绑定此 SHA 的 V8 加载样本；临时模块可能已随夹具清理，不能把缺少可绑定样本解释成线上零调用或性能正常。,V8 观察是维护夹具入口频次，非线上调用频率；未观察到的实现未作逐函数性能通过声明。输入尺度详见 report.md。
eab284837108e38405a449f6ee5029cc418506ca111a04fa80db28eefe136aab,submodules/yss-harness-dev-agent/scripts/verify-lifecycle-transition-scenarios,True,False,3,3,fixture-test-only,,断言/回归入口；是否启动真实环境需沿callee区分,隔离执行对应测试，区分mock/真实构建/外部资源,unknown-unless-candidate-explicitly-establishes-source,cli,"{""process_spawn"": false, ""tree_io"": false, ""network"": false, ""mutation"": false, ""sleep"": false, ""loop"": true}",manual-candidate-or-automatic-classification-not-function-level-proof,测量后保留,"[""submodules/yss-harness-backend-agent/scripts/verify-lifecycle-transition-scenarios"", ""submodules/yss-harness-dev-agent/scripts/verify-lifecycle-transition-scenarios""]","{""submodules/yss-harness-backend-agent/scripts/verify-lifecycle-transition-scenarios"": ""所属 Harness 持有 profile 变体；仅移植已核对的性能变更 → 所属 CLI sync-template"", ""submodules/yss-harness-dev-agent/scripts/verify-lifecycle-transition-scenarios"": ""所属 Harness 持有 profile 变体；仅移植已核对的性能变更 → 所属 CLI sync-template""}","[""submodules/create-yss-harness-dev/template/scripts/verify-template-verification-scenarios"", ""submodules/yss-harness-backend-agent/scripts/verify-template-verification-scenarios"", ""submodules/yss-harness-dev-agent/scripts/verify-template-verification-scenarios""]","{""submodules/yss-harness-backend-agent/scripts/verify-lifecycle-transition-scenarios"": ""eab284837108e38405a449f6ee5029cc418506ca111a04fa80db28eefe136aab"", ""submodules/yss-harness-dev-agent/scripts/verify-lifecycle-transition-scenarios"": ""eab284837108e38405a449f6ee5029cc418506ca111a04fa80db28eefe136aab""}",[],,"[""submodules/create-yss-harness-dev/template/scripts/verify-lifecycle-transition-scenarios""]",0,0,logs/validation-after-recovery-0.stdout; runs.jsonl; final-refresh-results.json; distribution-results-corrected.json,采样维护入口调用频次、目录/输入规模后未取得应增加复杂度的独立热点证据；保留现实现。 未取得可绑定此 SHA 的 V8 加载样本；临时模块可能已随夹具清理，不能把缺少可绑定样本解释成线上零调用或性能正常。,V8 观察是维护夹具入口频次，非线上调用频率；未观察到的实现未作逐函数性能通过声明。输入尺度详见 report.md。
ec89ff0bc282f975ddc5f52c0ccf3907c295293955bd8510fb34c2ca7374dbbf,scripts/verify-skill-registry,True,False,8,9,wrapper-follow-callee,,短包装/重导出入口；主要成本落在callee,计入口启动开销并追踪实际callee，保留兼容入口,unknown-unless-candidate-explicitly-establishes-source,wrapper,"{""process_spawn"": false, ""tree_io"": false, ""network"": false, ""mutation"": false, ""sleep"": false, ""loop"": false}",manual-candidate-or-automatic-classification-not-function-level-proof,测量后保留,"[""scripts/verify-skill-registry"", ""submodules/yss-harness-backend-agent/scripts/verify-skill-registry"", ""submodules/yss-harness-design-agent/scripts/verify-skill-registry"", ""submodules/yss-harness-dev-agent/scripts/verify-skill-registry"", ""submodules/yss-harness-frontend-agent/scripts/verify-skill-registry""]","{""scripts/verify-skill-registry"": ""本体脚本权威；通过本体 CLI manifest/sync-template 分发；入口由完整核验 profile 选择"", ""submodules/yss-harness-backend-agent/scripts/verify-skill-registry"": ""所属 Harness 持有 profile 变体；仅移植已核对的性能变更 → 所属 CLI sync-template"", ""submodules/yss-harness-design-agent/scripts/verify-skill-registry"": ""所属 Harness 持有 profile 变体；仅移植已核对的性能变更 → 所属 CLI sync-template"", ""submodules/yss-harness-dev-agent/scripts/verify-skill-registry"": ""所属 Harness 持有 profile 变体；仅移植已核对的性能变更 → 所属 CLI sync-template"", ""submodules/yss-harness-frontend-agent/scripts/verify-skill-registry"": ""所属 Harness 持有 profile 变体；仅移植已核对的性能变更 → 所属 CLI sync-template""}","[""scripts/verify-template-verification-scenarios"", ""submodules/create-yss-harness-dev/template/scripts/verify-template-verification-scenarios"", ""submodules/create-yss-spec/template/scripts/verify-template-verification-scenarios"", ""submodules/create-yss-strategic-design/template/scripts/verify-template-verification-scenarios"", ""submodules/yss-harness-backend-agent/scripts/verify-template-verification-scenarios"", ""submodules/yss-harness-design-agent/scripts/verify-template-verification-scenarios"", ""submodules/yss-harness-dev-agent/scripts/verify-template-verification-scenarios"", ""submodules/yss-harness-frontend-agent/scripts/verify-template-verification-scenarios""]","{""scripts/verify-skill-registry"": ""ec89ff0bc282f975ddc5f52c0ccf3907c295293955bd8510fb34c2ca7374dbbf"", ""submodules/yss-harness-backend-agent/scripts/verify-skill-registry"": ""ec89ff0bc282f975ddc5f52c0ccf3907c295293955bd8510fb34c2ca7374dbbf"", ""submodules/yss-harness-design-agent/scripts/verify-skill-registry"": ""ec89ff0bc282f975ddc5f52c0ccf3907c295293955bd8510fb34c2ca7374dbbf"", ""submodules/yss-harness-dev-agent/scripts/verify-skill-registry"": ""ec89ff0bc282f975ddc5f52c0ccf3907c295293955bd8510fb34c2ca7374dbbf"", ""submodules/yss-harness-frontend-agent/scripts/verify-skill-registry"": ""ec89ff0bc282f975ddc5f52c0ccf3907c295293955bd8510fb34c2ca7374dbbf""}",[],,"[""submodules/create-yss-harness-dev/template/scripts/verify-skill-registry"", ""submodules/create-yss-spec/template/scripts/verify-skill-registry"", ""submodules/create-yss-strategic-design/template/scripts/verify-skill-registry""]",1,1,logs/validation-after-recovery-0.stdout; runs.jsonl; final-refresh-results.json; distribution-results-corrected.json,采样维护入口调用频次、目录/输入规模后未取得应增加复杂度的独立热点证据；保留现实现。,V8 观察是维护夹具入口频次，非线上调用频率；未观察到的实现未作逐函数性能通过声明。输入尺度详见 report.md。
ece0dec84d8d75789eaa88a3bfe548d98770482c4c91aff9f856c662e2736f6b,.agents/skills/yss-ddd-scaffold-generator/scripts/first-slice-compatibility.test.mjs,True,False,2,9,fixture-test-only,,断言/回归入口；是否启动真实环境需沿callee区分,隔离执行对应测试，区分mock/真实构建/外部资源,unknown-unless-candidate-explicitly-establishes-source,test,"{""process_spawn"": true, ""tree_io"": true, ""network"": false, ""mutation"": true, ""sleep"": false, ""loop"": true}",manual-candidate-or-automatic-classification-not-function-level-proof,测量后保留,"["".agents/skills/yss-ddd-scaffold-generator/scripts/first-slice-compatibility.test.mjs""]","{"".agents/skills/yss-ddd-scaffold-generator/scripts/first-slice-compatibility.test.mjs"": ""所属仓 .agents/skills 权威目录 → update-skill-lock / sync-skills → 所属 CLI sync-template""}",[],"{"".agents/skills/yss-ddd-scaffold-generator/scripts/first-slice-compatibility.test.mjs"": ""ece0dec84d8d75789eaa88a3bfe548d98770482c4c91aff9f856c662e2736f6b""}",[],,"[""submodules/create-yss-spec/template/.agents/skills/yss-ddd-scaffold-generator/scripts/first-slice-compatibility.test.mjs""]",0,0,logs/validation-after-recovery-0.stdout; runs.jsonl; final-refresh-results.json; distribution-results-corrected.json,采样维护入口调用频次、目录/输入规模后未取得应增加复杂度的独立热点证据；保留现实现。 未取得可绑定此 SHA 的 V8 加载样本；临时模块可能已随夹具清理，不能把缺少可绑定样本解释成线上零调用或性能正常。,V8 观察是维护夹具入口频次，非线上调用频率；未观察到的实现未作逐函数性能通过声明。输入尺度详见 report.md。
ed3ddc4cc182314ef8ae30cae054165d7ee0ab5c9f37d3054eb5c2034fd4ce1b,.agents/skills/yss-ddd-scaffold-generator/scripts/first-slice-verification.test.mjs,True,False,5,19,fixture-test-only,,断言/回归入口；是否启动真实环境需沿callee区分,隔离执行对应测试，区分mock/真实构建/外部资源,unknown-unless-candidate-explicitly-establishes-source,test,"{""process_spawn"": false, ""tree_io"": true, ""network"": true, ""mutation"": true, ""sleep"": false, ""loop"": true}",manual-candidate-or-automatic-classification-not-function-level-proof,测量后保留,"["".agents/skills/yss-ddd-scaffold-generator/scripts/first-slice-verification.test.mjs"", ""submodules/yss-harness-backend-agent/.agents/skills/yss-ddd-scaffold-generator/scripts/first-slice-verification.test.mjs"", ""submodules/yss-harness-dev-agent/.agents/skills/yss-ddd-scaffold-generator/scripts/first-slice-verification.test.mjs""]","{"".agents/skills/yss-ddd-scaffold-generator/scripts/first-slice-verification.test.mjs"": ""所属仓 .agents/skills 权威目录 → update-skill-lock / sync-skills → 所属 CLI sync-template"", ""submodules/yss-harness-backend-agent/.agents/skills/yss-ddd-scaffold-generator/scripts/first-slice-verification.test.mjs"": ""所属仓 .agents/skills 权威目录 → update-skill-lock / sync-skills → 所属 CLI sync-template"", ""submodules/yss-harness-dev-agent/.agents/skills/yss-ddd-scaffold-generator/scripts/first-slice-verification.test.mjs"": ""所属仓 .agents/skills 权威目录 → update-skill-lock / sync-skills → 所属 CLI sync-template""}",[],"{"".agents/skills/yss-ddd-scaffold-generator/scripts/first-slice-verification.test.mjs"": ""ed3ddc4cc182314ef8ae30cae054165d7ee0ab5c9f37d3054eb5c2034fd4ce1b"", ""submodules/yss-harness-backend-agent/.agents/skills/yss-ddd-scaffold-generator/scripts/first-slice-verification.test.mjs"": ""ed3ddc4cc182314ef8ae30cae054165d7ee0ab5c9f37d3054eb5c2034fd4ce1b"", ""submodules/yss-harness-dev-agent/.agents/skills/yss-ddd-scaffold-generator/scripts/first-slice-verification.test.mjs"": ""ed3ddc4cc182314ef8ae30cae054165d7ee0ab5c9f37d3054eb5c2034fd4ce1b""}",[],,"[""submodules/create-yss-harness-dev/template/.agents/skills/yss-ddd-scaffold-generator/scripts/first-slice-verification.test.mjs"", ""submodules/create-yss-spec/template/.agents/skills/yss-ddd-scaffold-generator/scripts/first-slice-verification.test.mjs""]",0,0,logs/validation-after-recovery-0.stdout; runs.jsonl; final-refresh-results.json; distribution-results-corrected.json,采样维护入口调用频次、目录/输入规模后未取得应增加复杂度的独立热点证据；保留现实现。 未取得可绑定此 SHA 的 V8 加载样本；临时模块可能已随夹具清理，不能把缺少可绑定样本解释成线上零调用或性能正常。,V8 观察是维护夹具入口频次，非线上调用频率；未观察到的实现未作逐函数性能通过声明。输入尺度详见 report.md。
ed68208dbd1eac3f9e65bfaa3e01e620cec3ed873a5917fdafcb3dbbe6e6563d,scripts/verify-context-contract-scenarios,True,False,4,4,fixture-test-only,,断言/回归入口；是否启动真实环境需沿callee区分,隔离执行对应测试，区分mock/真实构建/外部资源,unknown-unless-candidate-explicitly-establishes-source,cli,"{""process_spawn"": true, ""tree_io"": true, ""network"": false, ""mutation"": true, ""sleep"": false, ""loop"": true}",manual-candidate-or-automatic-classification-not-function-level-proof,测量后保留,"[""scripts/verify-context-contract-scenarios"", ""submodules/yss-harness-design-agent/scripts/verify-context-contract-scenarios""]","{""scripts/verify-context-contract-scenarios"": ""本体脚本权威；通过本体 CLI manifest/sync-template 分发；入口由完整核验 profile 选择"", ""submodules/yss-harness-design-agent/scripts/verify-context-contract-scenarios"": ""所属 Harness 持有 profile 变体；仅移植已核对的性能变更 → 所属 CLI sync-template""}","[""scripts/verify-grill-with-docs-context-scenarios"", ""scripts/verify-template-verification-scenarios"", ""submodules/create-yss-spec/template/scripts/verify-grill-with-docs-context-scenarios"", ""submodules/create-yss-spec/template/scripts/verify-template-verification-scenarios"", ""submodules/create-yss-strategic-design/template/scripts/verify-grill-with-docs-context-scenarios"", ""submodules/create-yss-strategic-design/template/scripts/verify-template-verification-scenarios"", ""submodules/yss-harness-design-agent/scripts/verify-grill-with-docs-context-scenarios"", ""submodules/yss-harness-design-agent/scripts/verify-template-verification-scenarios""]","{""scripts/verify-context-contract-scenarios"": ""ed68208dbd1eac3f9e65bfaa3e01e620cec3ed873a5917fdafcb3dbbe6e6563d"", ""submodules/yss-harness-design-agent/scripts/verify-context-contract-scenarios"": ""ed68208dbd1eac3f9e65bfaa3e01e620cec3ed873a5917fdafcb3dbbe6e6563d""}",[],,"[""submodules/create-yss-spec/template/scripts/verify-context-contract-scenarios"", ""submodules/create-yss-strategic-design/template/scripts/verify-context-contract-scenarios""]",2,50,logs/validation-after-recovery-0.stdout; runs.jsonl; final-refresh-results.json; distribution-results-corrected.json,采样维护入口调用频次、目录/输入规模后未取得应增加复杂度的独立热点证据；保留现实现。,V8 观察是维护夹具入口频次，非线上调用频率；未观察到的实现未作逐函数性能通过声明。输入尺度详见 report.md。
ee278104260438feafd5b4e4fe0454fd832a5da953ce1a6b83a36a34e7aaebab,scripts/verify-lifecycle-context-query-scenarios,True,False,2,2,fixture-test-only,,断言/回归入口；是否启动真实环境需沿callee区分,隔离执行对应测试，区分mock/真实构建/外部资源,unknown-unless-candidate-explicitly-establishes-source,cli,"{""process_spawn"": true, ""tree_io"": false, ""network"": false, ""mutation"": false, ""sleep"": false, ""loop"": true}",manual-candidate-or-automatic-classification-not-function-level-proof,测量后保留,"[""scripts/verify-lifecycle-context-query-scenarios""]","{""scripts/verify-lifecycle-context-query-scenarios"": ""本体脚本权威；通过本体 CLI manifest/sync-template 分发；入口由完整核验 profile 选择""}",[],"{""scripts/verify-lifecycle-context-query-scenarios"": ""ee278104260438feafd5b4e4fe0454fd832a5da953ce1a6b83a36a34e7aaebab""}",[],,"[""submodules/create-yss-spec/template/scripts/verify-lifecycle-context-query-scenarios""]",1,14,logs/validation-after-recovery-0.stdout; runs.jsonl; final-refresh-results.json; distribution-results-corrected.json,采样维护入口调用频次、目录/输入规模后未取得应增加复杂度的独立热点证据；保留现实现。,V8 观察是维护夹具入口频次，非线上调用频率；未观察到的实现未作逐函数性能通过声明。输入尺度详见 report.md。
ee9612c2081ae9dcb145c76f113b528112ce4af34e2f5737b9e35df308427cd9,submodules/yss-harness-dev-agent/scripts/verify-retired-skill-ids,True,False,4,4,static-no-confirmed-hotspot,,词法/路径分类，未证明性能正常,按真实调用频率与输入规模采样；有证据再扩大分析,unknown-unless-candidate-explicitly-establishes-source,cli,"{""process_spawn"": true, ""tree_io"": false, ""network"": false, ""mutation"": false, ""sleep"": false, ""loop"": true}",manual-candidate-or-automatic-classification-not-function-level-proof,测量后保留,"[""submodules/yss-harness-backend-agent/scripts/verify-retired-skill-ids"", ""submodules/yss-harness-dev-agent/scripts/verify-retired-skill-ids"", ""submodules/yss-harness-frontend-agent/scripts/verify-retired-skill-ids""]","{""submodules/yss-harness-backend-agent/scripts/verify-retired-skill-ids"": ""所属 Harness 持有 profile 变体；仅移植已核对的性能变更 → 所属 CLI sync-template"", ""submodules/yss-harness-dev-agent/scripts/verify-retired-skill-ids"": ""所属 Harness 持有 profile 变体；仅移植已核对的性能变更 → 所属 CLI sync-template"", ""submodules/yss-harness-frontend-agent/scripts/verify-retired-skill-ids"": ""所属 Harness 持有 profile 变体；仅移植已核对的性能变更 → 所属 CLI sync-template""}","[""submodules/create-yss-harness-dev/template/scripts/verify-retired-skill-ids"", ""submodules/create-yss-harness-dev/template/scripts/verify-template-verification-scenarios"", ""submodules/yss-harness-backend-agent/scripts/verify-retired-skill-ids"", ""submodules/yss-harness-backend-agent/scripts/verify-template-verification-scenarios"", ""submodules/yss-harness-dev-agent/scripts/verify-retired-skill-ids"", ""submodules/yss-harness-dev-agent/scripts/verify-template-verification-scenarios"", ""submodules/yss-harness-frontend-agent/scripts/verify-retired-skill-ids"", ""submodules/yss-harness-frontend-agent/scripts/verify-template-verification-scenarios""]","{""submodules/yss-harness-backend-agent/scripts/verify-retired-skill-ids"": ""ee9612c2081ae9dcb145c76f113b528112ce4af34e2f5737b9e35df308427cd9"", ""submodules/yss-harness-dev-agent/scripts/verify-retired-skill-ids"": ""ee9612c2081ae9dcb145c76f113b528112ce4af34e2f5737b9e35df308427cd9"", ""submodules/yss-harness-frontend-agent/scripts/verify-retired-skill-ids"": ""ee9612c2081ae9dcb145c76f113b528112ce4af34e2f5737b9e35df308427cd9""}",[],,"[""submodules/create-yss-harness-dev/template/scripts/verify-retired-skill-ids""]",0,0,logs/validation-after-recovery-0.stdout; runs.jsonl; final-refresh-results.json; distribution-results-corrected.json,采样维护入口调用频次、目录/输入规模后未取得应增加复杂度的独立热点证据；保留现实现。 未取得可绑定此 SHA 的 V8 加载样本；临时模块可能已随夹具清理，不能把缺少可绑定样本解释成线上零调用或性能正常。,V8 观察是维护夹具入口频次，非线上调用频率；未观察到的实现未作逐函数性能通过声明。输入尺度详见 report.md。
eed8226c663469fbef868f7daed21f01e6188034e0b4bf511b9d006312bde5c3,submodules/yss-harness-frontend-agent/scripts/verify-subagent-task-package-scenarios,True,False,1,1,fixture-test-only,,断言/回归入口；是否启动真实环境需沿callee区分,隔离执行对应测试，区分mock/真实构建/外部资源,unknown-unless-candidate-explicitly-establishes-source,cli,"{""process_spawn"": true, ""tree_io"": true, ""network"": false, ""mutation"": true, ""sleep"": false, ""loop"": true}",manual-candidate-or-automatic-classification-not-function-level-proof,测量后保留,"[""submodules/yss-harness-frontend-agent/scripts/verify-subagent-task-package-scenarios""]","{""submodules/yss-harness-frontend-agent/scripts/verify-subagent-task-package-scenarios"": ""所属 Harness 持有 profile 变体；仅移植已核对的性能变更 → 所属 CLI sync-template""}","[""submodules/yss-harness-frontend-agent/scripts/verify-digital-human-task-package-scenarios"", ""submodules/yss-harness-frontend-agent/scripts/verify-template-verification-scenarios""]","{""submodules/yss-harness-frontend-agent/scripts/verify-subagent-task-package-scenarios"": ""eed8226c663469fbef868f7daed21f01e6188034e0b4bf511b9d006312bde5c3""}",[],,[],0,0,logs/validation-after-recovery-0.stdout; runs.jsonl; final-refresh-results.json; distribution-results-corrected.json,采样维护入口调用频次、目录/输入规模后未取得应增加复杂度的独立热点证据；保留现实现。 未取得可绑定此 SHA 的 V8 加载样本；临时模块可能已随夹具清理，不能把缺少可绑定样本解释成线上零调用或性能正常。,V8 观察是维护夹具入口频次，非线上调用频率；未观察到的实现未作逐函数性能通过声明。输入尺度详见 report.md。
ef51b157fd09df502636e70fa1b5c5353524e73751069041207b8c9870ad0d05,.agents/skills/llm-wiki/scripts/extract.test.mjs,True,False,8,34,fixture-test-only,,断言/回归入口；是否启动真实环境需沿callee区分,隔离执行对应测试，区分mock/真实构建/外部资源,unknown-unless-candidate-explicitly-establishes-source,test,"{""process_spawn"": false, ""tree_io"": false, ""network"": false, ""mutation"": false, ""sleep"": false, ""loop"": false}",manual-candidate-or-automatic-classification-not-function-level-proof,测量后保留,"["".agents/skills/llm-wiki/scripts/extract.test.mjs"", ""submodules/yss-harness-backend-agent/.agents/skills/llm-wiki/scripts/extract.test.mjs"", ""submodules/yss-harness-design-agent/.agents/skills/llm-wiki/scripts/extract.test.mjs"", ""submodules/yss-harness-dev-agent/.agents/skills/llm-wiki/scripts/extract.test.mjs"", ""submodules/yss-harness-frontend-agent/.agents/skills/llm-wiki/scripts/extract.test.mjs""]","{"".agents/skills/llm-wiki/scripts/extract.test.mjs"": ""所属仓 .agents/skills 权威目录 → update-skill-lock / sync-skills → 所属 CLI sync-template"", ""submodules/yss-harness-backend-agent/.agents/skills/llm-wiki/scripts/extract.test.mjs"": ""所属仓 .agents/skills 权威目录 → update-skill-lock / sync-skills → 所属 CLI sync-template"", ""submodules/yss-harness-design-agent/.agents/skills/llm-wiki/scripts/extract.test.mjs"": ""所属仓 .agents/skills 权威目录 → update-skill-lock / sync-skills → 所属 CLI sync-template"", ""submodules/yss-harness-dev-agent/.agents/skills/llm-wiki/scripts/extract.test.mjs"": ""所属仓 .agents/skills 权威目录 → update-skill-lock / sync-skills → 所属 CLI sync-template"", ""submodules/yss-harness-frontend-agent/.agents/skills/llm-wiki/scripts/extract.test.mjs"": ""所属仓 .agents/skills 权威目录 → update-skill-lock / sync-skills → 所属 CLI sync-template""}",[],"{"".agents/skills/llm-wiki/scripts/extract.test.mjs"": ""ef51b157fd09df502636e70fa1b5c5353524e73751069041207b8c9870ad0d05"", ""submodules/yss-harness-backend-agent/.agents/skills/llm-wiki/scripts/extract.test.mjs"": ""ef51b157fd09df502636e70fa1b5c5353524e73751069041207b8c9870ad0d05"", ""submodules/yss-harness-design-agent/.agents/skills/llm-wiki/scripts/extract.test.mjs"": ""ef51b157fd09df502636e70fa1b5c5353524e73751069041207b8c9870ad0d05"", ""submodules/yss-harness-dev-agent/.agents/skills/llm-wiki/scripts/extract.test.mjs"": ""ef51b157fd09df502636e70fa1b5c5353524e73751069041207b8c9870ad0d05"", ""submodules/yss-harness-frontend-agent/.agents/skills/llm-wiki/scripts/extract.test.mjs"": ""ef51b157fd09df502636e70fa1b5c5353524e73751069041207b8c9870ad0d05""}",[],,"[""submodules/create-yss-harness-dev/template/.agents/skills/llm-wiki/scripts/extract.test.mjs"", ""submodules/create-yss-spec/template/.agents/skills/llm-wiki/scripts/extract.test.mjs"", ""submodules/create-yss-strategic-design/template/.agents/skills/llm-wiki/scripts/extract.test.mjs""]",0,0,logs/validation-after-recovery-0.stdout; runs.jsonl; final-refresh-results.json; distribution-results-corrected.json,采样维护入口调用频次、目录/输入规模后未取得应增加复杂度的独立热点证据；保留现实现。 未取得可绑定此 SHA 的 V8 加载样本；临时模块可能已随夹具清理，不能把缺少可绑定样本解释成线上零调用或性能正常。,V8 观察是维护夹具入口频次，非线上调用频率；未观察到的实现未作逐函数性能通过声明。输入尺度详见 report.md。
f21c29249e834c1b110078dedcb9e1e1a67991b1d0145f71b54fd803c33a6f67,scripts/lib/task-package-schema.mjs,True,False,6,7,wrapper-follow-callee,,短包装/重导出入口；主要成本落在callee,计入口启动开销并追踪实际callee，保留兼容入口,unknown-unless-candidate-explicitly-establishes-source,library,"{""process_spawn"": false, ""tree_io"": false, ""network"": false, ""mutation"": false, ""sleep"": false, ""loop"": false}",manual-candidate-or-automatic-classification-not-function-level-proof,测量后保留,"[""scripts/lib/task-package-schema.mjs"", ""submodules/yss-harness-backend-agent/scripts/lib/task-package-schema.mjs"", ""submodules/yss-harness-dev-agent/scripts/lib/task-package-schema.mjs"", ""submodules/yss-harness-frontend-agent/scripts/lib/task-package-schema.mjs""]","{""scripts/lib/task-package-schema.mjs"": ""本体脚本权威；通过本体 CLI manifest/sync-template 分发；入口由完整核验 profile 选择"", ""submodules/yss-harness-backend-agent/scripts/lib/task-package-schema.mjs"": ""所属 Harness 持有 profile 变体；仅移植已核对的性能变更 → 所属 CLI sync-template"", ""submodules/yss-harness-dev-agent/scripts/lib/task-package-schema.mjs"": ""所属 Harness 持有 profile 变体；仅移植已核对的性能变更 → 所属 CLI sync-template"", ""submodules/yss-harness-frontend-agent/scripts/lib/task-package-schema.mjs"": ""所属 Harness 持有 profile 变体；仅移植已核对的性能变更 → 所属 CLI sync-template""}","[""scripts/lib/maintenance-review.mjs"", ""scripts/lib/task-package.mjs"", ""submodules/create-yss-harness-dev/template/scripts/lib/maintenance-review.mjs"", ""submodules/create-yss-harness-dev/template/scripts/lib/task-package.mjs"", ""submodules/create-yss-spec/template/scripts/lib/maintenance-review.mjs"", ""submodules/create-yss-spec/template/scripts/lib/task-package.mjs"", ""submodules/yss-harness-backend-agent/scripts/lib/maintenance-review.mjs"", ""submodules/yss-harness-backend-agent/scripts/lib/task-package.mjs"", ""submodules/yss-harness-dev-agent/scripts/lib/maintenance-review.mjs"", ""submodules/yss-harness-dev-agent/scripts/lib/task-package.mjs"", ""submodules/yss-harness-frontend-agent/scripts/lib/maintenance-review.mjs"", ""submodules/yss-harness-frontend-agent/scripts/lib/task-package.mjs""]","{""scripts/lib/task-package-schema.mjs"": ""f21c29249e834c1b110078dedcb9e1e1a67991b1d0145f71b54fd803c33a6f67"", ""submodules/yss-harness-backend-agent/scripts/lib/task-package-schema.mjs"": ""f21c29249e834c1b110078dedcb9e1e1a67991b1d0145f71b54fd803c33a6f67"", ""submodules/yss-harness-dev-agent/scripts/lib/task-package-schema.mjs"": ""f21c29249e834c1b110078dedcb9e1e1a67991b1d0145f71b54fd803c33a6f67"", ""submodules/yss-harness-frontend-agent/scripts/lib/task-package-schema.mjs"": ""f21c29249e834c1b110078dedcb9e1e1a67991b1d0145f71b54fd803c33a6f67""}",[],,"[""submodules/create-yss-harness-dev/template/scripts/lib/task-package-schema.mjs"", ""submodules/create-yss-spec/template/scripts/lib/task-package-schema.mjs""]",11,91,logs/validation-after-recovery-0.stdout; runs.jsonl; final-refresh-results.json; distribution-results-corrected.json,采样维护入口调用频次、目录/输入规模后未取得应增加复杂度的独立热点证据；保留现实现。,V8 观察是维护夹具入口频次，非线上调用频率；未观察到的实现未作逐函数性能通过声明。输入尺度详见 report.md。
f22c44eecb873b743e791ce1fc000736db35bae52eca63d7a95298371b785789,scripts/verify-lifecycle-checkpoint,True,False,2,2,candidate-caller,P01,命中候选函数/调用链；可能含字符串/注释，非独立瓶颈证明,沿实际调用链归因，见候选设计；不要据regex删除检查,unknown-unless-candidate-explicitly-establishes-source,cli,"{""process_spawn"": true, ""tree_io"": false, ""network"": false, ""mutation"": false, ""sleep"": false, ""loop"": true}",manual-candidate-or-automatic-classification-not-function-level-proof,测量后保留,"[""scripts/verify-lifecycle-checkpoint""]","{""scripts/verify-lifecycle-checkpoint"": ""本体脚本权威；通过本体 CLI manifest/sync-template 分发；入口由完整核验 profile 选择""}","[""scripts/verify-lifecycle-checkpoint"", ""scripts/verify-template-verification-scenarios"", ""submodules/create-yss-spec/template/scripts/verify-lifecycle-checkpoint"", ""submodules/create-yss-spec/template/scripts/verify-template-verification-scenarios""]","{""scripts/verify-lifecycle-checkpoint"": ""f22c44eecb873b743e791ce1fc000736db35bae52eca63d7a95298371b785789""}",[],P01,"[""submodules/create-yss-spec/template/scripts/verify-lifecycle-checkpoint""]",1,1,logs/validation-after-recovery-0.stdout; runs.jsonl; final-refresh-results.json; distribution-results-corrected.json,采样维护入口调用频次、目录/输入规模后未取得应增加复杂度的独立热点证据；保留现实现。,V8 观察是维护夹具入口频次，非线上调用频率；未观察到的实现未作逐函数性能通过声明。输入尺度详见 report.md。
f3259c44235a2fb7ca9bf9b3999326e6483815e2f8245d52d1dac34f2eb77e33,scripts/lib/lifecycle-registry.mjs,True,False,4,4,static-no-confirmed-hotspot,,词法/路径分类，未证明性能正常,按真实调用频率与输入规模采样；有证据再扩大分析,unknown-unless-candidate-explicitly-establishes-source,library,"{""process_spawn"": false, ""tree_io"": false, ""network"": false, ""mutation"": true, ""sleep"": false, ""loop"": true}",manual-candidate-or-automatic-classification-not-function-level-proof,测量后保留,"[""scripts/lib/lifecycle-registry.mjs"", ""submodules/yss-harness-design-agent/scripts/lib/lifecycle-registry.mjs""]","{""scripts/lib/lifecycle-registry.mjs"": ""本体脚本权威；通过本体 CLI manifest/sync-template 分发；入口由完整核验 profile 选择"", ""submodules/yss-harness-design-agent/scripts/lib/lifecycle-registry.mjs"": ""所属 Harness 持有 profile 变体；仅移植已核对的性能变更 → 所属 CLI sync-template""}","[""scripts/fixtures/user-decision/plan-fixture.mjs"", ""scripts/lib/approval-record.mjs"", ""scripts/lib/digital-human-roles.mjs"", ""scripts/lib/lifecycle-context-query.mjs"", ""scripts/lib/plan-spec-entry.mjs"", ""scripts/lib/task-package-schema.mjs"", ""scripts/lib/task-package.mjs"", ""scripts/lib/user-decision.mjs"", ""scripts/node-generate-lifecycle-artifacts.mjs"", ""scripts/node-verify-lifecycle-registry.mjs"", ""scripts/verify-business-language-scenarios"", ""scripts/verify-digital-human-roles-scenarios"", ""scripts/verify-subagent-task-package-scenarios"", ""submodules/create-yss-spec/template/scripts/fixtures/user-decision/plan-fixture.mjs"", ""submodules/create-yss-spec/template/scripts/lib/approval-record.mjs"", ""submodules/create-yss-spec/template/scripts/lib/digital-human-roles.mjs"", ""submodules/create-yss-spec/template/scripts/lib/lifecycle-context-query.mjs"", ""submodules/create-yss-spec/template/scripts/lib/plan-spec-entry.mjs"", ""submodules/create-yss-spec/template/scripts/lib/task-package-schema.mjs"", ""submodules/create-yss-spec/template/scripts/lib/task-package.mjs"", ""submodules/create-yss-spec/template/scripts/lib/user-decision.mjs"", ""submodules/create-yss-spec/template/scripts/node-generate-lifecycle-artifacts.mjs"", ""submodules/create-yss-spec/template/scripts/node-verify-lifecycle-registry.mjs"", ""submodules/create-yss-spec/template/scripts/verify-business-language-scenarios"", ""submodules/create-yss-spec/template/scripts/verify-digital-human-roles-scenarios"", ""submodules/create-yss-spec/template/scripts/verify-subagent-task-package-scenarios"", ""submodules/create-yss-strategic-design/template/scripts/fixtures/user-decision/plan-fixture.mjs"", ""submodules/create-yss-strategic-design/template/scripts/lib/approval-record.mjs"", ""submodules/create-yss-strategic-design/template/scripts/lib/digital-human-roles.mjs"", ""submodules/create-yss-strategic-design/template/scripts/lib/entry-alignment.mjs"", ""submodules/create-yss-strategic-design/template/scripts/lib/harness-profile.mjs"", ""submodules/create-yss-strategic-design/template/scripts/lib/instance-distribution.mjs"", ""submodules/create-yss-strategic-design/template/scripts/lib/lifecycle-context-query.mjs"", ""submodules/create-yss-strategic-design/template/scripts/lib/plan-spec-entry.mjs"", ""submodules/create-yss-strategic-design/template/scripts/lib/task-package.mjs"", ""submodules/create-yss-strategic-design/template/scripts/lib/user-decision.mjs"", ""submodules/create-yss-strategic-design/template/scripts/node-generate-lifecycle-artifacts.mjs"", ""submodules/create-yss-strategic-design/template/scripts/node-verify-lifecycle-registry.mjs"", ""submodules/create-yss-strategic-design/template/scripts/verify-business-language-scenarios"", ""submodules/create-yss-strategic-design/template/scripts/verify-digital-human-roles-scenarios"", ""submodules/create-yss-strategic-design/template/scripts/verify-subagent-task-package-scenarios"", ""submodules/yss-harness-design-agent/scripts/fixtures/user-decision/plan-fixture.mjs"", ""submodules/yss-harness-design-agent/scripts/lib/approval-record.mjs"", ""submodules/yss-harness-design-agent/scripts/lib/digital-human-roles.mjs"", ""submodules/yss-harness-design-agent/scripts/lib/entry-alignment.mjs"", ""submodules/yss-harness-design-agent/scripts/lib/harness-profile.mjs"", ""submodules/yss-harness-design-agent/scripts/lib/instance-distribution.mjs"", ""submodules/yss-harness-design-agent/scripts/lib/lifecycle-context-query.mjs"", ""submodules/yss-harness-design-agent/scripts/lib/plan-spec-entry.mjs"", ""submodules/yss-harness-design-agent/scripts/lib/task-package.mjs"", ""submodules/yss-harness-design-agent/scripts/lib/user-decision.mjs"", ""submodules/yss-harness-design-agent/scripts/node-generate-lifecycle-artifacts.mjs"", ""submodules/yss-harness-design-agent/scripts/node-verify-lifecycle-registry.mjs"", ""submodules/yss-harness-design-agent/scripts/verify-business-language-scenarios"", ""submodules/yss-harness-design-agent/scripts/verify-digital-human-roles-scenarios"", ""submodules/yss-harness-design-agent/scripts/verify-subagent-task-package-scenarios""]","{""scripts/lib/lifecycle-registry.mjs"": ""f3259c44235a2fb7ca9bf9b3999326e6483815e2f8245d52d1dac34f2eb77e33"", ""submodules/yss-harness-design-agent/scripts/lib/lifecycle-registry.mjs"": ""f3259c44235a2fb7ca9bf9b3999326e6483815e2f8245d52d1dac34f2eb77e33""}",[],,"[""submodules/create-yss-spec/template/scripts/lib/lifecycle-registry.mjs"", ""submodules/create-yss-strategic-design/template/scripts/lib/lifecycle-registry.mjs""]",111,82588,logs/validation-after-recovery-0.stdout; runs.jsonl; final-refresh-results.json; distribution-results-corrected.json,采样维护入口调用频次、目录/输入规模后未取得应增加复杂度的独立热点证据；保留现实现。,V8 观察是维护夹具入口频次，非线上调用频率；未观察到的实现未作逐函数性能通过声明。输入尺度详见 report.md。
f346ef52b6b790e37071d691e4a6443ec40f5f070760c8110fa2e8b5646c195e,scripts/lib/strategic-handoff-rules.mjs,True,False,8,8,static-no-confirmed-hotspot,,词法/路径分类，未证明性能正常,按真实调用频率与输入规模采样；有证据再扩大分析,unknown-unless-candidate-explicitly-establishes-source,library,"{""process_spawn"": false, ""tree_io"": false, ""network"": false, ""mutation"": false, ""sleep"": false, ""loop"": true}",manual-candidate-or-automatic-classification-not-function-level-proof,测量后保留,"[""scripts/lib/strategic-handoff-rules.mjs""]","{""scripts/lib/strategic-handoff-rules.mjs"": ""本体共享工具 → sync-strategic-handoff-tools → 四 Harness（backend wire import 适配）→ CLI 快照""}","["".agents/skills/yss-stage-decision/scripts/validate-domain-strategy.mjs"", ""scripts/lib/strategic-handoff.mjs"", ""scripts/verify-strategic-handoff-package-scenarios"", ""submodules/create-yss-harness-dev/template/scripts/lib/strategic-handoff.mjs"", ""submodules/create-yss-harness-dev/template/scripts/verify-strategic-handoff-package-scenarios"", ""submodules/create-yss-spec/template/.agents/skills/yss-stage-decision/scripts/validate-domain-strategy.mjs"", ""submodules/create-yss-spec/template/scripts/lib/strategic-handoff.mjs"", ""submodules/create-yss-spec/template/scripts/verify-strategic-handoff-package-scenarios"", ""submodules/create-yss-strategic-design/template/.agents/skills/yss-stage-decision/scripts/validate-domain-strategy.mjs"", ""submodules/create-yss-strategic-design/template/scripts/lib/strategic-handoff.mjs"", ""submodules/create-yss-strategic-design/template/scripts/verify-strategic-handoff-package-scenarios"", ""submodules/yss-harness-backend-agent/scripts/lib/strategic-handoff.mjs"", ""submodules/yss-harness-backend-agent/scripts/verify-strategic-handoff-package-scenarios"", ""submodules/yss-harness-design-agent/.agents/skills/yss-stage-decision/scripts/validate-domain-strategy.mjs"", ""submodules/yss-harness-design-agent/scripts/lib/strategic-handoff.mjs"", ""submodules/yss-harness-design-agent/scripts/verify-strategic-handoff-package-scenarios"", ""submodules/yss-harness-dev-agent/scripts/lib/strategic-handoff.mjs"", ""submodules/yss-harness-dev-agent/scripts/verify-strategic-handoff-package-scenarios"", ""submodules/yss-harness-frontend-agent/scripts/lib/strategic-handoff.mjs"", ""submodules/yss-harness-frontend-agent/scripts/verify-strategic-handoff-package-scenarios""]","{""scripts/lib/strategic-handoff-rules.mjs"": ""f346ef52b6b790e37071d691e4a6443ec40f5f070760c8110fa2e8b5646c195e""}",[],,"[""submodules/create-yss-harness-dev/template/scripts/lib/strategic-handoff-rules.mjs"", ""submodules/create-yss-spec/template/scripts/lib/strategic-handoff-rules.mjs"", ""submodules/create-yss-strategic-design/template/scripts/lib/strategic-handoff-rules.mjs"", ""submodules/yss-harness-backend-agent/scripts/lib/strategic-handoff-rules.mjs"", ""submodules/yss-harness-design-agent/scripts/lib/strategic-handoff-rules.mjs"", ""submodules/yss-harness-dev-agent/scripts/lib/strategic-handoff-rules.mjs"", ""submodules/yss-harness-frontend-agent/scripts/lib/strategic-handoff-rules.mjs""]",21,3347,logs/validation-after-recovery-0.stdout; runs.jsonl; final-refresh-results.json; distribution-results-corrected.json,采样维护入口调用频次、目录/输入规模后未取得应增加复杂度的独立热点证据；保留现实现。,V8 观察是维护夹具入口频次，非线上调用频率；未观察到的实现未作逐函数性能通过声明。输入尺度详见 report.md。
f4c1032cb768cb58656174579672086b5679ec4bc866001a9b5c977c831f0eda,scripts/verify-scaffold-generator-scenarios,True,False,2,2,candidate,P10,直接引用源码已人工核对,见关联候选验证设计,unknown-unless-candidate-explicitly-establishes-source,cli,"{""process_spawn"": true, ""tree_io"": true, ""network"": true, ""mutation"": true, ""sleep"": false, ""loop"": true}",manual-candidate-or-automatic-classification-not-function-level-proof,测量后保留,"[""scripts/verify-scaffold-generator-scenarios""]","{""scripts/verify-scaffold-generator-scenarios"": ""本体脚本权威；通过本体 CLI manifest/sync-template 分发；入口由完整核验 profile 选择""}","[""scripts/verify-template-verification-scenarios"", ""submodules/create-yss-spec/template/scripts/verify-template-verification-scenarios""]","{""scripts/verify-scaffold-generator-scenarios"": ""f4c1032cb768cb58656174579672086b5679ec4bc866001a9b5c977c831f0eda""}",[],P10,"[""submodules/create-yss-spec/template/scripts/verify-scaffold-generator-scenarios""]",0,0,logs/validation-after-recovery-0.stdout; runs.jsonl; final-refresh-results.json; distribution-results-corrected.json,采样维护入口调用频次、目录/输入规模后未取得应增加复杂度的独立热点证据；保留现实现。 未取得可绑定此 SHA 的 V8 加载样本；临时模块可能已随夹具清理，不能把缺少可绑定样本解释成线上零调用或性能正常。,V8 观察是维护夹具入口频次，非线上调用频率；未观察到的实现未作逐函数性能通过声明。输入尺度详见 report.md。
f62802f3c7f256a89adb0808aea068bcb06a2e92bcd02f2f9b9da7e71bf06f22,scripts/lib/context-contract.mjs,True,False,8,8,candidate,P02,直接引用源码已人工核对,见关联候选验证设计,unknown-unless-candidate-explicitly-establishes-source,library,"{""process_spawn"": false, ""tree_io"": true, ""network"": false, ""mutation"": false, ""sleep"": false, ""loop"": true}",manual-candidate-or-automatic-classification-not-function-level-proof,测量后保留,"[""scripts/lib/context-contract.mjs""]","{""scripts/lib/context-contract.mjs"": ""本体共享工具 → sync-strategic-handoff-tools → 四 Harness（backend wire import 适配）→ CLI 快照""}","["".agents/skills/yss-stage-decision/scripts/migrate-context-references.mjs"", "".agents/skills/yss-stage-decision/scripts/validate-domain-strategy.mjs"", "".agents/skills/yss-stage-decision/scripts/validate-stage-decision-package.mjs"", ""scripts/fixtures/strategic-handoff/fixture.mjs"", ""scripts/fixtures/user-decision/plan-fixture.mjs"", ""scripts/lib/strategic-handoff-consumption.mjs"", ""scripts/lib/strategic-handoff.mjs"", ""scripts/sync-strategic-handoff-tools"", ""scripts/verify-context-contract"", ""scripts/verify-context-reconciliation"", ""scripts/verify-strategic-context-import"", ""scripts/verify-strategic-handoff-package-scenarios"", ""submodules/create-yss-harness-dev/template/scripts/fixtures/strategic-handoff/fixture.mjs"", ""submodules/create-yss-harness-dev/template/scripts/lib/strategic-handoff-consumption.mjs"", ""submodules/create-yss-harness-dev/template/scripts/lib/strategic-handoff.mjs"", ""submodules/create-yss-harness-dev/template/scripts/verify-context-contract"", ""submodules/create-yss-harness-dev/template/scripts/verify-context-reconciliation"", ""submodules/create-yss-harness-dev/template/scripts/verify-strategic-context-import"", ""submodules/create-yss-harness-dev/template/scripts/verify-strategic-handoff-package-scenarios"", ""submodules/create-yss-spec/template/.agents/skills/yss-stage-decision/scripts/migrate-context-references.mjs"", ""submodules/create-yss-spec/template/.agents/skills/yss-stage-decision/scripts/validate-domain-strategy.mjs"", ""submodules/create-yss-spec/template/.agents/skills/yss-stage-decision/scripts/validate-stage-decision-package.mjs"", ""submodules/create-yss-spec/template/scripts/fixtures/strategic-handoff/fixture.mjs"", ""submodules/create-yss-spec/template/scripts/fixtures/user-decision/plan-fixture.mjs"", ""submodules/create-yss-spec/template/scripts/lib/strategic-handoff-consumption.mjs"", ""submodules/create-yss-spec/template/scripts/lib/strategic-handoff.mjs"", ""submodules/create-yss-spec/template/scripts/sync-strategic-handoff-tools"", ""submodules/create-yss-spec/template/scripts/verify-context-contract"", ""submodules/create-yss-spec/template/scripts/verify-context-reconciliation"", ""submodules/create-yss-spec/template/scripts/verify-strategic-context-import"", ""submodules/create-yss-spec/template/scripts/verify-strategic-handoff-package-scenarios"", ""submodules/create-yss-strategic-design/template/.agents/skills/yss-stage-decision/scripts/migrate-context-references.mjs"", ""submodules/create-yss-strategic-design/template/.agents/skills/yss-stage-decision/scripts/validate-domain-strategy.mjs"", ""submodules/create-yss-strategic-design/template/.agents/skills/yss-stage-decision/scripts/validate-stage-decision-package.mjs"", ""submodules/create-yss-strategic-design/template/scripts/fixtures/strategic-handoff/fixture.mjs"", ""submodules/create-yss-strategic-design/template/scripts/fixtures/user-decision/plan-fixture.mjs"", ""submodules/create-yss-strategic-design/template/scripts/lib/strategic-handoff-consumption.mjs"", ""submodules/create-yss-strategic-design/template/scripts/lib/strategic-handoff.mjs"", ""submodules/create-yss-strategic-design/template/scripts/verify-context-contract"", ""submodules/create-yss-strategic-design/template/scripts/verify-context-reconciliation"", ""submodules/create-yss-strategic-design/template/scripts/verify-strategic-context-import"", ""submodules/create-yss-strategic-design/template/scripts/verify-strategic-design-handoff"", ""submodules/create-yss-strategic-design/template/scripts/verify-strategic-handoff-package-scenarios"", ""submodules/yss-harness-backend-agent/scripts/fixtures/strategic-handoff/fixture.mjs"", ""submodules/yss-harness-backend-agent/scripts/lib/strategic-handoff-consumption.mjs"", ""submodules/yss-harness-backend-agent/scripts/lib/strategic-handoff.mjs"", ""submodules/yss-harness-backend-agent/scripts/verify-context-contract"", ""submodules/yss-harness-backend-agent/scripts/verify-context-reconciliation"", ""submodules/yss-harness-backend-agent/scripts/verify-strategic-context-import"", ""submodules/yss-harness-backend-agent/scripts/verify-strategic-handoff-package-scenarios"", ""submodules/yss-harness-design-agent/.agents/skills/yss-stage-decision/scripts/migrate-context-references.mjs"", ""submodules/yss-harness-design-agent/.agents/skills/yss-stage-decision/scripts/validate-domain-strategy.mjs"", ""submodules/yss-harness-design-agent/.agents/skills/yss-stage-decision/scripts/validate-stage-decision-package.mjs"", ""submodules/yss-harness-design-agent/scripts/fixtures/strategic-handoff/fixture.mjs"", ""submodules/yss-harness-design-agent/scripts/fixtures/user-decision/plan-fixture.mjs"", ""submodules/yss-harness-design-agent/scripts/lib/strategic-handoff-consumption.mjs"", ""submodules/yss-harness-design-agent/scripts/lib/strategic-handoff.mjs"", ""submodules/yss-harness-design-agent/scripts/verify-context-contract"", ""submodules/yss-harness-design-agent/scripts/verify-context-reconciliation"", ""submodules/yss-harness-design-agent/scripts/verify-strategic-context-import"", ""submodules/yss-harness-design-agent/scripts/verify-strategic-design-handoff"", ""submodules/yss-harness-design-agent/scripts/verify-strategic-handoff-package-scenarios"", ""submodules/yss-harness-dev-agent/scripts/fixtures/strategic-handoff/fixture.mjs"", ""submodules/yss-harness-dev-agent/scripts/lib/strategic-handoff-consumption.mjs"", ""submodules/yss-harness-dev-agent/scripts/lib/strategic-handoff.mjs"", ""submodules/yss-harness-dev-agent/scripts/verify-context-contract"", ""submodules/yss-harness-dev-agent/scripts/verify-context-reconciliation"", ""submodules/yss-harness-dev-agent/scripts/verify-strategic-context-import"", ""submodules/yss-harness-dev-agent/scripts/verify-strategic-handoff-package-scenarios"", ""submodules/yss-harness-frontend-agent/scripts/fixtures/strategic-handoff/fixture.mjs"", ""submodules/yss-harness-frontend-agent/scripts/lib/strategic-handoff-consumption.mjs"", ""submodules/yss-harness-frontend-agent/scripts/lib/strategic-handoff.mjs"", ""submodules/yss-harness-frontend-agent/scripts/verify-context-contract"", ""submodules/yss-harness-frontend-agent/scripts/verify-context-reconciliation"", ""submodules/yss-harness-frontend-agent/scripts/verify-strategic-context-import"", ""submodules/yss-harness-frontend-agent/scripts/verify-strategic-handoff-package-scenarios""]","{""scripts/lib/context-contract.mjs"": ""f62802f3c7f256a89adb0808aea068bcb06a2e92bcd02f2f9b9da7e71bf06f22""}",[],P02,"[""submodules/create-yss-harness-dev/template/scripts/lib/context-contract.mjs"", ""submodules/create-yss-spec/template/scripts/lib/context-contract.mjs"", ""submodules/create-yss-strategic-design/template/scripts/lib/context-contract.mjs"", ""submodules/yss-harness-backend-agent/scripts/lib/context-contract.mjs"", ""submodules/yss-harness-design-agent/scripts/lib/context-contract.mjs"", ""submodules/yss-harness-dev-agent/scripts/lib/context-contract.mjs"", ""submodules/yss-harness-frontend-agent/scripts/lib/context-contract.mjs""]",105,53576,logs/validation-after-recovery-0.stdout; runs.jsonl; final-refresh-results.json; distribution-results-corrected.json,采样维护入口调用频次、目录/输入规模后未取得应增加复杂度的独立热点证据；保留现实现。,V8 观察是维护夹具入口频次，非线上调用频率；未观察到的实现未作逐函数性能通过声明。输入尺度详见 report.md。
f66ed2717e2e10a4de04285e97d90c24a0db41fd3d59538f2ea2eae664352d74,submodules/yss-harness-design-agent/scripts/verify-template-verification-scenarios,True,False,2,2,fixture-test-only,,断言/回归入口；是否启动真实环境需沿callee区分,隔离执行对应测试，区分mock/真实构建/外部资源,unknown-unless-candidate-explicitly-establishes-source,cli,"{""process_spawn"": false, ""tree_io"": false, ""network"": false, ""mutation"": false, ""sleep"": false, ""loop"": false}",manual-candidate-or-automatic-classification-not-function-level-proof,测量后保留,"[""submodules/yss-harness-design-agent/scripts/verify-template-verification-scenarios""]","{""submodules/yss-harness-design-agent/scripts/verify-template-verification-scenarios"": ""所属 Harness 持有 profile 变体；仅移植已核对的性能变更 → 所属 CLI sync-template""}","[""submodules/create-yss-strategic-design/template/scripts/verify-template-verification-scenarios"", ""submodules/yss-harness-design-agent/scripts/verify-template-verification-scenarios""]","{""submodules/yss-harness-design-agent/scripts/verify-template-verification-scenarios"": ""f66ed2717e2e10a4de04285e97d90c24a0db41fd3d59538f2ea2eae664352d74""}",[],,"[""submodules/create-yss-strategic-design/template/scripts/verify-template-verification-scenarios""]",0,0,logs/validation-after-recovery-0.stdout; runs.jsonl; final-refresh-results.json; distribution-results-corrected.json,采样维护入口调用频次、目录/输入规模后未取得应增加复杂度的独立热点证据；保留现实现。 未取得可绑定此 SHA 的 V8 加载样本；临时模块可能已随夹具清理，不能把缺少可绑定样本解释成线上零调用或性能正常。,V8 观察是维护夹具入口频次，非线上调用频率；未观察到的实现未作逐函数性能通过声明。输入尺度详见 report.md。
f7e25b9c1a41ca809b2d620b277e1b3cc633e6b26bc69773a005598c3cde1aa1,scripts/verify-frontend-scaffold-generator-scenarios,True,False,2,2,fixture-test-only,,断言/回归入口；是否启动真实环境需沿callee区分,隔离执行对应测试，区分mock/真实构建/外部资源,unknown-unless-candidate-explicitly-establishes-source,wrapper,"{""process_spawn"": false, ""tree_io"": false, ""network"": false, ""mutation"": false, ""sleep"": false, ""loop"": false}",manual-candidate-or-automatic-classification-not-function-level-proof,测量后保留,"[""scripts/verify-frontend-scaffold-generator-scenarios""]","{""scripts/verify-frontend-scaffold-generator-scenarios"": ""本体脚本权威；通过本体 CLI manifest/sync-template 分发；入口由完整核验 profile 选择""}",[],"{""scripts/verify-frontend-scaffold-generator-scenarios"": ""f7e25b9c1a41ca809b2d620b277e1b3cc633e6b26bc69773a005598c3cde1aa1""}",[],,"[""submodules/create-yss-spec/template/scripts/verify-frontend-scaffold-generator-scenarios""]",2,2,logs/validation-after-recovery-0.stdout; runs.jsonl; final-refresh-results.json; distribution-results-corrected.json,采样维护入口调用频次、目录/输入规模后未取得应增加复杂度的独立热点证据；保留现实现。,V8 观察是维护夹具入口频次，非线上调用频率；未观察到的实现未作逐函数性能通过声明。输入尺度详见 report.md。
f84b411ca90a4231883edc2953cdab5e22634c5aec631f5dccd4bd9eac76c63d,submodules/yss-harness-backend-agent/scripts/lib/strategic-handoff.mjs,True,False,1,1,candidate-caller,"P02,P09",命中候选函数/调用链；可能含字符串/注释，非独立瓶颈证明,沿实际调用链归因，见候选设计；不要据regex删除检查,unknown-unless-candidate-explicitly-establishes-source,library,"{""process_spawn"": false, ""tree_io"": true, ""network"": false, ""mutation"": true, ""sleep"": false, ""loop"": true}",manual-candidate-or-automatic-classification-not-function-level-proof,分发副本,[],"{""submodules/yss-harness-backend-agent/scripts/lib/strategic-handoff.mjs"": ""本体 scripts/lib/strategic-handoff.mjs → sync-strategic-handoff-tools → 所属 Harness（backend wire import 适配）→ CLI""}","[""submodules/yss-harness-backend-agent/scripts/lib/backend-delivery.mjs"", ""submodules/yss-harness-backend-agent/scripts/lib/frontend-delivery.mjs"", ""submodules/yss-harness-backend-agent/scripts/lib/strategic-handoff-consumption.mjs"", ""submodules/yss-harness-backend-agent/scripts/strategic-handoff"", ""submodules/yss-harness-backend-agent/scripts/verify-frontend-delivery-scenarios"", ""submodules/yss-harness-backend-agent/scripts/verify-strategic-handoff-package-scenarios""]",{},[],P02;P09,"[""submodules/yss-harness-backend-agent/scripts/lib/strategic-handoff.mjs""]",0,0,logs/validation-after-recovery-0.stdout; runs.jsonl; final-refresh-results.json; distribution-results-corrected.json,保留锁定或 vendor 内容；临时分发生成/消费已核验，正式分发锁未更新。第三方 bundle 未手改。,V8 观察是维护夹具入口频次，非线上调用频率；未观察到的实现未作逐函数性能通过声明。输入尺度详见 report.md。
f9677c2ad79562217721b11ba2107ec10717c0d18b7930d8fe743e6a715e46df,.agents/skills/yss-antdv-next-design/scripts/validate-fact-pack.mjs,True,False,2,8,static-no-confirmed-hotspot,,词法/路径分类，未证明性能正常,按真实调用频率与输入规模采样；有证据再扩大分析,unknown-unless-candidate-explicitly-establishes-source,cli,"{""process_spawn"": false, ""tree_io"": false, ""network"": false, ""mutation"": false, ""sleep"": false, ""loop"": true}",manual-candidate-or-automatic-classification-not-function-level-proof,测量后保留,"["".agents/skills/yss-antdv-next-design/scripts/validate-fact-pack.mjs""]","{"".agents/skills/yss-antdv-next-design/scripts/validate-fact-pack.mjs"": ""所属仓 .agents/skills 权威目录 → update-skill-lock / sync-skills → 所属 CLI sync-template""}","["".agents/skills/yss-antdv-next-design/scripts/collect-antdv-next-facts.mjs"", ""submodules/create-yss-spec/template/.agents/skills/yss-antdv-next-design/scripts/collect-antdv-next-facts.mjs""]","{"".agents/skills/yss-antdv-next-design/scripts/validate-fact-pack.mjs"": ""f9677c2ad79562217721b11ba2107ec10717c0d18b7930d8fe743e6a715e46df""}",[],,"[""submodules/create-yss-spec/template/.agents/skills/yss-antdv-next-design/scripts/validate-fact-pack.mjs""]",1,379,logs/validation-after-recovery-0.stdout; runs.jsonl; final-refresh-results.json; distribution-results-corrected.json,采样维护入口调用频次、目录/输入规模后未取得应增加复杂度的独立热点证据；保留现实现。,V8 观察是维护夹具入口频次，非线上调用频率；未观察到的实现未作逐函数性能通过声明。输入尺度详见 report.md。
f9cdc5769947d65c56067b9933b2d1d9bc06fe9c90d20b6a8ae026f0486c4f05,submodules/yss-harness-dev-agent/scripts/lib/instance-distribution.mjs,True,False,2,2,static-no-confirmed-hotspot,,词法/路径分类，未证明性能正常,按真实调用频率与输入规模采样；有证据再扩大分析,unknown-unless-candidate-explicitly-establishes-source,library,"{""process_spawn"": false, ""tree_io"": false, ""network"": false, ""mutation"": false, ""sleep"": false, ""loop"": true}",manual-candidate-or-automatic-classification-not-function-level-proof,测量后保留,"[""submodules/yss-harness-dev-agent/scripts/lib/instance-distribution.mjs""]","{""submodules/yss-harness-dev-agent/scripts/lib/instance-distribution.mjs"": ""所属 Harness 持有 profile 变体；仅移植已核对的性能变更 → 所属 CLI sync-template""}","[""submodules/create-yss-harness-dev/template/scripts/verify-instance-distribution"", ""submodules/create-yss-harness-dev/template/scripts/verify-instance-distribution-scenarios"", ""submodules/yss-harness-dev-agent/scripts/verify-instance-distribution"", ""submodules/yss-harness-dev-agent/scripts/verify-instance-distribution-scenarios""]","{""submodules/yss-harness-dev-agent/scripts/lib/instance-distribution.mjs"": ""f9cdc5769947d65c56067b9933b2d1d9bc06fe9c90d20b6a8ae026f0486c4f05""}",[],,"[""submodules/create-yss-harness-dev/template/scripts/lib/instance-distribution.mjs""]",0,0,logs/validation-after-recovery-0.stdout; runs.jsonl; final-refresh-results.json; distribution-results-corrected.json,采样维护入口调用频次、目录/输入规模后未取得应增加复杂度的独立热点证据；保留现实现。 未取得可绑定此 SHA 的 V8 加载样本；临时模块可能已随夹具清理，不能把缺少可绑定样本解释成线上零调用或性能正常。,V8 观察是维护夹具入口频次，非线上调用频率；未观察到的实现未作逐函数性能通过声明。输入尺度详见 report.md。
fa2d49c47b833e824ab9e015ec51f41276efa768b5f8149597c7b6b57c77f022,scripts/fixtures/backend-delivery/revision-server.mjs,True,False,6,6,fixture-test-only,,测试数据/服务/生成fixture，非普通产品流转入口,随调用它的场景测fixture准备/清理；不当独立业务基准,unknown-unless-candidate-explicitly-establishes-source,fixture,"{""process_spawn"": false, ""tree_io"": false, ""network"": false, ""mutation"": false, ""sleep"": false, ""loop"": false}",manual-candidate-or-automatic-classification-not-function-level-proof,测量后保留,"[""scripts/fixtures/backend-delivery/revision-server.mjs""]","{""scripts/fixtures/backend-delivery/revision-server.mjs"": ""本体脚本权威；通过本体 CLI manifest/sync-template 分发；入口由完整核验 profile 选择""}","[""scripts/sync-strategic-handoff-tools"", ""scripts/verify-frontend-delivery-scenarios"", ""submodules/create-yss-harness-dev/template/scripts/verify-frontend-delivery-scenarios"", ""submodules/create-yss-spec/template/scripts/sync-strategic-handoff-tools"", ""submodules/create-yss-spec/template/scripts/verify-frontend-delivery-scenarios"", ""submodules/yss-harness-backend-agent/scripts/verify-frontend-delivery-scenarios"", ""submodules/yss-harness-dev-agent/scripts/verify-frontend-delivery-scenarios"", ""submodules/yss-harness-frontend-agent/scripts/verify-frontend-delivery-scenarios""]","{""scripts/fixtures/backend-delivery/revision-server.mjs"": ""fa2d49c47b833e824ab9e015ec51f41276efa768b5f8149597c7b6b57c77f022""}",[],,"[""submodules/create-yss-harness-dev/template/scripts/fixtures/backend-delivery/revision-server.mjs"", ""submodules/create-yss-spec/template/scripts/fixtures/backend-delivery/revision-server.mjs"", ""submodules/yss-harness-backend-agent/scripts/fixtures/backend-delivery/revision-server.mjs"", ""submodules/yss-harness-dev-agent/scripts/fixtures/backend-delivery/revision-server.mjs"", ""submodules/yss-harness-frontend-agent/scripts/fixtures/backend-delivery/revision-server.mjs""]",0,0,logs/validation-after-recovery-0.stdout; runs.jsonl; final-refresh-results.json; distribution-results-corrected.json,采样维护入口调用频次、目录/输入规模后未取得应增加复杂度的独立热点证据；保留现实现。 未取得可绑定此 SHA 的 V8 加载样本；临时模块可能已随夹具清理，不能把缺少可绑定样本解释成线上零调用或性能正常。,V8 观察是维护夹具入口频次，非线上调用频率；未观察到的实现未作逐函数性能通过声明。输入尺度详见 report.md。
fab3e6929f15ea5377c5016c09074ae890dcfb585582161e4bedf330239dc2ee,submodules/yss-harness-design-agent/scripts/lib/skill-registry.mjs,True,False,2,2,static-no-confirmed-hotspot,,词法/路径分类，未证明性能正常,按真实调用频率与输入规模采样；有证据再扩大分析,unknown-unless-candidate-explicitly-establishes-source,library,"{""process_spawn"": false, ""tree_io"": false, ""network"": false, ""mutation"": false, ""sleep"": false, ""loop"": true}",manual-candidate-or-automatic-classification-not-function-level-proof,测量后保留,"[""submodules/yss-harness-design-agent/scripts/lib/skill-registry.mjs""]","{""submodules/yss-harness-design-agent/scripts/lib/skill-registry.mjs"": ""所属 Harness 持有 profile 变体；仅移植已核对的性能变更 → 所属 CLI sync-template""}","[""submodules/create-yss-strategic-design/template/scripts/lib/digital-human-roles.mjs"", ""submodules/create-yss-strategic-design/template/scripts/lib/entry-alignment.mjs"", ""submodules/create-yss-strategic-design/template/scripts/lib/harness-profile.mjs"", ""submodules/create-yss-strategic-design/template/scripts/lib/lifecycle-context-query.mjs"", ""submodules/create-yss-strategic-design/template/scripts/lib/skill-governance.mjs"", ""submodules/create-yss-strategic-design/template/scripts/verify-digital-human-roles-scenarios"", ""submodules/create-yss-strategic-design/template/scripts/verify-skill-registry"", ""submodules/yss-harness-design-agent/scripts/lib/digital-human-roles.mjs"", ""submodules/yss-harness-design-agent/scripts/lib/entry-alignment.mjs"", ""submodules/yss-harness-design-agent/scripts/lib/harness-profile.mjs"", ""submodules/yss-harness-design-agent/scripts/lib/lifecycle-context-query.mjs"", ""submodules/yss-harness-design-agent/scripts/lib/skill-governance.mjs"", ""submodules/yss-harness-design-agent/scripts/verify-digital-human-roles-scenarios"", ""submodules/yss-harness-design-agent/scripts/verify-skill-registry""]","{""submodules/yss-harness-design-agent/scripts/lib/skill-registry.mjs"": ""fab3e6929f15ea5377c5016c09074ae890dcfb585582161e4bedf330239dc2ee""}",[],,"[""submodules/create-yss-strategic-design/template/scripts/lib/skill-registry.mjs""]",0,0,logs/validation-after-recovery-0.stdout; runs.jsonl; final-refresh-results.json; distribution-results-corrected.json,采样维护入口调用频次、目录/输入规模后未取得应增加复杂度的独立热点证据；保留现实现。 未取得可绑定此 SHA 的 V8 加载样本；临时模块可能已随夹具清理，不能把缺少可绑定样本解释成线上零调用或性能正常。,V8 观察是维护夹具入口频次，非线上调用频率；未观察到的实现未作逐函数性能通过声明。输入尺度详见 report.md。
facb6e4cffc7c62e5d711aa6035a5e9086efee0f54f0dc2bd29ef15b63a742ac,.agents/skills/yss-ddd-scaffold-generator/scripts/generate_and_verify_scaffold.mjs,True,False,5,27,candidate-caller,P10,命中候选函数/调用链；可能含字符串/注释，非独立瓶颈证明,沿实际调用链归因，见候选设计；不要据regex删除检查,unknown-unless-candidate-explicitly-establishes-source,cli,"{""process_spawn"": true, ""tree_io"": true, ""network"": false, ""mutation"": true, ""sleep"": false, ""loop"": true}",manual-candidate-or-automatic-classification-not-function-level-proof,测量后保留,"["".agents/skills/yss-ddd-scaffold-generator/scripts/generate_and_verify_scaffold.mjs"", ""submodules/yss-harness-backend-agent/.agents/skills/yss-ddd-scaffold-generator/scripts/generate_and_verify_scaffold.mjs"", ""submodules/yss-harness-dev-agent/.agents/skills/yss-ddd-scaffold-generator/scripts/generate_and_verify_scaffold.mjs""]","{"".agents/skills/yss-ddd-scaffold-generator/scripts/generate_and_verify_scaffold.mjs"": ""所属仓 .agents/skills 权威目录 → update-skill-lock / sync-skills → 所属 CLI sync-template"", ""submodules/yss-harness-backend-agent/.agents/skills/yss-ddd-scaffold-generator/scripts/generate_and_verify_scaffold.mjs"": ""所属仓 .agents/skills 权威目录 → update-skill-lock / sync-skills → 所属 CLI sync-template"", ""submodules/yss-harness-dev-agent/.agents/skills/yss-ddd-scaffold-generator/scripts/generate_and_verify_scaffold.mjs"": ""所属仓 .agents/skills 权威目录 → update-skill-lock / sync-skills → 所属 CLI sync-template""}",[],"{"".agents/skills/yss-ddd-scaffold-generator/scripts/generate_and_verify_scaffold.mjs"": ""facb6e4cffc7c62e5d711aa6035a5e9086efee0f54f0dc2bd29ef15b63a742ac"", ""submodules/yss-harness-backend-agent/.agents/skills/yss-ddd-scaffold-generator/scripts/generate_and_verify_scaffold.mjs"": ""facb6e4cffc7c62e5d711aa6035a5e9086efee0f54f0dc2bd29ef15b63a742ac"", ""submodules/yss-harness-dev-agent/.agents/skills/yss-ddd-scaffold-generator/scripts/generate_and_verify_scaffold.mjs"": ""facb6e4cffc7c62e5d711aa6035a5e9086efee0f54f0dc2bd29ef15b63a742ac""}",[],P10,"[""submodules/create-yss-harness-dev/template/.agents/skills/yss-ddd-scaffold-generator/scripts/generate_and_verify_scaffold.mjs"", ""submodules/create-yss-spec/template/.agents/skills/yss-ddd-scaffold-generator/scripts/generate_and_verify_scaffold.mjs""]",0,0,logs/validation-after-recovery-0.stdout; runs.jsonl; final-refresh-results.json; distribution-results-corrected.json,采样维护入口调用频次、目录/输入规模后未取得应增加复杂度的独立热点证据；保留现实现。 未取得可绑定此 SHA 的 V8 加载样本；临时模块可能已随夹具清理，不能把缺少可绑定样本解释成线上零调用或性能正常。,V8 观察是维护夹具入口频次，非线上调用频率；未观察到的实现未作逐函数性能通过声明。输入尺度详见 report.md。
fba11284ffc0f692bd3cebd8f92e3ad9a112eaa58c98fe46c0b87cafa4b5e952,submodules/yss-harness-backend-agent/scripts/verify-digital-human-roles-scenarios,True,False,1,1,fixture-test-only,,断言/回归入口；是否启动真实环境需沿callee区分,隔离执行对应测试，区分mock/真实构建/外部资源,unknown-unless-candidate-explicitly-establishes-source,cli,"{""process_spawn"": false, ""tree_io"": false, ""network"": false, ""mutation"": false, ""sleep"": false, ""loop"": true}",manual-candidate-or-automatic-classification-not-function-level-proof,测量后保留,"[""submodules/yss-harness-backend-agent/scripts/verify-digital-human-roles-scenarios""]","{""submodules/yss-harness-backend-agent/scripts/verify-digital-human-roles-scenarios"": ""所属 Harness 持有 profile 变体；仅移植已核对的性能变更 → 所属 CLI sync-template""}","[""submodules/yss-harness-backend-agent/scripts/verify-template-verification-scenarios""]","{""submodules/yss-harness-backend-agent/scripts/verify-digital-human-roles-scenarios"": ""fba11284ffc0f692bd3cebd8f92e3ad9a112eaa58c98fe46c0b87cafa4b5e952""}",[],,[],0,0,logs/validation-after-recovery-0.stdout; runs.jsonl; final-refresh-results.json; distribution-results-corrected.json,采样维护入口调用频次、目录/输入规模后未取得应增加复杂度的独立热点证据；保留现实现。 未取得可绑定此 SHA 的 V8 加载样本；临时模块可能已随夹具清理，不能把缺少可绑定样本解释成线上零调用或性能正常。,V8 观察是维护夹具入口频次，非线上调用频率；未观察到的实现未作逐函数性能通过声明。输入尺度详见 report.md。
fc2af1b08b947c0d383a424e13fba455280dc746a97a61837890f485a14e4034,.agents/skills/yss-web-controller/scripts/generate_controller.mjs,True,False,5,19,static-no-confirmed-hotspot,,词法/路径分类，未证明性能正常,按真实调用频率与输入规模采样；有证据再扩大分析,unknown-unless-candidate-explicitly-establishes-source,cli,"{""process_spawn"": false, ""tree_io"": true, ""network"": false, ""mutation"": true, ""sleep"": false, ""loop"": true}",manual-candidate-or-automatic-classification-not-function-level-proof,测量后保留,"["".agents/skills/yss-web-controller/scripts/generate_controller.mjs"", ""submodules/yss-harness-backend-agent/.agents/skills/yss-web-controller/scripts/generate_controller.mjs"", ""submodules/yss-harness-dev-agent/.agents/skills/yss-web-controller/scripts/generate_controller.mjs""]","{"".agents/skills/yss-web-controller/scripts/generate_controller.mjs"": ""所属仓 .agents/skills 权威目录 → update-skill-lock / sync-skills → 所属 CLI sync-template"", ""submodules/yss-harness-backend-agent/.agents/skills/yss-web-controller/scripts/generate_controller.mjs"": ""所属仓 .agents/skills 权威目录 → update-skill-lock / sync-skills → 所属 CLI sync-template"", ""submodules/yss-harness-dev-agent/.agents/skills/yss-web-controller/scripts/generate_controller.mjs"": ""所属仓 .agents/skills 权威目录 → update-skill-lock / sync-skills → 所属 CLI sync-template""}","["".agents/skills/yss-ddd-scaffold-generator/scripts/first-slice-compatibility.test.mjs"", "".agents/skills/yss-web-controller/scripts/generate_controller.test.mjs"", ""submodules/create-yss-harness-dev/template/.agents/skills/yss-ddd-scaffold-generator/scripts/first-slice-compatibility.test.mjs"", ""submodules/create-yss-harness-dev/template/.agents/skills/yss-web-controller/scripts/generate_controller.test.mjs"", ""submodules/create-yss-spec/template/.agents/skills/yss-ddd-scaffold-generator/scripts/first-slice-compatibility.test.mjs"", ""submodules/create-yss-spec/template/.agents/skills/yss-web-controller/scripts/generate_controller.test.mjs"", ""submodules/yss-harness-backend-agent/.agents/skills/yss-ddd-scaffold-generator/scripts/first-slice-compatibility.test.mjs"", ""submodules/yss-harness-backend-agent/.agents/skills/yss-web-controller/scripts/generate_controller.test.mjs"", ""submodules/yss-harness-dev-agent/.agents/skills/yss-ddd-scaffold-generator/scripts/first-slice-compatibility.test.mjs"", ""submodules/yss-harness-dev-agent/.agents/skills/yss-web-controller/scripts/generate_controller.test.mjs""]","{"".agents/skills/yss-web-controller/scripts/generate_controller.mjs"": ""fc2af1b08b947c0d383a424e13fba455280dc746a97a61837890f485a14e4034"", ""submodules/yss-harness-backend-agent/.agents/skills/yss-web-controller/scripts/generate_controller.mjs"": ""fc2af1b08b947c0d383a424e13fba455280dc746a97a61837890f485a14e4034"", ""submodules/yss-harness-dev-agent/.agents/skills/yss-web-controller/scripts/generate_controller.mjs"": ""fc2af1b08b947c0d383a424e13fba455280dc746a97a61837890f485a14e4034""}",[],,"[""submodules/create-yss-harness-dev/template/.agents/skills/yss-web-controller/scripts/generate_controller.mjs"", ""submodules/create-yss-spec/template/.agents/skills/yss-web-controller/scripts/generate_controller.mjs""]",0,0,logs/validation-after-recovery-0.stdout; runs.jsonl; final-refresh-results.json; distribution-results-corrected.json,采样维护入口调用频次、目录/输入规模后未取得应增加复杂度的独立热点证据；保留现实现。 未取得可绑定此 SHA 的 V8 加载样本；临时模块可能已随夹具清理，不能把缺少可绑定样本解释成线上零调用或性能正常。,V8 观察是维护夹具入口频次，非线上调用频率；未观察到的实现未作逐函数性能通过声明。输入尺度详见 report.md。
fd4a9194589490076f824669fea55681c669d8d0fbf4d10f2508968364eb89e8,.agents/skills/llm-wiki/scripts/inventory.mjs,True,False,8,34,static-no-confirmed-hotspot,,已核对本地manifest/wiki读取与hash，非默认Plan流转；按wiki页面/文件规模再采样,只读源码抽样核对；隔离真实输入计时；若关联候选则采用其验证设计,unknown-unless-candidate-explicitly-establishes-source,cli,"{""process_spawn"": true, ""tree_io"": false, ""network"": false, ""mutation"": true, ""sleep"": false, ""loop"": true}",manual-candidate-or-automatic-classification-not-function-level-proof,测量后保留,"["".agents/skills/llm-wiki/scripts/inventory.mjs"", ""submodules/yss-harness-backend-agent/.agents/skills/llm-wiki/scripts/inventory.mjs"", ""submodules/yss-harness-design-agent/.agents/skills/llm-wiki/scripts/inventory.mjs"", ""submodules/yss-harness-dev-agent/.agents/skills/llm-wiki/scripts/inventory.mjs"", ""submodules/yss-harness-frontend-agent/.agents/skills/llm-wiki/scripts/inventory.mjs""]","{"".agents/skills/llm-wiki/scripts/inventory.mjs"": ""所属仓 .agents/skills 权威目录 → update-skill-lock / sync-skills → 所属 CLI sync-template"", ""submodules/yss-harness-backend-agent/.agents/skills/llm-wiki/scripts/inventory.mjs"": ""所属仓 .agents/skills 权威目录 → update-skill-lock / sync-skills → 所属 CLI sync-template"", ""submodules/yss-harness-design-agent/.agents/skills/llm-wiki/scripts/inventory.mjs"": ""所属仓 .agents/skills 权威目录 → update-skill-lock / sync-skills → 所属 CLI sync-template"", ""submodules/yss-harness-dev-agent/.agents/skills/llm-wiki/scripts/inventory.mjs"": ""所属仓 .agents/skills 权威目录 → update-skill-lock / sync-skills → 所属 CLI sync-template"", ""submodules/yss-harness-frontend-agent/.agents/skills/llm-wiki/scripts/inventory.mjs"": ""所属仓 .agents/skills 权威目录 → update-skill-lock / sync-skills → 所属 CLI sync-template""}","["".agents/skills/llm-wiki/scripts/advise.mjs"", "".agents/skills/llm-wiki/scripts/advise.test.mjs"", "".agents/skills/llm-wiki/scripts/inventory.test.mjs"", "".agents/skills/llm-wiki/scripts/lint-wikilinks.mjs"", "".agents/skills/llm-wiki/scripts/lint-wikilinks.test.mjs"", ""submodules/create-yss-harness-dev/template/.agents/skills/llm-wiki/scripts/advise.mjs"", ""submodules/create-yss-harness-dev/template/.agents/skills/llm-wiki/scripts/advise.test.mjs"", ""submodules/create-yss-harness-dev/template/.agents/skills/llm-wiki/scripts/inventory.test.mjs"", ""submodules/create-yss-harness-dev/template/.agents/skills/llm-wiki/scripts/lint-wikilinks.mjs"", ""submodules/create-yss-harness-dev/template/.agents/skills/llm-wiki/scripts/lint-wikilinks.test.mjs"", ""submodules/create-yss-spec/template/.agents/skills/llm-wiki/scripts/advise.mjs"", ""submodules/create-yss-spec/template/.agents/skills/llm-wiki/scripts/advise.test.mjs"", ""submodules/create-yss-spec/template/.agents/skills/llm-wiki/scripts/inventory.test.mjs"", ""submodules/create-yss-spec/template/.agents/skills/llm-wiki/scripts/lint-wikilinks.mjs"", ""submodules/create-yss-spec/template/.agents/skills/llm-wiki/scripts/lint-wikilinks.test.mjs"", ""submodules/create-yss-strategic-design/template/.agents/skills/llm-wiki/scripts/advise.mjs"", ""submodules/create-yss-strategic-design/template/.agents/skills/llm-wiki/scripts/advise.test.mjs"", ""submodules/create-yss-strategic-design/template/.agents/skills/llm-wiki/scripts/inventory.test.mjs"", ""submodules/create-yss-strategic-design/template/.agents/skills/llm-wiki/scripts/lint-wikilinks.mjs"", ""submodules/create-yss-strategic-design/template/.agents/skills/llm-wiki/scripts/lint-wikilinks.test.mjs"", ""submodules/yss-harness-backend-agent/.agents/skills/llm-wiki/scripts/advise.mjs"", ""submodules/yss-harness-backend-agent/.agents/skills/llm-wiki/scripts/advise.test.mjs"", ""submodules/yss-harness-backend-agent/.agents/skills/llm-wiki/scripts/inventory.test.mjs"", ""submodules/yss-harness-backend-agent/.agents/skills/llm-wiki/scripts/lint-wikilinks.mjs"", ""submodules/yss-harness-backend-agent/.agents/skills/llm-wiki/scripts/lint-wikilinks.test.mjs"", ""submodules/yss-harness-design-agent/.agents/skills/llm-wiki/scripts/advise.mjs"", ""submodules/yss-harness-design-agent/.agents/skills/llm-wiki/scripts/advise.test.mjs"", ""submodules/yss-harness-design-agent/.agents/skills/llm-wiki/scripts/inventory.test.mjs"", ""submodules/yss-harness-design-agent/.agents/skills/llm-wiki/scripts/lint-wikilinks.mjs"", ""submodules/yss-harness-design-agent/.agents/skills/llm-wiki/scripts/lint-wikilinks.test.mjs"", ""submodules/yss-harness-dev-agent/.agents/skills/llm-wiki/scripts/advise.mjs"", ""submodules/yss-harness-dev-agent/.agents/skills/llm-wiki/scripts/advise.test.mjs"", ""submodules/yss-harness-dev-agent/.agents/skills/llm-wiki/scripts/inventory.test.mjs"", ""submodules/yss-harness-dev-agent/.agents/skills/llm-wiki/scripts/lint-wikilinks.mjs"", ""submodules/yss-harness-dev-agent/.agents/skills/llm-wiki/scripts/lint-wikilinks.test.mjs"", ""submodules/yss-harness-frontend-agent/.agents/skills/llm-wiki/scripts/advise.mjs"", ""submodules/yss-harness-frontend-agent/.agents/skills/llm-wiki/scripts/advise.test.mjs"", ""submodules/yss-harness-frontend-agent/.agents/skills/llm-wiki/scripts/inventory.test.mjs"", ""submodules/yss-harness-frontend-agent/.agents/skills/llm-wiki/scripts/lint-wikilinks.mjs"", ""submodules/yss-harness-frontend-agent/.agents/skills/llm-wiki/scripts/lint-wikilinks.test.mjs""]","{"".agents/skills/llm-wiki/scripts/inventory.mjs"": ""fd4a9194589490076f824669fea55681c669d8d0fbf4d10f2508968364eb89e8"", ""submodules/yss-harness-backend-agent/.agents/skills/llm-wiki/scripts/inventory.mjs"": ""fd4a9194589490076f824669fea55681c669d8d0fbf4d10f2508968364eb89e8"", ""submodules/yss-harness-design-agent/.agents/skills/llm-wiki/scripts/inventory.mjs"": ""fd4a9194589490076f824669fea55681c669d8d0fbf4d10f2508968364eb89e8"", ""submodules/yss-harness-dev-agent/.agents/skills/llm-wiki/scripts/inventory.mjs"": ""fd4a9194589490076f824669fea55681c669d8d0fbf4d10f2508968364eb89e8"", ""submodules/yss-harness-frontend-agent/.agents/skills/llm-wiki/scripts/inventory.mjs"": ""fd4a9194589490076f824669fea55681c669d8d0fbf4d10f2508968364eb89e8""}",[],,"[""submodules/create-yss-harness-dev/template/.agents/skills/llm-wiki/scripts/inventory.mjs"", ""submodules/create-yss-spec/template/.agents/skills/llm-wiki/scripts/inventory.mjs"", ""submodules/create-yss-strategic-design/template/.agents/skills/llm-wiki/scripts/inventory.mjs""]",0,0,logs/validation-after-recovery-0.stdout; runs.jsonl; final-refresh-results.json; distribution-results-corrected.json,采样维护入口调用频次、目录/输入规模后未取得应增加复杂度的独立热点证据；保留现实现。 未取得可绑定此 SHA 的 V8 加载样本；临时模块可能已随夹具清理，不能把缺少可绑定样本解释成线上零调用或性能正常。,V8 观察是维护夹具入口频次，非线上调用频率；未观察到的实现未作逐函数性能通过声明。输入尺度详见 report.md。
fe21d079de026cdb990a276c572c4c30020408cd9009c72a827736fc51f02d43,submodules/yss-harness-design-agent/scripts/verify-yss-dto-openapi-profile,True,False,1,1,static-no-confirmed-hotspot,,词法/路径分类，未证明性能正常,按真实调用频率与输入规模采样；有证据再扩大分析,unknown-unless-candidate-explicitly-establishes-source,cli,"{""process_spawn"": false, ""tree_io"": false, ""network"": false, ""mutation"": false, ""sleep"": false, ""loop"": true}",manual-candidate-or-automatic-classification-not-function-level-proof,测量后保留,"[""submodules/yss-harness-design-agent/scripts/verify-yss-dto-openapi-profile""]","{""submodules/yss-harness-design-agent/scripts/verify-yss-dto-openapi-profile"": ""所属 Harness 持有 profile 变体；仅移植已核对的性能变更 → 所属 CLI sync-template""}","[""submodules/yss-harness-design-agent/scripts/lib/scenario-checks.mjs""]","{""submodules/yss-harness-design-agent/scripts/verify-yss-dto-openapi-profile"": ""fe21d079de026cdb990a276c572c4c30020408cd9009c72a827736fc51f02d43""}",[],,[],0,0,logs/validation-after-recovery-0.stdout; runs.jsonl; final-refresh-results.json; distribution-results-corrected.json,采样维护入口调用频次、目录/输入规模后未取得应增加复杂度的独立热点证据；保留现实现。 未取得可绑定此 SHA 的 V8 加载样本；临时模块可能已随夹具清理，不能把缺少可绑定样本解释成线上零调用或性能正常。,V8 观察是维护夹具入口频次，非线上调用频率；未观察到的实现未作逐函数性能通过声明。输入尺度详见 report.md。
fe43c921a7d10b88ee9a389fcb30becfc11744050d0ceb760f1ab0e292f917a3,.agents/skills/yss-tactical-design/scripts/validate-tactical-design.mjs,True,False,5,17,static-no-confirmed-hotspot,,词法/路径分类，未证明性能正常,按真实调用频率与输入规模采样；有证据再扩大分析,unknown-unless-candidate-explicitly-establishes-source,cli,"{""process_spawn"": false, ""tree_io"": false, ""network"": false, ""mutation"": false, ""sleep"": false, ""loop"": true}",manual-candidate-or-automatic-classification-not-function-level-proof,测量后保留,"["".agents/skills/yss-tactical-design/scripts/validate-tactical-design.mjs"", ""submodules/yss-harness-backend-agent/.agents/skills/yss-tactical-design/scripts/validate-tactical-design.mjs"", ""submodules/yss-harness-dev-agent/.agents/skills/yss-tactical-design/scripts/validate-tactical-design.mjs""]","{"".agents/skills/yss-tactical-design/scripts/validate-tactical-design.mjs"": ""所属仓 .agents/skills 权威目录 → update-skill-lock / sync-skills → 所属 CLI sync-template"", ""submodules/yss-harness-backend-agent/.agents/skills/yss-tactical-design/scripts/validate-tactical-design.mjs"": ""所属仓 .agents/skills 权威目录 → update-skill-lock / sync-skills → 所属 CLI sync-template"", ""submodules/yss-harness-dev-agent/.agents/skills/yss-tactical-design/scripts/validate-tactical-design.mjs"": ""所属仓 .agents/skills 权威目录 → update-skill-lock / sync-skills → 所属 CLI sync-template""}","["".agents/skills/yss-technical-design/scripts/validate-technical-design.mjs"", "".template-source/scripts/verify-strategic-handoff-distribution.mjs"", ""scripts/verify-template-verification-scenarios"", ""submodules/create-yss-harness-dev/template/.agents/skills/yss-technical-design/scripts/validate-technical-design.mjs"", ""submodules/create-yss-harness-dev/template/scripts/verify-template-verification-scenarios"", ""submodules/create-yss-spec/template/.agents/skills/yss-technical-design/scripts/validate-technical-design.mjs"", ""submodules/create-yss-spec/template/scripts/verify-template-verification-scenarios"", ""submodules/yss-harness-backend-agent/.agents/skills/yss-technical-design/scripts/validate-technical-design.mjs"", ""submodules/yss-harness-backend-agent/scripts/verify-template-verification-scenarios"", ""submodules/yss-harness-dev-agent/.agents/skills/yss-technical-design/scripts/validate-technical-design.mjs"", ""submodules/yss-harness-dev-agent/scripts/verify-template-verification-scenarios""]","{"".agents/skills/yss-tactical-design/scripts/validate-tactical-design.mjs"": ""fe43c921a7d10b88ee9a389fcb30becfc11744050d0ceb760f1ab0e292f917a3"", ""submodules/yss-harness-backend-agent/.agents/skills/yss-tactical-design/scripts/validate-tactical-design.mjs"": ""fe43c921a7d10b88ee9a389fcb30becfc11744050d0ceb760f1ab0e292f917a3"", ""submodules/yss-harness-dev-agent/.agents/skills/yss-tactical-design/scripts/validate-tactical-design.mjs"": ""fe43c921a7d10b88ee9a389fcb30becfc11744050d0ceb760f1ab0e292f917a3""}",[],,"[""submodules/create-yss-harness-dev/template/.agents/skills/yss-tactical-design/scripts/validate-tactical-design.mjs"", ""submodules/create-yss-spec/template/.agents/skills/yss-tactical-design/scripts/validate-tactical-design.mjs""]",13,3350,logs/validation-after-recovery-0.stdout; runs.jsonl; final-refresh-results.json; distribution-results-corrected.json,采样维护入口调用频次、目录/输入规模后未取得应增加复杂度的独立热点证据；保留现实现。,V8 观察是维护夹具入口频次，非线上调用频率；未观察到的实现未作逐函数性能通过声明。输入尺度详见 report.md。
ff309e2620d0adb490917f3d37e0de465d146cb032081cff09b293dddedc59fa,submodules/create-yss-strategic-design/scripts/sync-template.js,True,False,1,1,candidate-caller,P04,命中候选函数/调用链；可能含字符串/注释，非独立瓶颈证明,沿实际调用链归因，见候选设计；不要据regex删除检查,unknown-unless-candidate-explicitly-establishes-source,cli,"{""process_spawn"": true, ""tree_io"": true, ""network"": true, ""mutation"": true, ""sleep"": false, ""loop"": true}",manual-candidate-or-automatic-classification-not-function-level-proof,测量后保留,"[""submodules/create-yss-strategic-design/scripts/sync-template.js""]","{""submodules/create-yss-strategic-design/scripts/sync-template.js"": ""所属 CLI 自有源码；test:unit / test:prepared / sync-template；不以同名合并来源""}",[],"{""submodules/create-yss-strategic-design/scripts/sync-template.js"": ""ff309e2620d0adb490917f3d37e0de465d146cb032081cff09b293dddedc59fa""}",[],P04,[],0,0,logs/validation-after-recovery-0.stdout; runs.jsonl; final-refresh-results.json; distribution-results-corrected.json,采样维护入口调用频次、目录/输入规模后未取得应增加复杂度的独立热点证据；保留现实现。 未取得可绑定此 SHA 的 V8 加载样本；临时模块可能已随夹具清理，不能把缺少可绑定样本解释成线上零调用或性能正常。,V8 观察是维护夹具入口频次，非线上调用频率；未观察到的实现未作逐函数性能通过声明。输入尺度详见 report.md。
